record_scope,clinic_key,clinic_case_seq,clinic_case_key,clinic_id,clinic_name,customer_code,clinic_total_cases,clinic_open_cases,case_id,issue_category,issue_subtype_auto,issue_subtype_label_auto,issue_key_raw,date_start_kst,date_end_kst,email_count,handoff,status_original,roles_raw,auto_issue_summary,auto_issue_detail,auto_latest_action,auto_resolution_signal,auto_resolution_confidence,auto_issue_evidence_excerpt,auto_latest_evidence_excerpt,auto_gt_gap_reason,annotation_priority,gt_problem_summary,gt_root_cause,gt_resolution_action,gt_resolution_result,gt_customer_reply,gt_preventive_action,gt_tags,gt_use_for_rag,gt_confidence,gt_note
clinic_case,10305,1,10305-001,cust:10305,두리이비인후과,10305,1,1,91efcb8b85514e6f5638f2942712b284e999f28e,hardware,payment_card_reader,카드결제/리더기,[통화요청] 키오스크 H/W 통화 요청의 件,2025-11-15 10:50,2025-11-19 15:24,5,TRUE,in_progress,"{""distributor"": 4, ""ubcare"": 1}",[카드결제/리더기] 키오스크 단말기가 카드 인식을 못한다고 합니다 최신 대응: 금일 카드리더기 교체 진행하였습니다,키오스크 단말기가 카드 인식을 못한다고 합니다,금일 카드리더기 교체 진행하였습니다,in_progress,low,안녕하세요 유비케어 병원고객팀 유맑은샘입니다 . 키오스크 문의내역 전달드립니다 . 구분 내용 고객정보 상호명 두리이비인후과 고객명 김은석 요양기관기호 34332766 문의자 이름 접수실 선생님 연락 받으실 번호 [PHONE_REDACTED] 문의 내용 및 요청사항 - 이슈: 키오스크 단말기가 카드 인식을 못한다고 합니다. 결제시 ic칩도 안되고 마그네틱으로도 읽지 못한다고 단말기 점검 요청하셨습니다 . 금일 토요일이라 월요일 연락 가실 것 안내 드렸으나 내일도 진료를 해서 오늘 확인되면 해달라고 부탁하셨습니다. 확인부탁드립니다,안녕하세요. 에이치앤아이디지탈 김하은입니다. 금일 카드리더기 교체 진행하였습니다,최종 상태가 resolved가 아님; 최종 조치 정보가 짧음,medium,"모든 카드에 ""마그네틱으로 긁어달라"" 는 문구 노출되며 마그네틱 결제만 가능한 상태",카드단말기 고장,HNID 이관 및 카드리더기 교체,resolved,,,,,,
clinic_case,116916,1,116916-001,cust:116916,서초성모정형외과,116916,2,0,5af95f447e06d91904318c99e164ec3bf61ebf55,hardware,payment_card_reader,카드결제/리더기,[통화요청] 키오스크 H/W 통화 요청의 件,2025-04-23 11:43,2025-04-24 15:18,3,TRUE,resolved,"{""distributor"": 2, ""ubcare"": 1}","[카드결제/리더기] 하프 키오스크 이용중인 고객분으로 모든 환자의 카드 수납 시 사용할 수 없는 카드라고 나오고 있어 문의 주셨습니다. 의사랑 프로그램 내 요양기관정보, 관리자 정보 값은 정상적으로 입력되어 있음을 확인하였습니다. 스마트로 단말기랑 세팅 되어 있으며, v-cat 프로그램에서 하드웨어 자동 검색 기능을 눌렀을 때 설정 가능한 카드 단말기가 검색되지 않는다는 팝업이 발생하고 있어 키오스크 재부팅도 최신 대응: 금일 제조사 엔지니어 점검 결과, 카드리더기 고장으로 판단되어 리더기 교체 진행하였습니다 / 참고 부탁드립니다","하프 키오스크 이용중인 고객분으로 모든 환자의 카드 수납 시 사용할 수 없는 카드라고 나오고 있어 문의 주셨습니다. 의사랑 프로그램 내 요양기관정보, 관리자 정보 값은 정상적으로 입력되어 있음을 확인하였습니다. 스마트로 단말기랑 세팅 되어 있으며, v-cat 프로그램에서 하드웨어 자동 검색 기능을 눌렀을 때 설정 가능한 카드 단말기가 검색되지 않는다는 팝업이 발생하고 있어 키오스크 재부팅도","금일 제조사 엔지니어 점검 결과, 카드리더기 고장으로 판단되어 리더기 교체 진행하였습니다 / 참고 부탁드립니다",resolved,high,"안녕하세요 . 유비케어 병원고객팀 이철호매니저 입니다 . 키오스크 HW 점검요청 드립니다 . 구분 내용 고객정보 상호명 서초성모정형외과 고객명 강현택 요양기관기호 12356581 문의자 이름 원무과 선생님 연락 받으실 번호 [PHONE_REDACTED] 문의 내용 및 요청사항 하프 키오스크 이용중인 고객분으로 모든 환자의 카드 수납 시 사용할 수 없는 카드라고 나오고 있어 문의 주셨습니다 . 의사랑 프로그램 내 요양기관정보, 관리자 정보 값은 정상적으로 입력되어 있음을 확인하였습니다 . 스마트로 단말기랑 세팅 되어 있으며, v-cat 프로그램에서 하드웨어 자동 검색 기능을 눌렀을 때 설정 가능한 카드 단말기가 검색되지 않는다는 팝업이 발생하고 있어 키오스크 재부팅도 진행해보았으나 개선되지 않고 있습니다 . 단말기 케이블 연결 상태 등 점검이 필요해 보여 전달 드립니다 . 해당 내역으로 확인 부탁","안녕하세요 에이치앤아이디지탈 김유미입니다. 금일 제조사 엔지니어 점검 결과, 카드리더기 고장으로 판단되어 리더기 교체 진행하였습니다. 참고 부탁드립니다",GT 보강 시 재사용 가능,low,하프 키오스크 모든 결제건에 사용할 수 없는 카드 표시가 뜸,카드단말기 고장,HNID 이관 및 카드리더기 교체,resolved,,,,,,
clinic_case,116916,2,116916-002,cust:116916,서초성모정형외과,116916,2,0,ab227032b4961ac617a53815dfcd796928681c18,hardware,setup_configuration,설치/설정,[통화요청] 키오스크 H/W 통화 요청의 件,2025-05-19 14:42,2025-06-02 13:27,6,TRUE,resolved,"{""distributor"": 5, ""ubcare"": 1}","[설치/설정] 하여, 금번 전원 이슈에 대해 셋탑 문제일 가능성은 적어 보이며, 의원에서 전원 스위치를 눌러도 반응이 없다고 하여 전원 스위치 불량으로 예상하는 바입니다 최신 대응: 금일 제조사 엔지니어 방문하여 조치 완료하였습니다 / 점검 결과, 지난 5/20(화) 화면 패널 교체 이후 전원 스위치 위치가 다소 어긋나 있어 조정이 필요한 점 확인하였습니다","하여, 금번 전원 이슈에 대해 셋탑 문제일 가능성은 적어 보이며, 의원에서 전원 스위치를 눌러도 반응이 없다고 하여 전원 스위치 불량으로 예상하는 바입니다","금일 제조사 엔지니어 방문하여 조치 완료하였습니다 / 점검 결과, 지난 5/20(화) 화면 패널 교체 이후 전원 스위치 위치가 다소 어긋나 있어 조정이 필요한 점 확인하였습니다",resolved,high,"안녕하세요. 에이치앤아이디지탈 김하은입니다. 자세한 증상 확인을 위해 원무과 직원분께 연락하여 사진 요청드렸으나, 현재 키오스크 정상 작동되며, 이전에 찍어둔 사진이 없어 제공이 어렵다고 합니다. 제조사 측에 방문 요청을 해둔 상태이긴 하나, 현재로서는 추정 가능한 고장 부위나 부품이 없어 정확한 원인 파악이 되지 않은 상황으로 이에 따라, 익일까지 증상 재발 여부를 확인한 후 방문 일정 안내드리기로 소통하였습니다. 증상 재발이 되지 않더라도 기본적인 H/W 점검차 방문드릴 예정이기에, 일정 안내는 확정되는대로 재전달드리겠습니다","안녕하세요 에이치앤아이디지탈 김유미입니다. 금일 제조사 엔지니어 방문하여 조치 완료하였습니다. 점검 결과, 지난 5/20(화) 화면 패널 교체 이후 전원 스위치 위치가 다소 어긋나 있어 조정이 필요한 점 확인하였습니다. 하여, 금일 해당 스위치 재장착한 후 정상 작동 확인하였습니다. 참고 부탁드립니다",GT 보강 시 재사용 가능,low,전원 스위치 눌러도 켜지지 않음,전원 스위치 고장 의심,HNID 이관 및 전원스위치 조정,resolved,,,,,,
clinic_case,11979,1,11979-001,cust:11979,박이비인후과,11979,1,0,2289d78b6f2fb9df39f0f837ae158c41ea98e8f4,hardware,payment_cancel_refund,결제취소/중복결제,[통화요청] 키오스크 H/W 통화 요청의 件,2025-07-29 17:52,2025-07-31 09:03,4,TRUE,resolved,"{""ubcare"": 2, ""distributor"": 2}",[결제취소/중복결제] 프린터 용지 걸림 증상으로 출력 불가 최신 대응: 하기 의원 취소 완료되었습니다,프린터 용지 걸림 증상으로 출력 불가,하기 의원 취소 완료되었습니다,resolved,high,"안녕하세요 유비케어 병원고객팀 윤혜수 매니저입니다 . 키오스크 문의내역 전달드립니다 . 구분 내용 고객정보 상호명 박이비인후과 고객명 박형진 요양기관기호 31363679 문의자 이름 의원 직원 연락 받으실 번호 [PHONE_REDACTED] 문의 내용 및 요청사항 - 이슈: 프린터 용지 걸림 증상으로 출력 불가 . 걸린 용지 제거, 롤러 닦아봐도 반복되고 있어 h/w 점검 요청 해당 내역으로 확인 부 탁 드립니다",안녕하세요. 에이치앤아이디지탈 김하은입니다. 하기 의원 취소 완료되었습니다,최종 조치 정보가 짧음,low,용지 걸림 증상,프린터 고장 의심,프린터 고장의심으로 HNID 이관 / 갑자기 정상작동하여 대응 취소,resolved,,,,,,
clinic_case,127389,1,127389-001,cust:127389,서울성모재활의학과의원,127389,1,0,c477080b81e766d74bc801b1db7a6cfb2abdd4db,software,device_power_display,전원/화면,키오스크 SW점검 요청드립니다,2025-06-09 10:51,2025-06-10 14:59,3,TRUE,resolved,"{""ubcare"": 2, ""distributor"": 1}","[전원/화면] 의사랑 프로그램 내에서 ‘접수’, ‘수납’ 버튼을 누르면 화면이 먹통이 되는 현상이 간헐적으로 발생한다고 합니다 최신 대응: 금일 정재원 매니저님께서 공유주신 내용으로, 접수 / 수납 기본설정이 “ 주민등록번호 ” 일때 먹통 현상이 발생 하는 것이라 확인했습니다 / 서울성모재활의학과의 경우 마침 오늘 해당 설정을 “ 주민등록번호 ” 에서 “ 휴대폰번호 ” 로 변경하셨으며, “ 휴대폰번호 ” 로 상태로 계속 사용 시 앞으로 먹통 증상 발생하지 않을 것으로 예상됨을 고객님께 안내드렸습니다","의사랑 프로그램 내에서 ‘접수’, ‘수납’ 버튼을 누르면 화면이 먹통이 되는 현상이 간헐적으로 발생한다고 합니다","금일 정재원 매니저님께서 공유주신 내용으로, 접수 / 수납 기본설정이 “ 주민등록번호 ” 일때 먹통 현상이 발생 하는 것이라 확인했습니다 / 서울성모재활의학과의 경우 마침 오늘 해당 설정을 “ 주민등록번호 ” 에서 “ 휴대폰번호 ” 로 변경하셨으며, “ 휴대폰번호 ” 로 상태로 계속 사용 시 앞으로 먹통 증상 발생하지 않을 것으로 예상됨을 고객님께 안내드렸습니다",resolved,medium,"안녕하세요 에이치앤아이디지탈 김유미입니다. 의사랑 영업 담당자를 통해 저희 쪽으로 직접 인입된 내용이 있어 의원과 통화하였고, 관련 내용 전달드립니다. 의사랑 프로그램 내에서 ‘접수’, ‘수납’ 버튼을 누르면 화면이 먹통이 되는 현상이 간헐적으로 발생한다고 합니다. 의원 관계자에 따르면, 약 일주일 전쯤 의사랑 담당자가 차트 프로그램을 원격으로 재설치 or 업데이트를 진행해주었고, 그 이후부터 프로그램 내 터치가 잘 안 되는 현상이 생기기 시작했다고 합니다. 저희가 확인 차원에서 원격으로 테스트해본 결과, 입력은 정상적으로 잘 작동했습니다. 해당 부분에 대해 SW 측에서도 점검 부탁드립니다","안녕하세요 . 병원고객팀 오창주입니다 . 금일 정재원 매니저님께서 공유주신 내용으로, 접수 / 수납 기본설정이 “ 주민등록번호 ” 일때 먹통 현상이 발생 하는 것이라 확인했습니다 . 서울성모재활의학과의 경우 마침 오늘 해당 설정을 “ 주민등록번호 ” 에서 “ 휴대폰번호 ” 로 변경하셨으며, “ 휴대폰번호 ” 로 상태로 계속 사용 시 앞으로 먹통 증상 발생하지 않을 것으로 예상됨을 고객님께 안내드렸습니다 . 이상입니다",GT 보강 시 재사용 가능,low,SW상 접수/수납 버튼 누르면 간헐적 프리징,"수납 시 개인확인방법이 ""주민등록번호"" 일 경우 간헐적으로 멈춤현상","키오스크 SW 업데이트로 해결, 현재 발생하지 않는 이슈",resolved,,,,,,
clinic_case,127410,1,127410-001,cust:127410,성수성모내과의원,127410,1,0,6662d97de00ac69caf7b80cd18361d2c3cf96aea,hardware,payment_card_reader,카드결제/리더기,[통화요청] 키오스크 H/W 통화 요청의 件,2025-06-19 10:12,2025-06-20 17:00,4,TRUE,resolved,"{""distributor"": 3, ""ubcare"": 1}","[카드결제/리더기] 부터 키오스크에서 수납 시 결제 실패 오류 발생 최신 대응: 금일 제조사 엔지니어가 현장 방문하여 가이드에 따라 멀티패드와 키오스크를 재부팅하였고, 이후 정상 작동되는 점 확인 후 조치 완료하였습니다",부터 키오스크에서 수납 시 결제 실패 오류 발생,"금일 제조사 엔지니어가 현장 방문하여 가이드에 따라 멀티패드와 키오스크를 재부팅하였고, 이후 정상 작동되는 점 확인 후 조치 완료하였습니다",resolved,high,안녕하세요 유비케어 병원고객팀 윤혜수입니다 . 키오스크 문의내역 전달드립니다 . 구분 내용 고객정보 상호명 성수성모내과의원 고객명 성미경 요양기관기호 12359599 문의자 이름 접수실 선생님 연락 받으실 번호 [PHONE_REDACTED] 문의 내용 및 요청사항 - 이슈: 작일 (6/18) 부터 키오스크에서 수납 시 결제 실패 오류 발생 1. Smartro Vcat 에서 보안 리더기 이상 ( 무결성 검증 실패 상태 ) 오류 발생 2. 리더기 정보 확인 실패 및 설정 가능한 단말기가 검색되지 않음 해당 내역으로 확인부 탁드립니다,"안녕하세요 에이치앤아이디지탈 김유미입니다. 금일 제조사 엔지니어가 현장 방문하여 가이드에 따라 멀티패드와 키오스크를 재부팅하였고, 이후 정상 작동되는 점 확인 후 조치 완료하였습니다",GT 보강 시 재사용 가능,low,"하프키오스크 리더기 결제 실패 발생, VCAT에서 무결정 검증 실패 오류 발생",멀티패드 간헐적 오류 혹은 암호화키 깨짐현상,"HNID 이관, 멀티패드 및 키오스크 재부팅하여 정상작동 확인 후 해결",resolved,,,,,,
clinic_case,127520,1,127520-001,cust:127520,연세이비인후과의원,127520,1,0,ff38f827a06d31871faeb5dd6d40aca84ce9d3ff,software,payment_card_reader,카드결제/리더기,[통화요청] 키오스크 H/W 통화 요청의 件,2025-05-19 14:05,2025-05-20 13:15,7,TRUE,resolved,"{""ubcare"": 4, ""distributor"": 3}","[카드결제/리더기] : 키오스크 수납 시 카드 꽂으면 멈추고 시간 지나면 오디날 오류 뜨면서 먹통된다고 합니다 최신 대응: 금일 제조사 엔지니어 방문하여 점검한 결과, 카드리더기 고장으로 확인되어 리더기 교체 완료하였습니다 / 참고 부탁드립니다",: 키오스크 수납 시 카드 꽂으면 멈추고 시간 지나면 오디날 오류 뜨면서 먹통된다고 합니다,"금일 제조사 엔지니어 방문하여 점검한 결과, 카드리더기 고장으로 확인되어 리더기 교체 완료하였습니다 / 참고 부탁드립니다",resolved,high,"안녕하세요 유비케어 병원고객팀 정주연시니어매니저 입니다 . 키오스크 문의내역 전달드립니다 . 구분 내용 고객정보 상호명 연세이비인후과의원 고객명 최진우 요양기관기호 28321092 문의자 이름 접수실 여자선생님 연락 받으실 번호 [PHONE_REDACTED] 문의 내용 및 요청사항 - 이슈: 키오스크 수납 시 카드 꽂으면 멈추고 시간 지나면 오디날 오류 뜨면서 먹통된다고 합니다. 금일 해당 오류로 세번째 연락주셔서 이전 상담 시 파일 교체 해봤으나 동일하다고 하시며 원격불수긍, 강력하게 키오스크 담당자분이 오셔서 점검 해달라고 요청하시는 상황입니다. 해당 내역으로 확인부 탁드립니다","안녕하세요 에이치앤아이디지탈 김유미입니다. 금일 제조사 엔지니어 방문하여 점검한 결과, 카드리더기 고장으로 확인되어 리더기 교체 완료하였습니다. 참고 부탁드립니다",GT 보강 시 재사용 가능,low,카드 꽂고 시간이 흐르면 오디날 오류가 발생하며 결제 불가,카드리더기 고장 현상,HNID 이관하여 카드리더기 교체하여 해결,resolved,,,,,,
clinic_case,127729,1,127729-001,cust:127729,박상준소아청소년과의원,127729,3,0,4d5f1fbbf022ee42d0a2eac20dea0f8b28840a72,hardware,printer_output,프린터/출력,[통화요청] 키오스크 H/W 통화 요청의 件,2025-04-11 16:34,2025-04-15 17:34,2,TRUE,resolved,"{""distributor"": 2}","[프린터/출력] 점검 결과, 프린터 내부 '피드센서' 부분에 지문 등 오염물이 많이 묻어 센서 인식이 제대로 되지 않아 용지 급지가 안되었던 것으로 확인됐습니다 최신 대응: 점검 결과, 프린터 내부 '피드센서' 부분에 지문 등 오염물이 많이 묻어 센서 인식이 제대로 되지 않아 용지 급지가 안되었던 것으로 확인됐습니다 / 하 여, 부품 교체 없이, 해당 센서 청소 후 정상 작동되도록 수리 완료하셨다고 합니다","점검 결과, 프린터 내부 '피드센서' 부분에 지문 등 오염물이 많이 묻어 센서 인식이 제대로 되지 않아 용지 급지가 안되었던 것으로 확인됐습니다","점검 결과, 프린터 내부 '피드센서' 부분에 지문 등 오염물이 많이 묻어 센서 인식이 제대로 되지 않아 용지 급지가 안되었던 것으로 확인됐습니다 / 하 여, 부품 교체 없이, 해당 센서 청소 후 정상 작동되도록 수리 완료하셨다고 합니다",resolved,high,안녕하세요 에이치앤아이디지탈 김유미입니다. 삼성 엔지니어 4월 21일(월) 오후 방문 예정입니다. 해당 지역 A/S 접수 건이 많아 다소 방문 일정이 늦어지는 점 참고 부탁드립니다. 의원 측에도 일정 관련 내용 안내 완료하였습니다,"안녕하세요 에이치앤아이디지탈 김유미입니다. 해당 의원 삼성 엔지니어 일정이 앞당겨져 금일 방문하였습니다. 점검 결과, 프린터 내부 '피드센서' 부분에 지문 등 오염물이 많이 묻어 센서 인식이 제대로 되지 않아 용지 급지가 안되었던 것으로 확인됐습니다. 하 여, 부품 교체 없이, 해당 센서 청소 후 정상 작동되도록 수리 완료하셨다고 합니다. 참고 부탁드립니다",GT 보강 시 재사용 가능,low,프린터 용지걸림 발생,피드센서 오염,HNID 이관하여 피드센서 청소 후 해결,unresolved,,,,,,
clinic_case,127729,2,127729-002,cust:127729,박상준소아청소년과의원,127729,3,0,066a97aea237e7c1949d6ebcbf4018ccff2dfadd,hardware,printer_output,프린터/출력,[통화요청] 키오스크 H/W 방문 요청 박상준소아청소년과의원,2025-04-18 14:38,2025-04-25 13:28,4,TRUE,resolved,"{""distributor"": 4}","[프린터/출력] 프린터 자체에는 별다른 이상이 없는 것으로 판단되어, 2단 급지대 교체 안내하였습니다 최신 대응: 금일 제조사 엔지니어 방문하여 2단 급지대 교체 완료하였습니다","프린터 자체에는 별다른 이상이 없는 것으로 판단되어, 2단 급지대 교체 안내하였습니다",금일 제조사 엔지니어 방문하여 2단 급지대 교체 완료하였습니다,resolved,high,"안녕하세요 에이치앤아이디지탈 김유미입니다. 해당 의원 금주 4/15(화) 용지 걸림 이슈로 삼성 엔지니어가 방문하여 피드 센서를 청소한 후 정상 작동 확인하였으나, 금일 동일한 증상이 다시 발생한 것으로 보여 추가 방문이 필요할 것으로 판단됩니다. 현재 해당 지역의 A/S 접수 건이 많아 차주 4/24(목) 오후 2시 30분경 재방문 예정으로 안내하였습니다. 일정 참고 부탁드립니다",안녕하세요 에이치앤아이디지탈 김유미입니다. 금일 제조사 엔지니어 방문하여 2단 급지대 교체 완료하였습니다,GT 보강 시 재사용 가능,low,1번 케이스와 동일,키오스크 셋탑-프린터 통신오류 의심,2단급지함 교체,unresolved,,,,,,
clinic_case,127729,3,127729-003,cust:127729,박상준소아청소년과의원,127729,3,0,13f95366d0048a11859b11869615f764d3d32702,hardware,printer_output,프린터/출력,[통화요청] 키오스크 H/W 통화 요청의 件,2025-11-26 15:50,2025-12-24 10:36,22,TRUE,resolved,"{""distributor"": 13, ""ubcare"": 9}","[프린터/출력] : 키오스크 프린터 출력 시 지속적으로 용지걸림 현상있다고 점검요청해주셨습니다 최신 대응: 기본 용지 설정 점검 항목은 키오스크 최초 납품 시점의 점검 범위에 포함되지 않아 제조사 및 당사의 운영 가이드상에서도 관리 영역은 아닌 것으로 인지하고 있으며, 이에 따라 의원 환경에서도 임의 변경 가능성은 제한적이라 판단됩니다 / 다만, 원인 범위 축소 차원에서 공유해주신 가이드를 해당 설정에 대한 추가 확인 진행해보겠으나 금일 의원 관계자분으로부터 현재 용지 걸림 없이 정상 동작 중이라는 회신을 받은 상태이므로 향후 필요",: 키오스크 프린터 출력 시 지속적으로 용지걸림 현상있다고 점검요청해주셨습니다,"기본 용지 설정 점검 항목은 키오스크 최초 납품 시점의 점검 범위에 포함되지 않아 제조사 및 당사의 운영 가이드상에서도 관리 영역은 아닌 것으로 인지하고 있으며, 이에 따라 의원 환경에서도 임의 변경 가능성은 제한적이라 판단됩니다 / 다만, 원인 범위 축소 차원에서 공유해주신 가이드를 해당 설정에 대한 추가 확인 진행해보겠으나 금일 의원 관계자분으로부터 현재 용지 걸림 없이 정상 동작 중이라는 회신을 받은 상태이므로 향후 필요",resolved,high,안녕하세요 유비케어 병원고객팀 김민수 입니다 . 키오스크 문의내역 전달드립니다 . 구분 내용 고객정보 상호명 박상준소아청소년과의원 고객명 박상준 요양기관기호 41341511 문의자 이름 병원직원 연락 받으실 번호 [PHONE_REDACTED] 문의 내용 및 요청사항 - 이슈: 키오스크 프린터 출력 시 지속적으로 용지걸림 현상있다고 점검요청해주셨습니다. 해당 내역으로 확인 부 탁 드립니다. 감사합니다,"안녕하세요. 에이치앤아이디지탈 김하은입니다. 제안주신 급지함 기본 용지 설정 점검 항목은 키오스크 최초 납품 시점의 점검 범위에 포함되지 않아 제조사 및 당사의 운영 가이드상에서도 관리 영역은 아닌 것으로 인지하고 있으며, 이에 따라 의원 환경에서도 임의 변경 가능성은 제한적이라 판단됩니다. 다만, 원인 범위 축소 차원에서 공유해주신 가이드를 해당 설정에 대한 추가 확인 진행해보겠으나 금일 의원 관계자분으로부터 현재 용지 걸림 없이 정상 동작 중이라는 회신을 받은 상태이므로 향후 필요 시 앞서 제안 주신 1, 2안에 대한 추가 확인을 진행하도록 하겠습니다. 아울러 박상준소아의원은 현재까지 SW·HW 전반에 걸친 점검에도 불구하고 객관적인 원인 특정이 어려워 하자의 존부 자체에 대해 추가 관찰이 필요한 상황인 만큼 단순히 원인 규명이 이루어지지 않았다는 사정만으로 계약서 제9조 제1항을 즉시 적용",GT 보강 시 재사용 가능,low,1번 케이스와 동일,키오스크 셋탑-프린터 통신오류 의심,프린터 교체,resolved,,,,,,
clinic_case,129702,1,129702-001,cust:129702,벗이비인후과(광명),129702,5,1,d30769f33aab4fad7d0f70ab292b5cc039c3b7d8,hardware,printer_output,프린터/출력,[통화요청] 키오스크 H/W 통화 요청의 件,2025-06-17 15:22,2025-06-17 15:40,2,TRUE,resolved,"{""ubcare"": 1, ""distributor"": 1}","[프린터/출력] 키오스크에서 프린트 출력 시 최신 대응: 금일 오전부터 '잉크/토너부족' 경고창 노출되어 새 토너로 교체 후 테스트 페이지 2장 정상 출력되는 점 확인했으나, 실제 환자 수납 시 처방전 출력불가 및 프로그램 내 토너 잔여량 확인 불가하다고 합니다 / 원격 접속 시 의사랑 H/W 설정에 설정된 프린터와 제어판에 설치되어 있는 드라이버가 상이하여, 드라이버 재설치 진행하였고, 현재 테스트 페이지 2장 및 토너 잔여량 정상 노출되는 점 확인 후 원격 마쳤습니다",키오스크에서 프린트 출력 시,"금일 오전부터 '잉크/토너부족' 경고창 노출되어 새 토너로 교체 후 테스트 페이지 2장 정상 출력되는 점 확인했으나, 실제 환자 수납 시 처방전 출력불가 및 프로그램 내 토너 잔여량 확인 불가하다고 합니다 / 원격 접속 시 의사랑 H/W 설정에 설정된 프린터와 제어판에 설치되어 있는 드라이버가 상이하여, 드라이버 재설치 진행하였고, 현재 테스트 페이지 2장 및 토너 잔여량 정상 노출되는 점 확인 후 원격 마쳤습니다",resolved,high,"안녕하세요 병원고객팀 서수민 입니다 . 키오스크 문의내역 전달드립니다 . 구분 내용 고객정보 상호명 벗이비인후과 고객명 곽희붕 요양기관기호 41332946 문의자 이름 접수실 선생님 연락 받으실 번호 [PHONE_REDACTED] 문의 내용 및 요청사항 - 이슈: 키오스크에서 프린트 출력 시 잉크 / 토너부족 이라고 뜨고 출력이 안됩니다 . 기기에서 빨간불 들어와서 병원에서 드라이버 재설치 하셨다 하였고, 연결상태 확인 시 wsd 이나 호스트 연결조회 안되는 상태입니다 . 바쁘시겠지만 해당 내역으로 확인부 탁드립니다","안녕하세요. 에이치앤아이디지탈 김하은입니다. 자세한 증상 확인을 위해 원내 관계자분과 통화하였습니다. 금일 오전부터 '잉크/토너부족' 경고창 노출되어 새 토너로 교체 후 테스트 페이지 2장 정상 출력되는 점 확인했으나, 실제 환자 수납 시 처방전 출력불가 및 프로그램 내 토너 잔여량 확인 불가하다고 합니다. 초기 메일 이관 시 병원에서 자체적으로 드라이버 재설치를 하셨다고 말씀 주셨으나 드라이버 재설치가 아닌 윈도우 설정에서 프린터 이름이 노출되지 않아 삭제 후 추가한 것이라고 합니다. 원격 접속 시 의사랑 H/W 설정에 설정된 프린터와 제어판에 설치되어 있는 드라이버가 상이하여, 드라이버 재설치 진행하였고, 현재 테스트 페이지 2장 및 토너 잔여량 정상 노출되는 점 확인 후 원격 마쳤습니다. 의원에서 간헐적으로 IP 충돌로 인한 프린터 출력 이슈로 고정IP로 변경해둔 상태라고 말씀주시어, 추후",GT 보강 시 재사용 가능,low,"제어판에서 테스트인쇄 정상적으로 되나, 키오스크 SW상에서는 토너부족 경고 뜸",프린터 드라이버 비정상 설치,프린터 드라이버 설치 가이드 따라 권장 드라이버로 재설치,resolved,,,,,,
clinic_case,129702,2,129702-002,cust:129702,벗이비인후과(광명),129702,5,1,596fdf9296d3984638a9d6681d9a087221d60d79,hardware,device_power_display,전원/화면,[통화요청] 키오스크 H/W 통화 요청의 件,2025-07-24 09:39,2025-07-25 10:57,6,TRUE,resolved,"{""ubcare"": 5, ""distributor"": 1}",[전원/화면] 종료버튼 터치불가 내용으로 인입되었습니다 최신 대응: 하여 hnid 통해 연락 드렸고 정상 작동한다는 답변을 받았다 / 안내 드렸으나 어제도 그렇도 지금도 마찮가지 증상이라 하시며 빠른 확인 요청하십니다,종료버튼 터치불가 내용으로 인입되었습니다,하여 hnid 통해 연락 드렸고 정상 작동한다는 답변을 받았다 / 안내 드렸으나 어제도 그렇도 지금도 마찮가지 증상이라 하시며 빠른 확인 요청하십니다,resolved,high,"안녕하세요 유비케어 병원고객팀 이주은 매니저 입니다 . 키오스크 문의내역 전달드립니다 . 구분 내용 고객정보 상호명 벗이비인후과의원 건대입구점 고객명 김용운 요양기관기호 12399213 문의자 이름 접수실 선생님 연락 받으실 번호 [PHONE_REDACTED] 문의 내용 및 요청사항 - 이슈: 키오스크 네 대 중 두 대 키오스크 종료 시 기기종료 버튼 터치되지 않고 해당 기기 사용 중 화면이 하얗게 된다고 하십니다 . 기기재부팅, 기기 후면 똑닥이 버튼으로 완전히 종료 후 재실행해도 해당 증상 지속된다고 하십니다 . 해당 내역으로 확인부 탁드립니다","황정안 입니다 . 벗이비인후과 ( 곽희붕 ) 광명점에서 어제 키오스크 문제 연락 못 받았다 하여 hnid 통해 연락 드렸고 정상 작동한다는 답변을 받았다 안내 드렸으나 어제도 그렇도 지금도 마찮가지 증상이라 하시며 빠른 확인 요청하십니다 . [PHONE_REDACTED] 로 연락 부탁드립니다 . 상호명 벗이비인후과 요양기관번호 ( 면허번호 ) 41332946 (87089) 고객 ( 사용자번호 ) 곽희붕 (129702) 사업자번호 140-91-06673 고객전화번호 [PHONE_REDACTED] 병원대표번호 [PHONE_REDACTED] 고객 휴대폰 [PHONE_REDACTED] 담당자 [ 과장 ] 김형석 7 담당대리점 대호메디케어 ( 1644-7589 ) 담당자연락처 [PHONE_REDACTED] 주소 경기도 광명시 금하로 464 401, 402, 403, 403, 404 호 벗이비인후과",GT 보강 시 재사용 가능,low,흰화면 발생 및 터치불가 현상,SW 오류,"비정기 4차 업데이트로 해결, 현재는 발생하지 않는 오류",resolved,,,,,,
clinic_case,129702,3,129702-003,cust:129702,벗이비인후과(광명),129702,5,1,8f1d0313bb7abca1b8afb835c7de369c3f101e55,hardware,payment_cancel_refund,결제취소/중복결제,[통화요청] 키오스크 H/W 통화 요청의 件,2025-08-27 15:33,2025-09-22 16:12,7,TRUE,resolved,"{""distributor"": 4, ""ubcare"": 3}","[결제취소/중복결제] : 키오스크 프린터 출력 시 잉크가 번져서 나온다고 하십니다. 잉크 교체해도 동일하다고 하셔서 H/W 점검 부탁드립니다 최신 대응: 금일 삼성 엔지니어 방문하였으나, 전일 건물 관계자분이 프린터 내부 용지 찌꺼기를 제거한 이후 정상 작동 확인되어 추가 조치 및 비용 없이 철수하였습니다",: 키오스크 프린터 출력 시 잉크가 번져서 나온다고 하십니다. 잉크 교체해도 동일하다고 하셔서 H/W 점검 부탁드립니다,"금일 삼성 엔지니어 방문하였으나, 전일 건물 관계자분이 프린터 내부 용지 찌꺼기를 제거한 이후 정상 작동 확인되어 추가 조치 및 비용 없이 철수하였습니다",resolved,high,안녕하세요 유비케어 병원고객팀 김민수 매니저입니다 . 키오스크 문의내역 전달드립니다 . 구분 내용 고객정보 상호명 벗이비인후과 고객명 곽희붕 요양기관기호 41332946 문의자 이름 원무과 선생님 연락 받으실 번호 [PHONE_REDACTED] 문의 내용 및 요청사항 - 이슈: 키오스크 프린터 출력 시 잉크가 번져서 나온다고 하십니다. 잉크 교체해도 동일하다고 하셔서 H/W 점검 부탁드립니다. 해당 내역으로 확인 부 탁 드립니다,"안녕하세요 에이치앤아이디지탈 김유미입니다. 금일 삼성 엔지니어 방문하였으나, 전일 건물 관계자분이 프린터 내부 용지 찌꺼기를 제거한 이후 정상 작동 확인되어 추가 조치 및 비용 없이 철수하였습니다",GT 보강 시 재사용 가능,low,출력 시 잉크가 번져 나옴,프린터 내부 용지걸린 찌꺼기 때문에 발생,HNID 이관 및 용지 찌꺼기 청소 후 정상출력 확인 종료,resolved,,,,,,
clinic_case,129702,4,129702-004,cust:129702,벗이비인후과(광명),129702,5,1,6b15c30842323d2ce76d675b965a9920520bdc27,hardware,payment_card_reader,카드결제/리더기,[통화요청] 키오스크 H/W 통화 요청의 件,2025-11-25 09:52,2025-11-27 13:04,8,TRUE,resolved,"{""ubcare"": 5, ""distributor"": 3}","[카드결제/리더기] 칩 인식불가일 가능성이 높으나 우선 최신 대응: 오류 발생한 3 번 기기 로그 확인 결과, 카드 복호화 오류 발생하고 있는 것으로 파악되어 리더기 점검이 필요한 사안이라 이관 드립니다 / 상세 내용 첨부드리오니 확인 부탁 드립니다",칩 인식불가일 가능성이 높으나 우선,"오류 발생한 3 번 기기 로그 확인 결과, 카드 복호화 오류 발생하고 있는 것으로 파악되어 리더기 점검이 필요한 사안이라 이관 드립니다 / 상세 내용 첨부드리오니 확인 부탁 드립니다",resolved_but_needs_verification,medium,"안녕하세요 에이치앤아이디지탈 김유미입니다. 벗이비인후과는 지점이 여러 곳이라 어느 지점인지 확인 부탁드리며, 키오스크가 여러 대 설치된 의원의 경우 몇 번째 기기인지 확인 후 전달부탁드립니다. 확인 후 재회신 주세요","안녕하십니까, 유비케어 운영기획팀 오창훈 매니저입니다 . 오류 발생한 3 번 기기 로그 확인 결과, 카드 복호화 오류 발생하고 있는 것으로 파악되어 리더기 점검이 필요한 사안이라 이관 드립니다 . 상세 내용 첨부드리오니 확인 부탁 드립니다 . 금번 이슈와 관련하여 로그 분석하던 중, 윈도우 이벤트 뷰어 상 Event ID 4321, NetBT 오류 로그가 확인되었습니다 . 해당 오류는 동일 네트워크 내에 컴퓨터 이름이 중복되는 기기가 존재할 때 발생합니다 . 기기 출고 시 설정된 기본 PC 명이 현장 설치 과정에서 그대로 사용되어 충돌이 일어난 것으로 추측되며 방치할 경우 연결된 네트워크 프린터의 장애 등 추가적인 이슈 발생할 우려가 있습니다 . 번거로우시겠지만, 각 키오스크 OS 제어판에서 PC 이름을 ‘Kiosk-01~05’ 와 같이 기기별로 중복되지 않는 고유한 값으로 변경 해 주시기를 요",최종 조치가 예정/요청 단계로 보임,medium,카드결제 불가현상,복호화 오류 의심,HNID 이관 및 리더기 점검으로 해결,resolved,,,,,,
clinic_case,129702,5,129702-005,cust:129702,벗이비인후과(광명),129702,5,1,44d16da89db54e1581f422ed0e382b5fcc438389,hardware,payment_card_reader,카드결제/리더기,[통화요청] 키오스크 H/W 점검 요청의 件,2025-11-28 11:12,2025-12-01 14:42,2,TRUE,in_progress,"{""distributor"": 2}",[카드결제/리더기] 제조사 엔지니어 차주 월요일 방문드릴 예정으로 안내드렸습니다 최신 대응: 금일 3번기기 카드리더기 교체 진행하였습니다,제조사 엔지니어 차주 월요일 방문드릴 예정으로 안내드렸습니다,금일 3번기기 카드리더기 교체 진행하였습니다,in_progress,low,안녕하세요. 김성우 매니저님 에이치앤아이디지탈 김하은입니다. 제조사 엔지니어 차주 월요일 방문드릴 예정으로 안내드렸습니다,안녕하세요 에이치앤아이디지탈 김하은입니다. 금일 3번기기 카드리더기 교체 진행하였습니다,최종 상태가 resolved가 아님,medium,4번이슈와 동일한 현상,복호화 오류 의심,HNID 이관 및 리더기 점검으로 해결,resolved,,,,,,
clinic_case,130774,1,130774-001,cust:130774,우리이비인후과,130774,4,2,2b179d00d92a3c272a7a5208e4eb966c486a14fe,hardware,printer_output,프린터/출력,[통화요청] 키오스크 H/W 통화 요청의 件,2025-04-21 14:56,2025-04-21 14:56,1,TRUE,in_progress,"{""distributor"": 1}","[프린터/출력] 토너 장착이 잘못 됐거나 토너 자체 불량일 가능성 있어 보여, 최신 대응: 토너 장착이 잘못 됐거나 토너 자체 불량일 가능성 있어 보여, 원내 관계자분께 토너 구매처로 문의해보시거나, 의원에서 보유중인 다른 정품토너로 교체 후 테스트 해보시도록 안내드렸습니다 / 또한 프로그램 내 토너 잔여량 확인하는 방법 문의주셔 안내드렸습니다","토너 장착이 잘못 됐거나 토너 자체 불량일 가능성 있어 보여,","토너 장착이 잘못 됐거나 토너 자체 불량일 가능성 있어 보여, 원내 관계자분께 토너 구매처로 문의해보시거나, 의원에서 보유중인 다른 정품토너로 교체 후 테스트 해보시도록 안내드렸습니다 / 또한 프로그램 내 토너 잔여량 확인하는 방법 문의주셔 안내드렸습니다",in_progress,low,"안녕하세요, 이동기 매니저님 에이치앤아이디지탈 김하은 입니다. 토너 장착이 잘못 됐거나 토너 자체 불량일 가능성 있어 보여, 원내 관계자분께 토너 구매처로 문의해보시거나, 의원에서 보유중인 다른 정품토너로 교체 후 테스트 해보시도록 안내드렸습니다. 또한 프로그램 내 토너 잔여량 확인하는 방법 문의주셔 안내드렸습니다. 원내 관계자분 말씀하시기로 의사랑 고객센터 통해 처방전 프린터는 빛반사로 출력되기 때문에 토너가 기본 포함되지 않는다는 답변을 받았다고 합니다. 어떤 사유로 위 안내가 된지는 알 수 없으나, 현재 삼성 프린터는 토너 장착 후 사용되고 있음을 알려드리며, 고객이 키오스크 이용 시 혼동이 발생하지 않도록 각별한 유의 부탁드립니다. HW 메일 이관 시 김유미 메일 주소로도 수신될 수 있도록 부탁드립니다","안녕하세요, 이동기 매니저님 에이치앤아이디지탈 김하은 입니다. 토너 장착이 잘못 됐거나 토너 자체 불량일 가능성 있어 보여, 원내 관계자분께 토너 구매처로 문의해보시거나, 의원에서 보유중인 다른 정품토너로 교체 후 테스트 해보시도록 안내드렸습니다. 또한 프로그램 내 토너 잔여량 확인하는 방법 문의주셔 안내드렸습니다. 원내 관계자분 말씀하시기로 의사랑 고객센터 통해 처방전 프린터는 빛반사로 출력되기 때문에 토너가 기본 포함되지 않는다는 답변을 받았다고 합니다. 어떤 사유로 위 안내가 된지는 알 수 없으나, 현재 삼성 프린터는 토너 장착 후 사용되고 있음을 알려드리며, 고객이 키오스크 이용 시 혼동이 발생하지 않도록 각별한 유의 부탁드립니다. HW 메일 이관 시 김유미 메일 주소로도 수신될 수 있도록 부탁드립니다",최종 상태가 resolved가 아님,medium,잉크 부족하다는 문구가 출력시마다 발생함,토너장착 오류 혹은 토너자체 불량가능성,HNID 이관 후 토너 구매처에 문의하도록 안내 후 종결,resolved,,,,,,
clinic_case,130774,2,130774-002,cust:130774,우리이비인후과,130774,4,2,6c3f05b0b404b8d14d5d48c7d8b7f4b7a0c03854,unknown,generic_check_request,점검/문의,"고객의 소리 [고객문의][우리이비인후과, 제품&솔루션] 글이 등록되었습니다.",2025-12-05 18:39,2025-12-05 18:39,1,TRUE,unknown,"{""external"": 1}","[점검/문의] 작성자 최지철 요양기관명 연락처 글번호 / 등록일 71054 / 2025.12.05 18: 39 대리점명 메디네트 답변일 담당자 김균수 첨부파일 제목 배리어프리 키오스크 문제 현재 의사랑 키오스크를 3년 가까이 사용중이며, 아직 할부도 끝나지 않았습니다 최신 대응: 추가적인 장치를 장착할 수도 있다고하는데, 추가 장치 장착만으로 처벌을 피할 수 있는 건가요? / 추가 장치는 어디로 연락하면 장착이 가능한가요?","작성자 최지철 요양기관명 연락처 글번호 / 등록일 71054 / 2025.12.05 18: 39 대리점명 메디네트 답변일 담당자 김균수 첨부파일 제목 배리어프리 키오스크 문제 현재 의사랑 키오스크를 3년 가까이 사용중이며, 아직 할부도 끝나지 않았습니다","추가적인 장치를 장착할 수도 있다고하는데, 추가 장치 장착만으로 처벌을 피할 수 있는 건가요? / 추가 장치는 어디로 연락하면 장착이 가능한가요?",unknown,low,"작성자 최지철 요양기관명 우리이비인후과 연락처 [PHONE_REDACTED] 글번호 / 등록일 71054 / 2025.12.05 18: 39 대리점명 메디네트 답변일 담당자 김균수 첨부파일 제목 배리어프리 키오스크 문제 현재 의사랑 키오스크를 3년 가까이 사용중이며, 아직 할부도 끝나지 않았습니다. 내년 1월 28일부터는 배리어프리 키오스크를 사용해야하고 과태료 등의 처벌도 있다는데, 어떻게해야하는지 알고싶습니다. 1. 새로운 제품으로 보상판매 같은 것도 가능한지 궁금합니다. 2. 추가적인 장치를 장착할 수도 있다고하는데, 추가 장치 장착만으로 처벌을 피할 수 있는 건가요? 3. 추가 장치는 어디로 연락하면 장착이 가능한가요?","작성자 최지철 요양기관명 우리이비인후과 연락처 [PHONE_REDACTED] 글번호 / 등록일 71054 / 2025.12.05 18: 39 대리점명 메디네트 답변일 담당자 김균수 첨부파일 제목 배리어프리 키오스크 문제 현재 의사랑 키오스크를 3년 가까이 사용중이며, 아직 할부도 끝나지 않았습니다. 내년 1월 28일부터는 배리어프리 키오스크를 사용해야하고 과태료 등의 처벌도 있다는데, 어떻게해야하는지 알고싶습니다. 1. 새로운 제품으로 보상판매 같은 것도 가능한지 궁금합니다. 2. 추가적인 장치를 장착할 수도 있다고하는데, 추가 장치 장착만으로 처벌을 피할 수 있는 건가요? 3. 추가 장치는 어디로 연락하면 장착이 가능한가요?",최종 상태가 resolved가 아님; 카테고리 unknown,high,장차법 대응을 위한 보조장치 설치문의,장차법 보조장치 설치문의 인입,해당 고객 의사랑 담당자에게 문의하도록 안내, resolved,,,,,,
clinic_case,130774,3,130774-003,cust:130774,우리이비인후과,130774,4,2,e4c38cb5b3db0b66148f6715c5850f10e042d2f2,hardware,setup_configuration,설치/설정,[의사랑 웹 고객 문의 에 대한 답변] 배리어프리 키오스크 문제,2025-12-06 09:05,2025-12-06 09:05,1,TRUE,resolved,"{""external"": 1}","[설치/설정] 문의주신 내용에 대해 아래와 같이 안내드립니다 최신 대응: 현재 사용 중이신 기존 키오스크에는 해당 기능이 기본적으로 포함되어 있지 않기 때문에 별도의 조치가 필요합니다 / 설치 요청이 접수되면, ① 보조장치 준비 ② 설치 일정 조율 ③ 엔지니어 방문 설치 순으로 진행됩니다",문의주신 내용에 대해 아래와 같이 안내드립니다,"현재 사용 중이신 기존 키오스크에는 해당 기능이 기본적으로 포함되어 있지 않기 때문에 별도의 조치가 필요합니다 / 설치 요청이 접수되면, ① 보조장치 준비 ② 설치 일정 조율 ③ 엔지니어 방문 설치 순으로 진행됩니다",resolved,medium,"작성자 최지철 요양기관명 우리이비인후과 연락처 [PHONE_REDACTED] 글번호 / 등록일 71054 / 2025.12.05 18: 39 대리점명 메디네트 답변일 2025.12.06 09: 05 담당자 김균수 첨부파일 제목 배리어프리 키오스크 문제 현재 의사랑 키오스크를 3년 가까이 사용중이며, 아직 할부도 끝나지 않았습니다. 내년 1월 28일부터는 배리어프리 키오스크를 사용해야하고 과태료 등의 처벌도 있다는데, 어떻게해야하는지 알고싶습니다. 1. 새로운 제품으로 보상판매 같은 것도 가능한지 궁금합니다. 2. 추가적인 장치를 장착할 수도 있다고하는데, 추가 장치 장착만으로 처벌을 피할 수 있는 건가요? 3. 추가 장치는 어디로 연락하면 장착이 가능한가요? 고객님 안녕하세요? UBcare/메디네트 매니저 강보득솔 입니다. 먼저, 저희 의사랑을 이용해 주셔서 감사드립니다. 2026년 1월 29일","작성자 최지철 요양기관명 우리이비인후과 연락처 [PHONE_REDACTED] 글번호 / 등록일 71054 / 2025.12.05 18: 39 대리점명 메디네트 답변일 2025.12.06 09: 05 담당자 김균수 첨부파일 제목 배리어프리 키오스크 문제 현재 의사랑 키오스크를 3년 가까이 사용중이며, 아직 할부도 끝나지 않았습니다. 내년 1월 28일부터는 배리어프리 키오스크를 사용해야하고 과태료 등의 처벌도 있다는데, 어떻게해야하는지 알고싶습니다. 1. 새로운 제품으로 보상판매 같은 것도 가능한지 궁금합니다. 2. 추가적인 장치를 장착할 수도 있다고하는데, 추가 장치 장착만으로 처벌을 피할 수 있는 건가요? 3. 추가 장치는 어디로 연락하면 장착이 가능한가요? 고객님 안녕하세요? UBcare/메디네트 매니저 강보득솔 입니다. 먼저, 저희 의사랑을 이용해 주셔서 감사드립니다. 2026년 1월 29일",GT 보강 시 재사용 가능,low,장차법 대응을 위한 보조장치 설치문의,장차법 보조장치 설치문의 인입,해당 고객 의사랑 담당자에게 문의하도록 안내, resolved,,,,,,
clinic_case,130774,4,130774-004,cust:130774,우리이비인후과,130774,4,2,61e5ec220f4f67318cac12a042aca9c3d49c28f8,software,software_update_or_log,SW업데이트/로그,[통화요청] 키오스크 H/W 통화 요청의 件,2026-01-09 16:59,2026-01-20 14:10,4,TRUE,resolved,"{""ubcare"": 2, ""distributor"": 2}",[SW업데이트/로그] 원격 지원이 불가하여 방문 후 재설치가 필요해 보여 이관드립니다 최신 대응: 해당 의원은 의사랑 키오스크 프로그램 재설치 이후 해결되었습니다,원격 지원이 불가하여 방문 후 재설치가 필요해 보여 이관드립니다,해당 의원은 의사랑 키오스크 프로그램 재설치 이후 해결되었습니다,resolved,high,안녕하세요 . 유비케어 병원고객팀 이낙진입니다 . 키오스크 문의내역 전달드립니다 . 구분 내용 고객정보 상호명 우리이비인후과 고객명 최지철 요양기관기호 34345281 문의자 이름 원무과 직원 연락 받으실 번호 [PHONE_REDACTED] 문의 내용 및 요청사항 - 이슈: 키오스크 ( 의사랑 ) 설정 버튼이 눌리지 않는 문제로 문의 주셨습니다 . 원격 지원이 불가하여 방문 후 재설치가 필요해 보여 이관드립니다 . 해당 내역으로 확인 부 탁드립니다,"안녕하십니까, 병원고객팀 오창주입니다 . 해당 의원은 의사랑 키오스크 프로그램 재설치 이후 해결되었습니다 . 이상입니다",GT 보강 시 재사용 가능,low,화면 좌상단 의사랑 버튼 5회 터치해도 설정으로 진입하지 않음,업데이트시 관련파일 누락,의사랑 키오스크 프로그램 재설치하여 해결,resolved,,,,,,
clinic_case,130793,1,130793-001,cust:130793,반포키즈소아청소년과의원,130793,2,1,1f7218f5e8fc90b539e51dace352646865d73ad8,payment,payment_card_reader,카드결제/리더기,[통화요청] 키오스크 H/W 통화 요청의 件,2025-12-31 12:16,2026-01-02 15:51,4,TRUE,resolved,"{""ubcare"": 3, ""distributor"": 1}","[카드결제/리더기] 2) 12/31(수) 제조사 엔지니어 방문 결과, 허브 문제 없음으로 확인됨 최신 대응: 해당 고객 업데이트 및 ksnet 설정 했음에도 동일하였으며, 마지막 결제 건 확인 해보시면 될 거 같습니다 / log 수집 완료","2) 12/31(수) 제조사 엔지니어 방문 결과, 허브 문제 없음으로 확인됨","해당 고객 업데이트 및 ksnet 설정 했음에도 동일하였으며, 마지막 결제 건 확인 해보시면 될 거 같습니다 / log 수집 완료",resolved,high,"안녕하세요. 에이치앤아이디지탈 선자람입니다. 키오스크 문의내역 전달드리오니, 확인하신 후 회신 부탁드립니다. 구분 내용 고객정보 상호명 반포키즈소아청소년과의원 지역 서울시 서초구 문의자 이름 정지필 매니저님 연락 받으실 번호 [PHONE_REDACTED] 문의 내용 및 요청사항 - 이슈: 1) 12/30(화) 납품일부터 테스트 결제 시도 시, 정상 결제 후 바로 취소로 넘어가는 증상 및 허브 연결 문제 의심 2) 12/31(수) 제조사 엔지니어 방문 결과, 허브 문제 없음으로 확인됨. 3) 해당 결제 문제는 요양기관명 누락 및 VAN사 문제로 보여짐","안녕하세요 병원고객팀 강보득솔입니다 . 해당 고객 업데이트 및 ksnet 설정 했음에도 동일하였으며, 마지막 결제 건 확인 해보시면 될 거 같습니다 . 결제 시 승인은 넘어가지만 바로 취소됩니다 . log 수집 완료 하였습니다 . 담당자가 내원하여 대기중이라 바쁘시겠지만 빠른 확인 부탁드리겠습니다",GT 보강 시 재사용 가능,low,키오스크로 진행된 모든 수납건이 수납 직후 무카드 취소처리됨,정상적으로 수납처리되지 않은 거래건은 무카드취소 처리하고있음,"의사랑 키오스크 진료실 설정 (관리자 정, 관리자 부) 정상반영여부, 고정IP 설정 정상반영여부 점검 후 해결",resolved,,,,,,
clinic_case,130793,2,130793-002,cust:130793,반포키즈소아청소년과의원,130793,2,1,827a0cefa008588c02ed31baa0a1bbef248ed19b,hardware,device_power_display,전원/화면,[운영기획팀] 키오스크 H/W 통화 요청의 件,2026-02-12 13:28,2026-02-12 17:14,3,TRUE,in_progress,"{""distributor"": 2, ""ubcare"": 1}","[전원/화면] 현재 해당병원 키오스크 부팅이후 Cmos 바이오스 화면이 반복되고 있다고 하십니다. 재부팅시에도 윈도우로 가는 것이 아닌 다시 바이오스 세팅 화면으로 돌아가고 있습니다. 관련하여 엔지니어 방문 및 키오스크 포맷 필요할 것 같아 점검 및 엔지니어 방문 요청드립니다. 엔지니어 방문 일정에 맞춰 담당자도 함께 방문하고자 하오니 안내드린 정지필 매니저님과 유선 통화하시어 일정 협의 부탁드립니다 최신 대응: 2/19(목) 오전 담당님 동행하여 셋탑 교체 후 프로그램 재설치 진행 예정이었으나, 일정이 맞지 않아 오전 동행은 어려운 상황입니다 / 하여, 엔지니어 오전 셋탑 교체 후 정지필 담당님이 오후 방문하여 프로그램 재설치 및 추가 점검을 진행할 예정이라고 합니다",현재 해당병원 키오스크 부팅이후 Cmos 바이오스 화면이 반복되고 있다고 하십니다. 재부팅시에도 윈도우로 가는 것이 아닌 다시 바이오스 세팅 화면으로 돌아가고 있습니다. 관련하여 엔지니어 방문 및 키오스크 포맷 필요할 것 같아 점검 및 엔지니어 방문 요청드립니다. 엔지니어 방문 일정에 맞춰 담당자도 함께 방문하고자 하오니 안내드린 정지필 매니저님과 유선 통화하시어 일정 협의 부탁드립니다,"2/19(목) 오전 담당님 동행하여 셋탑 교체 후 프로그램 재설치 진행 예정이었으나, 일정이 맞지 않아 오전 동행은 어려운 상황입니다 / 하여, 엔지니어 오전 셋탑 교체 후 정지필 담당님이 오후 방문하여 프로그램 재설치 및 추가 점검을 진행할 예정이라고 합니다",in_progress,low,안녕하세요 . 유비케어 운영기획팀 오창훈 매니저입니다 . 키오스크 문의내역 전달드립니다 . 구분 내용 고객정보 상호명 반포키즈소아청소년과의원 고객명 이강균 요양기관기호 12374938 문의자 이름 유비케어 정지필 매니저 연락 받으실 번호 [PHONE_REDACTED] 문의 내용 및 요청사항 현재 해당병원 키오스크 부팅이후 Cmos 바이오스 화면이 반복되고 있다고 하십니다 . 재부팅시에도 윈도우로 가는 것이 아닌 다시 바이오스 세팅 화면으로 돌아가고 있습니다 . 관련하여 엔지니어 방문 및 키오스크 포맷 필요할 것 같아 점검 및 엔지니어 방문 요청드립니다 . 엔지니어 방문 일정에 맞춰 담당자도 함께 방문하고자 하오니 안내드린 정지필 매니저님과 유선 통화하시어 일정 협의 부탁드립니다,"오창훈 매니저님, 추가로 안내드립니다. 정지필 담당님과 통화하여 관련 내용 안내드렸습니다. 2/19(목) 오전 담당님 동행하여 셋탑 교체 후 프로그램 재설치 진행 예정이었으나, 일정이 맞지 않아 오전 동행은 어려운 상황입니다. 하여, 엔지니어 오전 셋탑 교체 후 정지필 담당님이 오후 방문하여 프로그램 재설치 및 추가 점검을 진행할 예정이라고 합니다. 참고 부탁드립니다",최종 상태가 resolved가 아님,medium,키오스크 셋탑 윈도우 진입 불가현상,셋탑 불량,HNID 이관 및 셋탑교체,resolved,,,,,,
clinic_case,131128,1,131128-001,cust:131128,키즈엠소아청소년과의원,131128,1,0,a5469de9496c6baafebe83c94e0d7f18852b7b1f,hardware,printer_output,프린터/출력,[통화요청] 키오스크 H/W 통화 요청의 件,2026-01-06 16:16,2026-01-08 10:19,5,TRUE,resolved,"{""ubcare"": 3, ""distributor"": 2}",[프린터/출력] 키오스크 처방전 출력 안되는 증상 발생합니다 최신 대응: 해당 병원 재연락 주셔서 가지고 있던 토너로 교체했더니 프린터기 작동한다고 하십니다 / 오늘 5 시로 방문 예약되어 있는 것 취소 관련하여 연락 주셨던 담당자분과 재연락 원하십니다,키오스크 처방전 출력 안되는 증상 발생합니다,해당 병원 재연락 주셔서 가지고 있던 토너로 교체했더니 프린터기 작동한다고 하십니다 / 오늘 5 시로 방문 예약되어 있는 것 취소 관련하여 연락 주셨던 담당자분과 재연락 원하십니다,resolved,medium,"안녕하세요 유비케어 병원고객팀 이동기 입니다 . 키오스크 문의내역 전달드립니다 . 구분 내용 고객정보 상호명 키즈엠소아청소년과의원 고객명 문윤희 요양기관기호 41346254 문의자 이름 접수선생님 연락 받으실 번호 [PHONE_REDACTED] 문의 내용 및 요청사항 - 이슈: 키오스크 처방전 출력 안되는 증상 발생합니다 . 1. samsung easy printer 에서 상태 확인 시 용지부족 발생 2. 용지함 2 개 나눠 용지 넣어도 테스트 페이지 및 의사랑 테스트 문서 출력 안됨 . 3. 키오스크 환경설정 상 일반프린터, 지정프린터 설정 바꿔가며 출력해도 출력 안됨 4. ip 설정은 이상 없으며 테스트 페이지 출력도 안됨 . 5. 의사랑 키오스크 최신 버전 확인 . 1 월 들어 증상 심하여 프린트 점검 요청 주셨습니다 . 해당 내역으로 확인 부 탁 드립니다",안녕하세요 . 유비케어 병원고객팀 이주은입니다 . 해당 병원 재연락 주셔서 가지고 있던 토너로 교체했더니 프린터기 작동한다고 하십니다 . 오늘 5 시로 방문 예약되어 있는 것 취소 관련하여 연락 주셨던 담당자분과 재연락 원하십니다 . 해당 내용으로 연락 부탁드립니다,GT 보강 시 재사용 가능,low,"프린터 용지부족 안내, 테스트페이지 문서 출력 안됨",상세이유 불명확,다른 토너 장착하니 문제 해결됨,resolved,,,,,,
clinic_case,133155,1,133155-001,cust:133155,초이스내과신경과의원,133155,1,0,c3d83fa61dfae754bb24967cf6178922a6e68803,software,software_update_or_log,SW업데이트/로그,[원격지원] [초이스내과의원] 의사랑 키오스크 신규 설치 고객 지원 대응,2025-10-30 18:08,2025-10-30 18:08,1,FALSE,resolved,"{""ubcare"": 1}",[SW업데이트/로그] 테이블을 변경 하는 중에 오류가 발생하였습니다 최신 대응: -> 정상 동작 확인 DB 테이블 구성 이력 정리함 / (ModuleSetting) -> 정상 동작 확인 TMiso.exe 관련 대응방안을 알지 못하여 의사랑 고객지원 받도록 영업자에게 가이드함,테이블을 변경 하는 중에 오류가 발생하였습니다,-> 정상 동작 확인 DB 테이블 구성 이력 정리함 / (ModuleSetting) -> 정상 동작 확인 TMiso.exe 관련 대응방안을 알지 못하여 의사랑 고객지원 받도록 영업자에게 가이드함,resolved,high,"안녕하십니까 모바일페이개발팀 정재원입니다 . 금일 신규 설치한 의원에서 이슈 관련하여 공유드립니다 . 발생처 초이스내과의원 - 신규 설치 증상 키오스크 플레이어 > QR 접수 시 인증서 비밀번호 입력 팝업 표시 키오스크 관리자 실행 시 > "" 테이블을 변경 하는 중에 오류가 발생하였습니다 . 의사랑 프로그램을 모두 종료하신 후 툴을 재 실행하여 주시기 바랍니다 ."" 문구 표시 키오스크 플레이어 > 의사랑 원격 접속 무반응 원인 QR 리딩 후 YsrMobileSelfCounter 메소드에 PC 정보를 넘김 . 의사랑환경설정 PCINFO 에 등록된 키오스크 정보가 아닌, 첫번째로 조회되는 진료실의 정보를 넘김 . 필요한 정보들이 배제된 채 전달되어, 비밀번호 입력 팝업 지속 노출 앱 최초 실행 시 DB 테이블 구성함 . 이 작업이 이중으로 발생한 이력 발견됨 이력이 꼬인 상태로, 또 다시 완료된 구","안녕하십니까 모바일페이개발팀 정재원입니다 . 금일 신규 설치한 의원에서 이슈 관련하여 공유드립니다 . 발생처 초이스내과의원 - 신규 설치 증상 키오스크 플레이어 > QR 접수 시 인증서 비밀번호 입력 팝업 표시 키오스크 관리자 실행 시 > "" 테이블을 변경 하는 중에 오류가 발생하였습니다 . 의사랑 프로그램을 모두 종료하신 후 툴을 재 실행하여 주시기 바랍니다 ."" 문구 표시 키오스크 플레이어 > 의사랑 원격 접속 무반응 원인 QR 리딩 후 YsrMobileSelfCounter 메소드에 PC 정보를 넘김 . 의사랑환경설정 PCINFO 에 등록된 키오스크 정보가 아닌, 첫번째로 조회되는 진료실의 정보를 넘김 . 필요한 정보들이 배제된 채 전달되어, 비밀번호 입력 팝업 지속 노출 앱 최초 실행 시 DB 테이블 구성함 . 이 작업이 이중으로 발생한 이력 발견됨 이력이 꼬인 상태로, 또 다시 완료된 구",GT 보강 시 재사용 가능,low,"1. 키오스크 관리자 실행 시 ""테이블을 변경하는 중 오류가 발생하였습니다"" 오류 발생
2. 키오스크 QR 접수 시 비밀번호 입력 팝업 표시","1.앱 최초 실행시 DB테이블 구성작업 이중으로 진행되어 오류 발생
2. 의사랑 진료실 관리자 설정 누락으로 발생","1. 개발팀에 DB 테이블 구성이력 정리(ModuleSetting)요청
2. 의사랑 환경설정 > PC정보에서 진료실로 구분된 항목들에 대하여 필요한 정보(관리자 정, 관리자 부) 입력 ",resolved,,,,,,
clinic_case,134015,1,134015-001,cust:134015,삼성키즈아이소아청소년과의원,134015,1,0,8524506ee893999e6350619bbd94d8f704a8384c,hardware,device_power_display,전원/화면,[의사랑 키오스크] 흰 화면 관련 문의 인입 대응 요청,2025-04-07 14:23,2025-04-10 15:37,3,TRUE,resolved,"{""ubcare"": 3}","[전원/화면] 수정으로 문제 해결 안됨 최신 대응: 재현 시도 후, 상세 내용 공유해 드리겠습니다 / 해당 의원과 추후 컨택이 될 경우, 금일 오전에 드렸던 파일로 설치하셔도 되고 또는 공동 원격 열어 주시면 설치 지원하겠습니다",수정으로 문제 해결 안됨,"재현 시도 후, 상세 내용 공유해 드리겠습니다 / 해당 의원과 추후 컨택이 될 경우, 금일 오전에 드렸던 파일로 설치하셔도 되고 또는 공동 원격 열어 주시면 설치 지원하겠습니다",resolved,high,"안녕하세요, 모바일페이개발팀 정웅기입니다 . 금일 흰화면 증상으로 문의 인입된 건이 있는 것을 확인했습니다 . ( 삼성키즈아이소아청소년과의원, 12370533) 고객샘 대응 내역상으로는 S/W 수정 중으로 재부팅하여 사용하는 것으로 안내되었는데, 현 시점에서 흰화면 발생 기기는 모두 H/W 장애 의심 건으로 S/W 수정은 증상완화 기능배포를 한 상태입니다 . (S/W 수정으로 문제 해결 안됨 ) 좀 더 정확한 상황 파악을 위해 흰 화면 발생으로 인입되는 건들은 인입 시점에 ( 정재원 M, 부재 시 정웅기 T) 으로 공동원격 요청 부탁 드립니다 . 공동원격 목적은 증상 발생 기기의 실행 환경 정보를 확인하고자 합니다 . 어느 정도 파악 이후에 추가 대응 가이드 공유 드리겠습니다","안녕하십니까 . 모바일페이개발팀 정재원입니다 . 삼성키즈아이소아청소년과의원 로그 확인해 본 결과, 이전에 말씀드렸던 결제 지연 상태 2 건 근방에 셋톱을 셧다운한 이력이 발견되었습니다 . 흰 화면이 노출되어 시스템을 끈 건지 명확한 확인이 어려우므로 개발팀 내부에서 재현을 시도해 보고자 합니다 . 재현 시도 후, 상세 내용 공유해 드리겠습니다 . 그리고 별도로, 해당 의원은 흰 화면 노출 현상이 발생했던 곳이므로 개별배포 파일을 적용하는 게 어떨지 의견드립니다 . 해당 의원과 추후 컨택이 될 경우, 금일 오전에 드렸던 파일로 설치하셔도 되고 또는 공동 원격 열어 주시면 설치 지원하겠습니다",이슈 요약 근거가 약함,low,흰화면 발생 및 터치불가 현상,SW 오류,"비정기 4차 업데이트로 해결, 현재는 발생하지 않는 오류",resolved,,,,,,
clinic_case,134371,1,134371-001,cust:134371,아주푸른소아청소년과의원,134371,1,0,19cc3204d58afc7321a26cb85ece5b825b7d3f0c,hardware,payment_card_reader,카드결제/리더기,[통화요청] 키오스크 H/W 통화 요청의 件,2025-07-19 10:04,2025-07-22 14:15,5,TRUE,resolved,"{""distributor"": 3, ""ubcare"": 2}",[카드결제/리더기] 인식이 안되니 마그네틱으로 결제하라고 뜨고 마그네틱으로 진행해도 결제가 안된다고 하십니다 최신 대응: 해당 의원 금일 제조사 엔지니어가 방문하여 점검하였습니다 / 리더기 고장으로 확인되어 카드리더기 교체 완료하였습니다,인식이 안되니 마그네틱으로 결제하라고 뜨고 마그네틱으로 진행해도 결제가 안된다고 하십니다,해당 의원 금일 제조사 엔지니어가 방문하여 점검하였습니다 / 리더기 고장으로 확인되어 카드리더기 교체 완료하였습니다,resolved,high,안녕하세요 유비케어 병원고객팀 진솔 매니저 입니다 . 키오스크 문의내역 전달드립니다 . 구분 내용 고객정보 상호명 아주푸른소아청소년과의원 고객명 이정주 요양기관기호 21350507 문의자 이름 접수실 선생님 연락 받으실 번호 [PHONE_REDACTED] 문의 내용 및 요청사항 - 이슈: 키오스크 카드리더기 작동이 안된다 문의 주셨습니다 . 수납 누르면 아직 카드를 넣지 않았는데도 ic 인식이 안되니 마그네틱으로 결제하라고 뜨고 마그네틱으로 진행해도 결제가 안된다고 하십니다 . Ksnet 결제프로그램 구동 및 재부팅 후에도 동일하여 점검 청하셨습니다 . 해당 내역으로 확인부 탁드립니다,안녕하세요 에이치앤아이디지탈 김유미입니다. 해당 의원 금일 제조사 엔지니어가 방문하여 점검하였습니다. 리더기 고장으로 확인되어 카드리더기 교체 완료하였습니다. 참고 부탁드립니다,GT 보강 시 재사용 가능,low,"카드리더기 IC카드입력시 마그네틱으로 결제요청하고, 마그네틱으로 진행해도 결제 안됨",리더기 오류,HNID 이관 및 리더기 교체로 해결,resolved,,,,,,
clinic_case,135261,1,135261-001,cust:135261,별소아청소년과,135261,1,1,3710511252e6e6516ab8b3193b78697176823a7b,hardware,printer_output,프린터/출력,[통화요청] 키오스크 H/W 통화 요청의 件,2025-08-20 11:20,2025-08-20 14:07,2,TRUE,in_progress,"{""ubcare"": 1, ""distributor"": 1}",[프린터/출력] 키오스크 2 대 중 1 대 프린터 고장으로 a/s 또는 새로 구입 문의 최신 대응: 프린터 교체 여부 재확인을 위해 의원에 연락드렸습니다 / 원내 원장님께서 비용 확인 후 추후 교체 확정될 경우에 의사랑 고객센터로 재접수 요청하신다,키오스크 2 대 중 1 대 프린터 고장으로 a/s 또는 새로 구입 문의,프린터 교체 여부 재확인을 위해 의원에 연락드렸습니다 / 원내 원장님께서 비용 확인 후 추후 교체 확정될 경우에 의사랑 고객센터로 재접수 요청하신다,in_progress,low,안녕하세요 유비케어 병원고객팀 윤혜수 매니저입니다 . 키오스크 문의내역 전달드립니다 . 구분 내용 고객정보 상호명 별소아청소년과 고객명 전지수 요양기관기호 12372528 문의자 이름 원장님 연락 받으실 번호 [PHONE_REDACTED] 문의 내용 및 요청사항 - 이슈: 키오스크 2 대 중 1 대 프린터 고장으로 a/s 또는 새로 구입 문의 해당 내역으로 확인 부 탁 드립니다,"안녕하세요. 윤혜수 매니저님 에이치앤아이디지탈 김하은입니다. 프린터 교체 여부 재확인을 위해 의원에 연락드렸습니다. 원내 원장님께서 비용 확인 후 추후 교체 확정될 경우에 의사랑 고객센터로 재접수 요청하신다 하여, 금번 방문건은 취소하기로 하였습니다",최종 상태가 resolved가 아님,medium,,,,,,,,,,
clinic_case,135499,1,135499-001,cust:135499,수앤정소아청소년과의원,135499,2,1,58925898680a0818eb5cc63ec419680e1c591fc4,software,payment_card_reader,카드결제/리더기,의사랑 키오스크 문의 (수앤정소아청소년과의원 / 12374270),2025-09-15 12:05,2025-09-16 09:13,4,TRUE,resolved,"{""ubcare"": 2, ""distributor"": 2}","[카드결제/리더기] <p class=""MsoNormal"" style=""margin: 0cm; font-family: 굴림; font-size: 12pt; line-height: 16pt; color: rgb(51, 51, 51); text-overflow: 최신 대응: 해당 의원 9/18(목) 제조사 엔지니어 방문 예정이었으나, 금일 방문이 가능하여 오후 중으로 방문 예정입니다 / (의원 안내 완료) 일정 변경 참고 부탁드립니다","<p class=""MsoNormal"" style=""margin: 0cm; font-family: 굴림; font-size: 12pt; line-height: 16pt; color: rgb(51, 51, 51); text-overflow:","해당 의원 9/18(목) 제조사 엔지니어 방문 예정이었으나, 금일 방문이 가능하여 오후 중으로 방문 예정입니다 / (의원 안내 완료) 일정 변경 참고 부탁드립니다",resolved,high,"안녕하세요 유비케어 EMR사업팀 최현용입니다. 키오스크 문의내역 전달드립니다. 구분 내용 고객정보 상호명 수앤정소아청소년과의원 고객명 이정아 요양기관기호 12374270 문의자 이름 최현용 연락 받으실 번호 [PHONE_REDACTED] 문의 내용 및 요청사항 수납화면 카드결제 시 사용할 수 없는 카드입니다.~' 팝업 뜨며 결제불가 다른카드로 결제, 의사랑 업데이트, KSNET프로그램 재시작 등 조치해봤으나 증상 동일합니다. 점검 필요할 것으로 보여 요청드립니다. 해당 내역으로 확인 부 탁 드립니다. 감사합니다","안녕하세요 에이치앤아이디지탈 김유미입니다. 해당 의원 9/18(목) 제조사 엔지니어 방문 예정이었으나, 금일 방문이 가능하여 오후 중으로 방문 예정입니다 (의원 안내 완료) 일정 변경 참고 부탁드립니다",GT 보강 시 재사용 가능,low,수납화면에서 사용할수 없는 카드입니다 오류 발생,리더기 오류,HNID 이관 및 리더기 교체로 해결,resolved,,,,,,
clinic_case,135499,2,135499-002,cust:135499,수앤정소아청소년과의원,135499,2,1,6c933ce2cee76fa21b49365d9ec36ae405d50c6b,hardware,ops_policy_procurement,운영/정책/구매,[통화요청] 키오스크 H/W 통화 요청의 件,2025-09-16 15:12,2025-09-16 15:12,1,TRUE,in_progress,"{""ubcare"": 1}",[운영/정책/구매] 오늘 수리업체 방문하여 처리 받으시고 수리 비용을 납부한것에 대해 세금계산서를 받고 싶다고 요청 주셨습니다. 계산서 발행관련하여 통화 부탁드립니다 최신 대응: 계산서 발행관련하여 통화 부탁드립니다 / 해당 내역으로 확인 부 탁 드립니다,오늘 수리업체 방문하여 처리 받으시고 수리 비용을 납부한것에 대해 세금계산서를 받고 싶다고 요청 주셨습니다. 계산서 발행관련하여 통화 부탁드립니다,계산서 발행관련하여 통화 부탁드립니다 / 해당 내역으로 확인 부 탁 드립니다,in_progress,low,안녕하세요 유비케어 병원고객팀 김선민입니다 . 키오스크 문의내역 전달드립니다 . 구분 내용 고객정보 상호명 수앤정소아청소년과의원 고객명 이정아 요양기관기호 12374270 문의자 이름 여자선생님 연락 받으실 번호 [PHONE_REDACTED] 문의 내용 및 요청사항 - 이슈: 오늘 수리업체 방문하여 처리 받으시고 수리 비용을 납부한것에 대해 세금계산서를 받고 싶다고 요청 주셨습니다 . 계산서 발행관련하여 통화 부탁드립니다 . 해당 내역으로 확인 부 탁 드립니다,안녕하세요 유비케어 병원고객팀 김선민입니다 . 키오스크 문의내역 전달드립니다 . 구분 내용 고객정보 상호명 수앤정소아청소년과의원 고객명 이정아 요양기관기호 12374270 문의자 이름 여자선생님 연락 받으실 번호 [PHONE_REDACTED] 문의 내용 및 요청사항 - 이슈: 오늘 수리업체 방문하여 처리 받으시고 수리 비용을 납부한것에 대해 세금계산서를 받고 싶다고 요청 주셨습니다 . 계산서 발행관련하여 통화 부탁드립니다 . 해당 내역으로 확인 부 탁 드립니다,최종 상태가 resolved가 아님,medium,수리비용 세금계산서 발행요청,세금계산서 발행,HNID 이관,resolved,,,,,,
clinic_case,135829,1,135829-001,cust:135829,라온소아청소년과,135829,4,2,beb133cc3c0f11957499b9861cd20579e61558f8,payment,payment_cancel_refund,결제취소/중복결제,하프키오스크 이중 결제건 취소요청,2025-10-30 08:56,2025-10-30 08:56,1,TRUE,in_progress,"{""ubcare"": 1}",[결제취소/중복결제] 10월29일에 키오스크로 결제한 환자인데 이중 결제되었다고 하시면 중복건 취소 요청하셨습니다 최신 대응: 10월29일에 키오스크로 결제한 환자인데 이중 결제되었다고 하시면 중복건 취소 요청하셨습니다,10월29일에 키오스크로 결제한 환자인데 이중 결제되었다고 하시면 중복건 취소 요청하셨습니다,10월29일에 키오스크로 결제한 환자인데 이중 결제되었다고 하시면 중복건 취소 요청하셨습니다,in_progress,low,"안녕하세요 . 병원고객팀 장유나입니다 . 10월29일에 키오스크로 결제한 환자인데 이중 결제되었다고 하시면 중복건 취소 요청하셨습니다 . 상호명 라온소아청소년과 요양기관번호(면허번호) 34348026 (102511) 고객(사용자번호) 강민(135829) 사업자번호 610-97-08056 고객전화번호 [PHONE_REDACTED] 병원대표번호 [PHONE_REDACTED] 고객 휴대폰 [PHONE_REDACTED] 담당자 [대리] 박대관 담당대리점 메디케어 ( 1644-9516 ) 담당자연락처 [PHONE_REDACTED] 주소 세종특별자치시 새롬중앙로 62-15 303호, 304호, (새롬동) 결제 정보: 권서연 / 6800 원 / 현대 카드 4020178050403106/ 7시10분~20분 취소 부탁드립니다","안녕하세요 . 병원고객팀 장유나입니다 . 10월29일에 키오스크로 결제한 환자인데 이중 결제되었다고 하시면 중복건 취소 요청하셨습니다 . 상호명 라온소아청소년과 요양기관번호(면허번호) 34348026 (102511) 고객(사용자번호) 강민(135829) 사업자번호 610-97-08056 고객전화번호 [PHONE_REDACTED] 병원대표번호 [PHONE_REDACTED] 고객 휴대폰 [PHONE_REDACTED] 담당자 [대리] 박대관 담당대리점 메디케어 ( 1644-9516 ) 담당자연락처 [PHONE_REDACTED] 주소 세종특별자치시 새롬중앙로 62-15 303호, 304호, (새롬동) 결제 정보: 권서연 / 6800 원 / 현대 카드 4020178050403106/ 7시10분~20분 취소 부탁드립니다",최종 상태가 resolved가 아님; 최종 조치가 예정/요청 단계로 보임,high,이중결제 취소요청,이중결제 발생,취소 필요한 결제건 결제시간 및 승인번호 확보하여 운영기획팀 이관하여 취소 진행,resolved,,,,,,
clinic_case,135829,2,135829-002,cust:135829,라온소아청소년과,135829,4,2,48c158da67660592cb3f4a56ad5b598cc57478d8,payment,payment_cancel_refund,결제취소/중복결제,[운영기획팀] 하프키오스크 이중 결제건 취소요청,2025-10-30 14:50,2025-10-31 09:21,2,TRUE,in_progress,"{""ubcare"": 2}","[결제취소/중복결제] 10/29( 수 ) 7 시 10 분경 키오스크 중복결제 발생하여 인입 최신 대응: , 병원고객팀 이연주입니다 / 요청하신 로그 파일 전달 드립니다",10/29( 수 ) 7 시 10 분경 키오스크 중복결제 발생하여 인입,", 병원고객팀 이연주입니다 / 요청하신 로그 파일 전달 드립니다",in_progress,low,"안녕하십니까, 운영기획팀 오창훈 매니저입니다 . 중복결제건 승인번호 확인이 필요하여 아래 내용 요청드립니다 . ■ 라온소아청소년과의원 1) 인입내용: 10/29( 수 ) 7 시 10 분경 키오스크 중복결제 발생하여 인입 2) 요청사항: 해당일시 결제로그 수거하여 전달주시면 이중결제건 정보 확인하여 밴 대리점에 취소요청 진행하도록 하겠습니다 . 3) 연락처: [PHONE_REDACTED]","안녕하세요, 병원고객팀 이연주입니다 . 요청하신 로그 파일 전달 드립니다 . 이상입니다 . 이연주 드림",최종 상태가 resolved가 아님; 최종 조치가 예정/요청 단계로 보임,high,이중결제 취소요청,이중결제 발생,취소 필요한 결제건 결제시간 및 승인번호 확보하여 운영기획팀 이관하여 취소 진행,resolved,,,,,,
clinic_case,135829,3,135829-003,cust:135829,라온소아청소년과,135829,4,2,30cad28bcc22d1745b15fbafb1c1e86c9588650a,payment,payment_cancel_refund,결제취소/중복결제,[유비케어] 라온소아청소년과의원 키오스크 이중결제 여부 확인 요청의 건,2025-10-31 10:28,2025-11-04 14:13,6,FALSE,resolved,"{""ubcare"": 6}","[결제취소/중복결제] fallback 거래인걸로 추정하면 IC 인식이 실패하셨고 MSR로 읽혀서 진행한 것으로 추정됩니다 최신 대응: >From ""[EMAIL_REDACTED]"" Tue Sep 16 16: 14: 04 2025 Received: from WSH-UBExg2.UBWare.com ([IP_REDACTED]) by WSH-UBExg2.UBWare.com ([IP_REDACTED]) with Microsoft SMTP Server (version=TLS1_2, cipher=TLS_ECDHE_RSA_WITH_AES_256_GCM_SHA",fallback 거래인걸로 추정하면 IC 인식이 실패하셨고 MSR로 읽혀서 진행한 것으로 추정됩니다,">From ""[EMAIL_REDACTED]"" Tue Sep 16 16: 14: 04 2025 Received: from WSH-UBExg2.UBWare.com ([IP_REDACTED]) by WSH-UBExg2.UBWare.com ([IP_REDACTED]) with Microsoft SMTP Server (version=TLS1_2, cipher=TLS_ECDHE_RSA_WITH_AES_256_GCM_SHA",resolved,medium,"안녕하십니까, 유비케어 오창훈 매니저입니다 . 라온소아청소년과의원 중복결제 의심되는 내역이 있어, 실제 중복 결제가 발생되었는지 여부 확인 요청드립니다 . - 10 월 29 일 ( 수 ) / 19: 10 분 ~20 분 사이 / 현대카드 / 카드번호 4020178050403106 / 결제금액 6, 800 원 / 고객명 권서연 진행 간 궁금하신 사항이 있으실 경우 편히 말씀 부탁드립니다",">From ""[EMAIL_REDACTED]"" Tue Sep 16 16: 14: 04 2025 Received: from WSH-UBExg2.UBWare.com ([IP_REDACTED]) by WSH-UBExg2.UBWare.com ([IP_REDACTED]) with Microsoft SMTP Server (version=TLS1_2, cipher=TLS_ECDHE_RSA_WITH_AES_256_GCM_SHA384) id 15.2.1544.11 via Mailbox Transport; Tue, 16 Sep 2025 16: 14: 10 +0900 Received: from WSH-UBExg2.UBWare.com ([IP_REDACTED]) by WSH-UBExg2.UBWare.com ([IP_REDACTED]) with Microsoft SMTP Server (version=TLS1_2, cip",GT 보강 시 재사용 가능,low,이중결제 취소요청,이중결제 발생,취소 필요한 결제건 결제시간 및 승인번호 확보하여 운영기획팀 이관하여 취소 진행,resolved,,,,,,
clinic_case,135829,4,135829-004,cust:135829,라온소아청소년과,135829,4,2,5b658747b4fbbcbaa2a132a8a8ca1c449da7dc01,payment,payment_card_reader,카드결제/리더기,[유비케어] 의사랑 키오스크 Smartro 모듈 문의,2025-10-31 10:33,2025-10-31 02:11,2,TRUE,resolved,"{""ubcare"": 2}","[카드결제/리더기] 의사랑 키오스크 사용처에서 이중결제가 발생했다는 이슈가 인입되어 로그 분석을 진행하였습니다 최신 대응: 아래의 경우는 19: 11: 57 쯤 카드 인식 (Fallback 요청 ), 19: 12: 50 쯤 카드인식완료이벤트 발생으로 인해서 발생한 케이스로 보입니다 / (Timeout 또는 완료",의사랑 키오스크 사용처에서 이중결제가 발생했다는 이슈가 인입되어 로그 분석을 진행하였습니다,"아래의 경우는 19: 11: 57 쯤 카드 인식 (Fallback 요청 ), 19: 12: 50 쯤 카드인식완료이벤트 발생으로 인해서 발생한 케이스로 보입니다 / (Timeout 또는 완료",resolved,high,"안녕하세요, 유비케어 정재원입니다 . 의사랑 키오스크 사용처에서 이중결제가 발생했다는 이슈가 인입되어 로그 분석을 진행하였습니다 . 키오스크에서 결제 시 1 분 타임아웃을 두고 Vcat 에 승인요청 전문을 보냅니다 . 타임아웃 이후에 결제가 완료된 내역이 Vcat 로그에서 발견되었습니다 . [ 로그 ] 19: 11: 48 899>> [ 화면리셋 ] 19: 11: 48 918>> HOME Process 19: 11: 48 938>> Not bInsertCKPass 19: 11: 48 958>> Sockect Disconnet OK 19: 11: 48 984>> Sockect Disconnet 19: 11: 49 004>> Logfilecheck 19: 11: 49 023>> Logfilecheck 끝 19: 11: 49 043>> HOME Process End 19: 11: 49 597>> TVC","안녕하세요 스마트로 김세영입니다 모듈에서 내부적으로 타임아웃을 체크할 때 다른 데이터 통신이 송수신 되는 경우 타임아웃 시간이 연장됩니다 아래의 경우는 19: 11: 57 쯤 카드 인식 (Fallback 요청 ), 19: 12: 50 쯤 카드인식완료이벤트 발생으로 인해서 발생한 케이스로 보입니다 19: 11: 57 659>> sCode -> 1M ß MS 대기 상태 이벤트 19: 12: 50 541>> sCode -> CK ß 카드 인식 이런 케이스의 경우 별도로 내부에서 타임아웃 관리를 안하시는 것을 추천드립니다 (Timeout 또는 완료 이벤트로 판단 ) 또는 꼭 Timeout 시간을 내부와 동일하게 가지고 가셔야 한다면 VCAT UI 를 사용하시면 중간에 상태값을 전달하지 않으므로 타임아웃 시간이 연장되지 않습니다 업무에 참고해주세요",GT 보강 시 재사용 가능,low,이중결제 취소요청,이중결제 발생,취소 필요한 결제건 결제시간 및 승인번호 확보하여 운영기획팀 이관하여 취소 진행,resolved,,,,,,
clinic_case,136662,1,136662-001,cust:136662,열린정신건강의학과의원,136662,1,0,ce37814d2464288d5a3f6e1da4f41a1c4b096a53,hardware,device_power_display,전원/화면,[통화요청] 키오스크 H/W 통화 요청의 件,2025-07-01 11:48,2025-07-03 11:27,8,TRUE,resolved,"{""ubcare"": 4, ""distributor"": 3, ""external"": 1}","[전원/화면] 자세한 증상 확인차 의원 연락 드리니, 전일 오전부터 터치 불가 이슈 발생했다고 합니다 최신 대응: 해당 의원 제조사 엔지니어 방문하여 점검한 결과, 터치패널을 고정하고 있는 필름 일부가 움직이면서 터치 오작동이 발생한 것으로 확인됩니다 / 해당 필름을 재장착한 후 정상적으로 작동하는 것을 확인하였습니다","자세한 증상 확인차 의원 연락 드리니, 전일 오전부터 터치 불가 이슈 발생했다고 합니다","해당 의원 제조사 엔지니어 방문하여 점검한 결과, 터치패널을 고정하고 있는 필름 일부가 움직이면서 터치 오작동이 발생한 것으로 확인됩니다 / 해당 필름을 재장착한 후 정상적으로 작동하는 것을 확인하였습니다",resolved,high,안녕하세요 . 유비케어 병원고객팀 김민수입니다 . 키오스크 문의내역 전달드립니다 . 구분 내용 고객정보 상호명 열린정신건강의학과의원 고객명 장현정 요양기관기호 33321531 문의자 이름 접수실 선생님 연락 받으실 번호 [PHONE_REDACTED] ( 의원 연락처 ) 문의 내용 및 요청사항 키오스크 화면 터치가 안된다고 문의주셨습니다. 재부팅하면 잠깐 터치가 됐다가 시간 지나면 증상이 반복된다고 하십니다. 해당 내역으로 확인부 탁드립니다,"안녕하세요 에이치앤아이디지탈 김유미입니다. 해당 의원 제조사 엔지니어 방문하여 점검한 결과, 터치패널을 고정하고 있는 필름 일부가 움직이면서 터치 오작동이 발생한 것으로 확인됩니다. 해당 필름을 재장착한 후 정상적으로 작동하는 것을 확인하였습니다. 참고 부탁드립니다",GT 보강 시 재사용 가능,low,터치패드 터치불가,터치패널 고정필름이 움직이며 터치 불가현상 발생,터치패널 고정필름 재장착 후 정상작동 확인,resolved,,,,,,
clinic_case,139033,1,139033-001,cust:139033,코코소아청소년과의원,139033,3,0,2a20945018770ab5b323f87d408ebd9d66b6b26c,payment,payment_card_reader,카드결제/리더기,[통화요청] 키오스크 S/W 점검 요청의 件,2025-08-11 09:26,2025-08-11 11:23,2,TRUE,resolved,"{""ubcare"": 2}","[카드결제/리더기] 카드결제 시 오류 발생 및 프린터 연결 불안정으로 인입되었습니다 최신 대응: 결제 실패 오류: 고정 IP 가 빠져 있어서 발생 했던 것으로 판단되며, IP 넣고 결제 시 정상적으로 되는 부분 확인 하였습니다 / 프린트 출력 오류: 8/9 일 출력했던 문서가 오류로 인해 걸려 있어서 이후 모든 문서 출력이 막혀있던 상황으로 삭제 처리 후 정상적으로 출력되는 부분 확인 하였습니다",카드결제 시 오류 발생 및 프린터 연결 불안정으로 인입되었습니다,"결제 실패 오류: 고정 IP 가 빠져 있어서 발생 했던 것으로 판단되며, IP 넣고 결제 시 정상적으로 되는 부분 확인 하였습니다 / 프린트 출력 오류: 8/9 일 출력했던 문서가 오류로 인해 걸려 있어서 이후 모든 문서 출력이 막혀있던 상황으로 삭제 처리 후 정상적으로 출력되는 부분 확인 하였습니다",resolved,high,"안녕하십니까, 운영기획팀 오창훈 매니저입니다 . 대호메디케어 지역 코코소아청소년과의원 (139033), 의사랑 풀 K 및 하프 K 각 1 대씩 사용하는 고객으로, 하프 K 이슈 발생하여 대리점 담당자로부터 서비스 요청 인입되었습니다 . ■ 코코소아청소년과의원 ( 인천시 연수구 )_ 의사랑 풀 K, 하프 K 각 1 대 사용 1) 인입내용: 하프 K 에서 문제가 발생하였으며, 카드결제 시 오류 발생 및 프린터 연결 불안정으로 인입되었습니다 . 2) 요청사항: 납품이후 현재까지 약 9 개월 정도 사용한 곳으로 카드단말기 물리적 오류 발생가능성이 있으나 프린터 연결 및 인쇄도 불안정한 것으로 전달받아 HNID 에 점검요청 전 SW 부분 선 점검 위해 내용 전달드립니다 . 3) 연락처: [PHONE_REDACTED]( 병의원 ) 내용 확인하시고 점검 부탁드리며, 추가적으로 궁금하신 점 있으시면 언제든 말","안녕하세요 . 병원고객팀 오태민 입니다 . 해당 의원 연락하여 처리 완료 했으며, 원인은 다음과 같습니다 . 결제 실패 오류: 고정 IP 가 빠져 있어서 발생 했던 것으로 판단되며, IP 넣고 결제 시 정상적으로 되는 부분 확인 하였습니다 . 프린트 출력 오류: 8/9 일 출력했던 문서가 오류로 인해 걸려 있어서 이후 모든 문서 출력이 막혀있던 상황으로 삭제 처리 후 정상적으로 출력되는 부분 확인 하였습니다",GT 보강 시 재사용 가능,low,"1. 수납화면에서 사용할수 없는 카드입니다 오류 발생

2. 프린터 출력 안됨",네트워크 설정 이슈로 카드결제 및 프린터 출력 안되는 것으로 파악,"1. 고정 IP가 빠져있어서 카드 결제가 안되었음
2. 이전에 출력한 문서가 오류로 대기열에 걸려있어 출력이 막혀있던 상황으로 삭제처리후 정상출력확인",resolved,,,,,,
clinic_case,139033,2,139033-002,cust:139033,코코소아청소년과의원,139033,3,0,93215de6c481dc6dddf6fd1693f33761ee32ef60,hardware,payment_cancel_refund,결제취소/중복결제,[통화요청] 키오스크 H/W 통화 요청의 件,2026-01-12 10:56,2026-01-12 11:12,3,TRUE,resolved,"{""distributor"": 2, ""ubcare"": 1}",[결제취소/중복결제] 하프키오스크 인터넷이 안되어 의원에서 자체적으로 점검해 보니 최신 대응: 조금 전 의원에서 선 재장착 후 정상 작동되어 방문 취소 요청주셔 참고 부탁드립니다,하프키오스크 인터넷이 안되어 의원에서 자체적으로 점검해 보니,조금 전 의원에서 선 재장착 후 정상 작동되어 방문 취소 요청주셔 참고 부탁드립니다,resolved,high,"안녕하세요 . 유비케어 운영기획팀 오창훈 매니저입니다 . 키오스크 관련 대리점 담당자 문의 인입되어 내역 전달 드립니다 . 구분 내용 고객정보 상호명 코코소아청소년과의원 고객명 조아름 요양기관기호 41375556 문의자 이름 유비케어 ( 경인 ) 양진영 담당자 ([PHONE_REDACTED]) 연락 받으실 번호 [PHONE_REDACTED] ( 병원 대표번호 ) 문의 내용 및 요청사항 23 년 8 월 풀 키오스크 납품 / 24 년 11 월 하프 키오스크 납품받은 의원으로, 하프키오스크 인터넷이 안되어 의원에서 자체적으로 점검해 보니 하프키오스크 설치 시 함께 세팅되었던 허브에 불이 들어오지 않아 문의 인입 확인 부탁드립니다",안녕하세요 에이치앤아이디지탈 김하은입니다. 조금 전 의원에서 선 재장착 후 정상 작동되어 방문 취소 요청주셔 참고 부탁드립니다,GT 보강 시 재사용 가능,low,키오스크 인터넷 안됨,통신허브 랜선장착불량,랜선재장착후 정상작동,resolved,,,,,,
clinic_case,139033,3,139033-003,cust:139033,코코소아청소년과의원,139033,3,0,5e07e6b0a00c7b601bb6f1153f8c48b56874c95d,payment,payment_card_reader,카드결제/리더기,[통화요청] 키오스크 H/W 통화 요청의 件,2026-02-04 14:07,2026-02-04 14:48,2,TRUE,resolved,"{""ubcare"": 1, ""distributor"": 1}",[카드결제/리더기] 제목 코코소아청소녁과의원으로 정정합니다 최신 대응: 해당 의원과 통화하여 하프형 키오스크 카드리더기 멀티패드 재부팅 후 키오스크 본체 재부팅 요청드렸습니다 / 재부팅 후 현재 정상적으로 결제 진행되고 있다고 합니다,제목 코코소아청소녁과의원으로 정정합니다,해당 의원과 통화하여 하프형 키오스크 카드리더기 멀티패드 재부팅 후 키오스크 본체 재부팅 요청드렸습니다 / 재부팅 후 현재 정상적으로 결제 진행되고 있다고 합니다,resolved,high,제목 코코소아청소녁과의원으로 정정합니다,안녕하세요 에이치앤아이디지탈 김유미입니다. 해당 의원과 통화하여 하프형 키오스크 카드리더기 멀티패드 재부팅 후 키오스크 본체 재부팅 요청드렸습니다. 재부팅 후 현재 정상적으로 결제 진행되고 있다고 합니다. 참고 부탁드립니다,GT 보강 시 재사용 가능,low,1. 수납화면에서 사용할수 없는 카드입니다 오류 발생,네트워크 설정오류로 카드결제 안됨,멀티패드 및 본체 재부팅 후 정상작동,resolved,,,,,,
clinic_case,139111,1,139111-001,cust:139111,연세키즈웰소아청소년과,139111,4,1,20aa7222e85288c150ef882adb282ce748c3e58e,hardware,printer_output,프린터/출력,[통화요청] 키오스크 H/W 통화 요청의 件,2025-05-20 14:24,2025-05-22 13:53,3,TRUE,resolved,"{""distributor"": 2, ""ubcare"": 1}","[프린터/출력] : 어제 저녁부터 키오스크 프린터에서 백지가 계속 출력되고 있다고 합니다. 키오스크 종료 또는 프린터 종료 하면 출력되지않으나 재실행하면동일하게 백지 출력이 된다고 하여 대기문서도 확인해봤으나 대기문서 없고, 스풀진행 해도 계속 백지 출력된다고 하여 확인 부탁드립니다 최신 대응: 금일 삼성 엔지니어 해당 의원에 재방문하여, LSU 부품 교체 후 정상 출력되는 점 확인 완료하였습니다 / 참고 부탁드립니다",": 어제 저녁부터 키오스크 프린터에서 백지가 계속 출력되고 있다고 합니다. 키오스크 종료 또는 프린터 종료 하면 출력되지않으나 재실행하면동일하게 백지 출력이 된다고 하여 대기문서도 확인해봤으나 대기문서 없고, 스풀진행 해도 계속 백지 출력된다고 하여 확인 부탁드립니다","금일 삼성 엔지니어 해당 의원에 재방문하여, LSU 부품 교체 후 정상 출력되는 점 확인 완료하였습니다 / 참고 부탁드립니다",resolved,high,"안녕하세요 유비케어 병원고객팀 정주연시니어매니저 입니다 . 키오스크 문의내역 전달드립니다 . 구분 내용 고객정보 상호명 연세키즈웰소아청소년과 고객명 서진석 요양기관기호 41358384 문의자 이름 접수실 여자선생님 연락 받으실 번호 [PHONE_REDACTED] ([PHONE_REDACTED]) 문의 내용 및 요청사항 - 이슈: 어제 저녁부터 키오스크 프린터에서 백지가 계속 출력되고 있다고 합니다. 키오스크 종료 또는 프린터 종료 하면 출력되지않으나 재실행하면동일하게 백지 출력이 된다고 하여 대기문서도 확인해봤으나 대기문서 없고, 스풀진행 해도 계속 백지 출력된다고 하여 확인 부탁드립니다. 해당 내역으로 확인부 탁드립니다","안녕하세요 에이치앤아이디지탈 김유미입니다. 금일 삼성 엔지니어 해당 의원에 재방문하여, LSU 부품 교체 후 정상 출력되는 점 확인 완료하였습니다. 참고 부탁드립니다",GT 보강 시 재사용 가능,low,프린터에서 계속 백지가 출력됨,프린터 오류,LSU 부품 교체후 정상출력 확인,resolved,,,,,,
clinic_case,139111,2,139111-002,cust:139111,연세키즈웰소아청소년과,139111,4,1,bf96cb6a6849f5cccb5740613cb6c0cf404f2008,hardware,payment_card_reader,카드결제/리더기,[통화요청] 키오스크 H/W 통화 요청의 件,2025-09-18 14:31,2025-09-22 09:55,3,TRUE,resolved,"{""distributor"": 2, ""ubcare"": 1}",[카드결제/리더기] 키오스크 결제시 칩인식이 되지 않아 긁어주세요 라고 뜨고 결제 안되는 증상으로 문의주셨습니다 최신 대응: 해당 의원 9/19(금) 제조사 엔지니어 방문하여 카드리더기 교체 완료하였습니다 / 참고 부탁드립니다,키오스크 결제시 칩인식이 되지 않아 긁어주세요 라고 뜨고 결제 안되는 증상으로 문의주셨습니다,해당 의원 9/19(금) 제조사 엔지니어 방문하여 카드리더기 교체 완료하였습니다 / 참고 부탁드립니다,resolved,high,안녕하세요 유비케어 병원고객팀 장혜정입니다 . 키오스크 문의내역 전달드립니다 . 구분 내용 고객정보 상호명 연세키즈웰소아청소녀과 고객명 서진석 요양기관기호 41358384 문의자 이름 여자선생님 연락 받으실 번호 [PHONE_REDACTED] 문의 내용 및 요청사항 - 이슈: 키오스크 결제시 칩인식이 되지 않아 긁어주세요 라고 뜨고 결제 안되는 증상으로 문의주셨습니다 . 확인 부탁드립니다 . 해당 내역으로 확인 부 탁 드립니다,안녕하세요 에이치앤아이디지탈 김유미입니다. 해당 의원 9/19(금) 제조사 엔지니어 방문하여 카드리더기 교체 완료하였습니다. 참고 부탁드립니다,GT 보강 시 재사용 가능,low,"키오스크 결제 시 IC칩 인식불가, 마그네틱 결제 요청 발생",카드리더기 고장 현상,HNID 이관 및 리더기 교체로 해결,resolved,,,,,,
clinic_case,139111,3,139111-003,cust:139111,연세키즈웰소아청소년과,139111,4,1,fd0be70b0ef0803f32cd12e987ca1fba35be5452,software,payment_card_reader,카드결제/리더기,[HNID] 의사랑 프로그램 점검 요청드립니다. RE: [통화요청] 키오스크 H/W 통화 요청의 件,2025-09-18 15:22,2025-09-18 15:33,2,TRUE,resolved,"{""distributor"": 1, ""ubcare"": 1}","[카드결제/리더기] 프로그램오류_의원(파주)_250918.mp4 (41.02 MB) 최신 대응: 이에 대응 방안으로 자동재실행 기능 을 개발하여 개별 배포하였고, 이번 비정기 5 차 업데이트 에 포함되었습니다 / 단, 키오스크 플레이어 내의 좌측 상단 아이콘 5 번 터치 후 “ 프로그램 종료 ” 메뉴를 통해 정상적으로 종료한 경우에는 자동 재실행이 이루어지지 않습니다",프로그램오류_의원(파주)_250918.mp4 (41.02 MB),"이에 대응 방안으로 자동재실행 기능 을 개발하여 개별 배포하였고, 이번 비정기 5 차 업데이트 에 포함되었습니다 / 단, 키오스크 플레이어 내의 좌측 상단 아이콘 5 번 터치 후 “ 프로그램 종료 ” 메뉴를 통해 정상적으로 종료한 경우에는 자동 재실행이 이루어지지 않습니다",resolved,high,"대용량 첨부파일 1개 - 다운로드 기한: 2025-10-02 / 최대 500 회 가능 프로그램오류_연세키즈웰소아청소년과의원(파주)_250918.mp4 (41.02 MB) 안녕하세요 에이치앤아이디지탈 김유미입니다. 해당 문의건 관련하여 의원과 통화 후 확인된 내용을 전달드립니다. 우선, 해당 의원 키오스크 2대 중 1번 기기 에 서 발생한 증상입니다. 카드 IC칩 결제 불가 인입건의 경우, KSCAT 카드리더기 프로그램 업데이트 진행 후 정상 작동하는 경우가 많아 원격 접속을 통해 업데이트를 시도하고자 하였습니다. 그러나 원격 접속 시, 의사랑 프로그램을 종료해도 계속 자동 실행되는 현상이 발생하여 업데이트 설치 자체가 불가능한 상황이었습니다. 이러한 상태에서는 제조사 엔지니어가 방문하더라도 점검이 어려운 만큼, 우선 의사랑 S/W 프로그램 점검을 요청드립니다. 관련 상황은 원격 화면을 녹화하여 ","안녕하세요 . 유비케어 모바일페이개발팀 정재원입니다 . 과거 특정 의원에서 접수 시 플레이어가 예기치 않게 종료되는 현상이 발생하여 내부적으로 원인을 확인하였으나 다양한 상황이 복합적으로 작용해 명확한 규명이 어려웠습니다 . 이에 대응 방안으로 자동재실행 기능 을 개발하여 개별 배포하였고, 이번 비정기 5 차 업데이트 에 포함되었습니다 . 따라서 업데이트를 적용하신 의원에서는 프로그램 종료 시 자동으로 재실행되는 기능이 동작하게 됩니다 . 단, 키오스크 플레이어 내의 좌측 상단 아이콘 5 번 터치 후 “ 프로그램 종료 ” 메뉴를 통해 정상적으로 종료한 경우에는 자동 재실행이 이루어지지 않습니다 . 관련하여 문의사항이 있으시면 연락 부탁드립니다",GT 보강 시 재사용 가능,low,키오스크 프로그램 종료해도 자꾸 자동 실행됨,키오스크 SW 메뉴에서 종료하지 않으면 자동 재실행됨,메뉴에서 종료하여 해결,resolved,,,,,,
clinic_case,139111,4,139111-004,cust:139111,연세키즈웰소아청소년과,139111,4,1,c185fdf3a40561931573f2147a46eb551e62a8be,software,payment_card_reader,카드결제/리더기,[통화요청] 키오스크 H/W 통화 요청의 件,2026-01-12 15:44,2026-01-13 17:03,3,TRUE,in_progress,"{""distributor"": 2, ""ubcare"": 1}",[카드결제/리더기] 칩 인식불가 및 마그네틱 결제 요청 발생 최신 대응: 금일 제조사 엔지니어 방문드려 카드리더기 교체 진행하였습니다,칩 인식불가 및 마그네틱 결제 요청 발생,금일 제조사 엔지니어 방문드려 카드리더기 교체 진행하였습니다,in_progress,low,안녕하세요 . 유비케어 운영기획팀 오창훈 매니저입니다 . 키오스크 관련 대리점 담당자 문의 인입되어 내역 전달 드립니다 . 구분 내용 고객정보 상호명 연세키즈웰소아청소년과 고객명 서진석 요양기관기호 41358384 문의자 이름 이안메드 김용욱 담당자 ([PHONE_REDACTED]) 통해 이관 연락 받으실 번호 [PHONE_REDACTED] 문의 내용 및 요청사항 해당병원 1 번 키오스크 카드단말기 간헐적 IC 칩 인식불가 및 마그네틱 결제 요청 발생 KSCAT 데몬프로그램 최신 버전으로 업데이트 및 리더기 앞쪽 리셋버튼 눌러보았습니다만 모든 결제에 대해 지속적으로 IC 칩 인식불가 오류 발생하여 점검 요청드립니다 . 확인 부탁드립니다,"안녕하세요 에이치앤아이디지탈 김유미입니다. 금일 제조사 엔지니어 방문드려 카드리더기 교체 진행하였습니다. - 비용: 출장비 66, 000원 + 카드리더기 109, 000원 발생하였습니다",최종 상태가 resolved가 아님,medium,"키오스크 결제 시 IC칩 인식불가, 마그네틱 결제 요청 발생",카드리더기 고장 현상,HNID 이관 및 리더기 교체로 해결,resolved,,,,,,
clinic_case,139132,1,139132-001,cust:139132,화성이엠365의원,139132,8,2,dea39e03e41fc8f2ceba7c28fc748ff4b5a5b3ba,hardware,printer_output,프린터/출력,[통화요청] 키오스크 H/W 통화 요청의 件,2025-03-31 15:48,2025-03-31 15:48,1,FALSE,resolved,"{""ubcare"": 1}","[프린터/출력] 랜포트 링크 끊김 로그가 있는지 최신 대응: 프린터 설정 이슈일 수도 있고, 인터넷 연결장애일 수도, 셋탑 기기 문제일 수도, 리소스가 깨진 경우라면 재설치로 해결해야 할 수도 있습니다 / IP/ 호스트명 중복으로 인한 이슈 발생 중인지 à 원내 다른 장비에 IP 중복장비 찾기 à 못찾으면 키오스크 IP 변경 및 의사랑 환경설정 적용 랜포트 링크 끊김 로그가 있는지 à 셋탑교체",랜포트 링크 끊김 로그가 있는지,"프린터 설정 이슈일 수도 있고, 인터넷 연결장애일 수도, 셋탑 기기 문제일 수도, 리소스가 깨진 경우라면 재설치로 해결해야 할 수도 있습니다 / IP/ 호스트명 중복으로 인한 이슈 발생 중인지 à 원내 다른 장비에 IP 중복장비 찾기 à 못찾으면 키오스크 IP 변경 및 의사랑 환경설정 적용 랜포트 링크 끊김 로그가 있는지 à 셋탑교체",resolved,high,"안녕하세요, 모바일페이개발팀 정웅기입니다 . “ 흰 화면 노출 ” 증상은 다양한 원인으로 나올 수 있습니다 . 프린터 설정 이슈일 수도 있고, 인터넷 연결장애일 수도, 셋탑 기기 문제일 수도, 리소스가 깨진 경우라면 재설치로 해결해야 할 수도 있습니다 . 금번 개별배포로 대응 가능한 부분은 프린터 연결 장애가 발생하는 경우 입니다 . 재부팅 직후에는 문제가 없다가 쓰다 보면 발생하는 것으로 보아 다른 장비와 IP 가 충돌하거나 셋탑에 문제가 있는 것으로 의심 되는데, 원인이 명확하지 않은 상태에서 개별배포로 대응하면 오히려 대응이후에도 해결 되지 않는다는 불만으로 연결될 수 있을 듯 합니다 . 좀 더 명확한 원인 파악을 위해 흰 화면 발생 상황을 파악 해 주시면 큰 도움이 됩니다 . 지금까지는 단순히 흰 화면이 발생했다는 것 이외의 정보가 없고, 내부에서 재현도 되지 않아 대응이 어려운 상황입니","안녕하세요, 모바일페이개발팀 정웅기입니다 . “ 흰 화면 노출 ” 증상은 다양한 원인으로 나올 수 있습니다 . 프린터 설정 이슈일 수도 있고, 인터넷 연결장애일 수도, 셋탑 기기 문제일 수도, 리소스가 깨진 경우라면 재설치로 해결해야 할 수도 있습니다 . 금번 개별배포로 대응 가능한 부분은 프린터 연결 장애가 발생하는 경우 입니다 . 재부팅 직후에는 문제가 없다가 쓰다 보면 발생하는 것으로 보아 다른 장비와 IP 가 충돌하거나 셋탑에 문제가 있는 것으로 의심 되는데, 원인이 명확하지 않은 상태에서 개별배포로 대응하면 오히려 대응이후에도 해결 되지 않는다는 불만으로 연결될 수 있을 듯 합니다 . 좀 더 명확한 원인 파악을 위해 흰 화면 발생 상황을 파악 해 주시면 큰 도움이 됩니다 . 지금까지는 단순히 흰 화면이 발생했다는 것 이외의 정보가 없고, 내부에서 재현도 되지 않아 대응이 어려운 상황입니",GT 보강 시 재사용 가능,low,흰화면 발생 및 터치불가 현상,명확하지 않음,명확하지 않음,unresolved,,,,,,
clinic_case,139132,2,139132-002,cust:139132,화성이엠365의원,139132,8,2,6904ae641bfe81cc11ede3a67f7a05f9a29ee369,hardware,printer_output,프린터/출력,[사업기획팀] 의사랑 키오스크 셋탑 교체 진행 요청의 件,2025-04-01 10:58,2025-04-01 10:58,1,TRUE,resolved,"{""ubcare"": 1}",[프린터/출력] ① 프린터 응답 없음 최신 대응: 전까지 “셋탑 교체 미진행” / 유비케어 -HNID 間 이슈 관련 지속 공유 통해 대응방안 강구 → 화성이엠 365 의원: (4/ / 1) 키오스크 이슈 재발 > 셋탑 교체 진행 (HNID) 방문일정 조율 (DRCTS) 셋탑 교체 / 기존 셋탑 회수 후 상세 점검 진행 점검결과 ( 상세 ) 공유 (to HNID/UB) 2,① 프린터 응답 없음,전까지 “셋탑 교체 미진행” / 유비케어 -HNID 間 이슈 관련 지속 공유 통해 대응방안 강구 → 화성이엠 365 의원: (4/ / 1) 키오스크 이슈 재발 > 셋탑 교체 진행 (HNID) 방문일정 조율 (DRCTS) 셋탑 교체 / 기존 셋탑 회수 후 상세 점검 진행 점검결과 ( 상세 ) 공유 (to HNID/UB) 2,resolved,medium,"안녕하세요, 김하은 매니저님 유비케어 최미선입니다 . 화성이엠 365 의원 키오스크 2 대 모두 셋탑 교체 진행해주시기 바랍니다 .( 연락처: [PHONE_REDACTED]) 셋텁 교체 후 회수한 셋탑 2 대는 DRCTS 에서 상세 점검 부탁드리며, 점검 결과 공유주시면 감사하겠습니다 . 기타, 아래와 같이 “ 흰 화면 노출 ” 증상 이슈 3 처에 대한 히스토리 및 추후 진행 사항 공유드리오니 업무에 참고 부탁드립니다 . ■ 의사랑 키오스크 주요 이슈 / FU 1. 히스토리 1) 주요 이슈: 키오스크 사용 도중 “흰 화면 노출” 증상 2) 발생 원인 ( 예상 ): ① 프린터 응답 없음 or 네트워크 장애 > 내부 재현 가능 ② 인터넷 연결 장애 ( 네트워크 이름 충돌 / 원내 타 장비 ( 또는 PC) 와 IP 충돌 등 ) > 내부 재현 불가 ③ 셋탑 이슈 > 내부 재현 불가 ⇒ 기능 개선: 발생","안녕하세요, 김하은 매니저님 유비케어 최미선입니다 . 화성이엠 365 의원 키오스크 2 대 모두 셋탑 교체 진행해주시기 바랍니다 .( 연락처: [PHONE_REDACTED]) 셋텁 교체 후 회수한 셋탑 2 대는 DRCTS 에서 상세 점검 부탁드리며, 점검 결과 공유주시면 감사하겠습니다 . 기타, 아래와 같이 “ 흰 화면 노출 ” 증상 이슈 3 처에 대한 히스토리 및 추후 진행 사항 공유드리오니 업무에 참고 부탁드립니다 . ■ 의사랑 키오스크 주요 이슈 / FU 1. 히스토리 1) 주요 이슈: 키오스크 사용 도중 “흰 화면 노출” 증상 2) 발생 원인 ( 예상 ): ① 프린터 응답 없음 or 네트워크 장애 > 내부 재현 가능 ② 인터넷 연결 장애 ( 네트워크 이름 충돌 / 원내 타 장비 ( 또는 PC) 와 IP 충돌 등 ) > 내부 재현 불가 ③ 셋탑 이슈 > 내부 재현 불가 ⇒ 기능 개선: 발생",이슈 요약 근거가 약함,low,흰화면 발생 및 터치불가 현상,명확하지 않음,명확하지 않음,unresolved,,,,,,
clinic_case,139132,3,139132-003,cust:139132,화성이엠365의원,139132,8,2,07c7dcd3b5ca174a12aa70127702846fe7ec1eb6,software,software_update_or_log,SW업데이트/로그,[사업기획팀] 의사랑 키오스크 셋탑 교체 진행 지원 요청의 件,2025-04-03 18:19,2025-04-03 18:19,1,TRUE,resolved,"{""ubcare"": 1}","[SW업데이트/로그] 차주 월요일 (4/7) 화성이엠 365 의원 셋탑 교체 치 프로그램 설치 지원 및 기타 셋탑 점검 요청 메일드립니다 최신 대응: 내부적으로 예상되는 원인에 대해 ‘ 기능 개선 / 개별 배포 ’ 진행하였으나 동일증상 재발되어 셋탑 교체 진행 / 회수 후 점검 예정입니다 / ) @ HNID, 4/7( 월 ) 방문 일정 픽스 / 교체된 셋탑 ( 셋탑 내 HW 부품 별 상세 ) 관련 추가 점검 가능여부 재확인 요청드립니다",차주 월요일 (4/7) 화성이엠 365 의원 셋탑 교체 치 프로그램 설치 지원 및 기타 셋탑 점검 요청 메일드립니다,"내부적으로 예상되는 원인에 대해 ‘ 기능 개선 / 개별 배포 ’ 진행하였으나 동일증상 재발되어 셋탑 교체 진행 / 회수 후 점검 예정입니다 / ) @ HNID, 4/7( 월 ) 방문 일정 픽스 / 교체된 셋탑 ( 셋탑 내 HW 부품 별 상세 ) 관련 추가 점검 가능여부 재확인 요청드립니다",resolved,medium,"안녕하세요, 사업기획팀 최미선입니다 . 차주 월요일 (4/7) 화성이엠 365 의원 셋탑 교체 치 프로그램 설치 지원 및 기타 셋탑 점검 요청 메일드립니다 . @ 에버넷, 차주 월요일 (4/7) 현장 방문 인력 확보 및 프로그램 ( 의사랑 / 키오스크 ) 재설치 요청 드립니다 .( 현장 방문 담당자 및 연락처 전달 부탁드립니다 .) 상기 의원 키오스크 2 대 모두 사용 도중 “ 흰 화면 ” 이 지속 노출되고 있으나, 정확한 원인을 파악할 수 없어 셋탑 점검 및 교체가 필요한 상황입니다 . 내부적으로 예상되는 원인에 대해 ‘ 기능 개선 / 개별 배포 ’ 진행하였으나 동일증상 재발되어 셋탑 교체 진행 / 회수 후 점검 예정입니다 . @ UB- 모바일페이개발팀, 프로그램 설치 후, 네트워크 (PC- 프린터 IP 설정 등 ) 또는 파일 누락 없이 프로그램 설치가 정상 반영되었는지 최종 점검 요청드립니다","안녕하세요, 사업기획팀 최미선입니다 . 차주 월요일 (4/7) 화성이엠 365 의원 셋탑 교체 치 프로그램 설치 지원 및 기타 셋탑 점검 요청 메일드립니다 . @ 에버넷, 차주 월요일 (4/7) 현장 방문 인력 확보 및 프로그램 ( 의사랑 / 키오스크 ) 재설치 요청 드립니다 .( 현장 방문 담당자 및 연락처 전달 부탁드립니다 .) 상기 의원 키오스크 2 대 모두 사용 도중 “ 흰 화면 ” 이 지속 노출되고 있으나, 정확한 원인을 파악할 수 없어 셋탑 점검 및 교체가 필요한 상황입니다 . 내부적으로 예상되는 원인에 대해 ‘ 기능 개선 / 개별 배포 ’ 진행하였으나 동일증상 재발되어 셋탑 교체 진행 / 회수 후 점검 예정입니다 . @ UB- 모바일페이개발팀, 프로그램 설치 후, 네트워크 (PC- 프린터 IP 설정 등 ) 또는 파일 누락 없이 프로그램 설치가 정상 반영되었는지 최종 점검 요청드립니다",GT 보강 시 재사용 가능,low,흰화면 발생 및 터치불가 현상,명확하지 않음,명확하지 않음,unresolved,,,,,,
clinic_case,139132,4,139132-004,cust:139132,화성이엠365의원,139132,8,2,3cf59a54b231b33265f67a74d87e21344546034e,hardware,network_connection,네트워크/IP,[사업기획팀] 의사랑 키오스크 셋탑 교체 일자및 점검 가이드 공유 件,2025-04-04 16:24,2025-04-07 17:48,3,TRUE,resolved,"{""ubcare"": 3}","[네트워크/IP] 에선 부품적으로 점검이 불가능하여 최신 대응: 셋탑 교체 후 HNID에서 HW 기본 설정값을 확인하였고, 양측에서 결제 테스트까지 진행한 결과 이상 없이 정상 작동하는 것을 확인한 뒤 철수하였습니다 / 현재 셋탑 교체는 완료된 상태이며, 향후 흰 화면 노출 여부에 대해서는 일정 기간 모니터링이 필요할 것으로 보입니다",에선 부품적으로 점검이 불가능하여,"셋탑 교체 후 HNID에서 HW 기본 설정값을 확인하였고, 양측에서 결제 테스트까지 진행한 결과 이상 없이 정상 작동하는 것을 확인한 뒤 철수하였습니다 / 현재 셋탑 교체는 완료된 상태이며, 향후 흰 화면 노출 여부에 대해서는 일정 기간 모니터링이 필요할 것으로 보입니다",resolved,high,"안녕하세요, 유비케어 사업기획팀 최미선입니다 . 화성이엠 365 의원 의사랑 키오스크 셋탑 교체 일자 및 점검 가이드 공유드립니다 .( 확정 ) 교체일자: 4 월 7 일 ( 월 ) 오후 3 시 ~ 진행 사항: 셋탑 2 대 점검 및 교체 + 프로그램 ( 의사랑 / 키오스크 ) 설치 후 테스트 점검 → 현장 지원 담당자: DRCTS( 제조사 엔지니어 ) / 에버넷 박해민 차장 점검 가이드는 아래 전달드리오니, 참고하시어 대응 부탁드립니다 . ■ 화성이엠 365 의원 _ 현장 점검 / 진행 가이드 구분 지원 내용 담당자 ( 또는 업체 ) 고객 안내 - 금일 진행 예정인 셋탑 점검 사항 및 부품 교체 관련 가이드 (to 고객 ) 박해민 차장님 점검가이드 셋탑 점검: 랜선 연결부 / 윈도우 상태 점검 2) 셋탑 外 전반적인 기기 내 부품 상태 점검 * 향후 점검 결과 공유주실 때, ‘1) / 2) 번 ’","안녕하세요, 매니저님 에이치앤아이디지탈 김유미입니다. 화성이엠365의원 조치 결과를 아래와 같이 공유드립니다. 금일 박해민 차장님과 DRCTS 엔지니어가 함께 현장 방문하여, 키오스크 2대에 대한 전반적인 점검 및 셋탑 교체를 진행하였습니다. 셋탑 교체 후 HNID에서 HW 기본 설정값을 확인하였고, 양측에서 결제 테스트까지 진행한 결과 이상 없이 정상 작동하는 것을 확인한 뒤 철수하였습니다. 현재 셋탑 교체는 완료된 상태이며, 향후 흰 화면 노출 여부에 대해서는 일정 기간 모니터링이 필요할 것으로 보입니다. 아울러, 회수한 셋탑 2대는 금주 중 유비케어 오창훈 매니저님 앞으로 발송 예정이오니 참고 부탁드립니다. 추가로 궁금하신 사항이 있으시면 회신 부탁드립니다. 감사합니다! ------------------------------------------ 김 유 미 사원 | ㈜에이치앤아이디지탈 ww",GT 보강 시 재사용 가능,low,흰화면 발생 및 터치불가 현상,명확하지 않음,명확하지 않음,unresolved,,,,,,
clinic_case,139132,5,139132-005,cust:139132,화성이엠365의원,139132,8,2,8395f2744332c647d0871708f3f3e3b6925fe7db,hardware,device_power_display,전원/화면,[HNID] 의사랑 키오스크 회수 셋탑 점검 결과 공유 件,2025-04-17 15:39,2025-04-17 17:19,3,TRUE,resolved,"{""ubcare"": 2, ""distributor"": 1}","[전원/화면] 점검 결과, 회수한 셋탑 2대 모두 전반적으로 에러나 특이사항 등 이상 징후는 발견되지 않았으며, 최신 대응: 해당 테스트는 네트워크가 정상 연결 여부와 응답시간, 중간에 끊김이나 지연없이 안정적으로 작동하는지를 확인하는 기본 방식으로 첨부 이미지와 같이 외부 서버로 전송한 신호에 대해 지속적인 응답이 확인되었습니다 / 현재로서 회수한 셋탑에서 별다른 이상이 확인되지 않아 내부 포맷 후 AS용 재고로 사용될 예정입니다","점검 결과, 회수한 셋탑 2대 모두 전반적으로 에러나 특이사항 등 이상 징후는 발견되지 않았으며,","해당 테스트는 네트워크가 정상 연결 여부와 응답시간, 중간에 끊김이나 지연없이 안정적으로 작동하는지를 확인하는 기본 방식으로 첨부 이미지와 같이 외부 서버로 전송한 신호에 대해 지속적인 응답이 확인되었습니다 / 현재로서 회수한 셋탑에서 별다른 이상이 확인되지 않아 내부 포맷 후 AS용 재고로 사용될 예정입니다",resolved,high,"안녕하세요, 매니저님 에이치앤아이디지탈 김하은입니다. 화성이엠365의원에서 지속적인 화면 이슈와 관련하여, 지난 4/7 키오스크 2대 모두 셋탑 교체가 진행되었습니다. 회수된 기존 셋탑에 대해 제조사 측 점검을 실시하였으며, 그 결과를 아래와 같이 전달드립니다. 점검 결과, 회수한 셋탑 2대 모두 전반적으로 에러나 특이사항 등 이상 징후는 발견되지 않았으며, 첨부 이미지 같이 전달드리오니 확인 부탁드립니다. 병원명 화성이엠365의원 모델명 PC BOX Qotom - Q350P 점검항목 비고 BIOS 설정 PC 부팅 시 BIOS 에 진입해서 설정이 제대로 되어 있는지 확인. 이상없음 부팅 과정 부팅 시 에러 메시지가 나타나는지 확인. 이상없음 운영체제 부팅 운영체제가 정상적으로 부팅되는지 확인. 정상 부팅 블루스크린 뷰어 블루스크린 내역 없음. 하드디스크 상태 정상확인. CPU 사용률 작업 관리자","안녕하세요. 매니저님 에이치앤아이디지탈 김하은입니다. 제조사 점검표에 기재된 인터넷 연결 여부는 단순 연결 상태 확인에 그치지 않고, 일주일 가량 트래픽 처리 안정성 등을 포함한 종합적인 네트워크 상태 점검을 기반으로 작성되었습니다. 문의주신 내용에 대한 답변 드립니다. 1. 먼저 셋탑의 외부 네트워크 연결 상태를 확인하기 위해 핑 테스트를 진행하였습니다. 해당 테스트는 네트워크가 정상 연결 여부와 응답시간, 중간에 끊김이나 지연없이 안정적으로 작동하는지를 확인하는 기본 방식으로 첨부 이미지와 같이 외부 서버로 전송한 신호에 대해 지속적인 응답이 확인되었습니다. 응답 시간은 대부분 1ms 미만으로 빠르고 안정적인 상태로, 테스트 과정에서 끊김 현상은 발생하지 않았습니다. (셋탑 부팅 후 일주일 동안의 네트워크 성능을 모니터링하며 데이터 송수신 테스트 또한 병행한 부분입니다) 하여, 이벤트 뷰어 ",GT 보강 시 재사용 가능,low,흰화면 발생 및 터치불가 현상,명확하지 않음,명확하지 않음,unresolved,,,,,,
clinic_case,139132,6,139132-006,cust:139132,화성이엠365의원,139132,8,2,bf4f4308beb8fde4a2fb8bd6661dd2d3b709b698,software,device_power_display,전원/화면,[통화요청] 키오스크 H/W 통화 요청의 件,2025-04-24 11:42,2025-05-08 11:43,25,TRUE,resolved,"{""ubcare"": 23, ""distributor"": 2}",[전원/화면] 문제 요약 고객은 의사랑 키오스크를 사용 중 이며 내부에 있는 PC( 키오스크 본체 의 화면이 간헐적으로 흰 화면으로 전환되는 문제 를 겪고 있음 과거에도 동일한 증상이 있어 PC 를 교체한 이력이 있음 최근에도 같은 증상 발생 흰 화면으로 전환됨 최신 대응: 8) 12 시 50 분 원격 진행 할 예정입니다 / ( 병원 직원들이 계속 키오스크를 보고 있는 것이 아니기 때문에..) 원격 후 메신저로 말씀드리겠습니다,문제 요약 고객은 의사랑 키오스크를 사용 중 이며 내부에 있는 PC( 키오스크 본체 의 화면이 간헐적으로 흰 화면으로 전환되는 문제 를 겪고 있음 과거에도 동일한 증상이 있어 PC 를 교체한 이력이 있음 최근에도 같은 증상 발생 흰 화면으로 전환됨,8) 12 시 50 분 원격 진행 할 예정입니다 / ( 병원 직원들이 계속 키오스크를 보고 있는 것이 아니기 때문에..) 원격 후 메신저로 말씀드리겠습니다,resolved_but_needs_verification,medium,"안녕하세요 . 고재웅입니다 여기 기기 교체한곳 같은데, 또 재발하는 것 같습니다 . 금일 저희가 상담하며 말씀해주신 내용은 아래와 같습니다 . 💡 문제 요약 고객은 의사랑 키오스크를 사용 중 이며, 내부에 있는 PC( 키오스크 본체 ) 의 화면이 간헐적으로 흰 화면으로 전환되는 문제 를 겪고 있음 . 과거에도 동일한 증상이 있어 PC 를 교체한 이력이 있음 . 최근에도 같은 증상 발생: 흰 화면으로 전환됨 . 예전에는 키보드 입력도 안 됐었으나, 이번에는 키보드 조작은 가능 함 . 해당 키오스크는 의사랑 소속이 아닌 별도 키오스크 업체 제품 이며, 플레이어 프로그램 역시 그 업체의 것임 . 재부팅하면 일시적으로 해결되나, 증상이 반복됨 . 🔧 현재 확인된 사항 디스플레이만 멈추는 현상 일 가능성이 있음 ( 플레이어 자체 다운 의심 ). 문제가 생기는 주체는 키오스크에 내장된 PC . 플레이어 재",안녕하세요 . 병원고객팀 안수찬입니다 . 금일 (5/8) 12 시 50 분 원격 진행 할 예정입니다 . 또한 15 시경 어떤 작업을 진행하다 발생했는지는 확인이 어렵습니다 .( 병원 직원들이 계속 키오스크를 보고 있는 것이 아니기 때문에 ..) 원격 후 메신저로 말씀드리겠습니다 . 안수찬 드림,최종 조치가 예정/요청 단계로 보임,medium,흰화면 발생 및 터치불가 현상,명확하지 않음,명확하지 않음,unresolved,,,,,,
clinic_case,139132,7,139132-007,cust:139132,화성이엠365의원,139132,8,2,88979741532ff4ff281c60aba0a83983e9a17169,hardware,device_power_display,전원/화면,[유비케어] 네트워크 링크 분리 증상 관련 가이드 공유 요청 件,2025-05-08 18:42,2025-05-15 16:24,3,TRUE,in_progress,"{""ubcare"": 3}","[전원/화면] ( 화성이엠 365 의원 이슈 관련 매니저님께서 문의주신 것처럼 SW 적으로 흰 화면 이슈가 재현되지 않아 내부적으로 영향이 될 만한 케이스에 대해 지속 점검 대응 중에 있습니다 최신 대응: 추가로 네트워크 링크 분리와 관련해 아래 제안드리오니 함께 확인 부탁드립니다 / 제조사 엔지니어 및 대리점 담당자(인터넷 전문업체 담당자 포함) 현장 동행 점검 → 파일 내 제조사에서 점검 가능한 7가지 항목 우선 확인 및 랜선과 같은 네트워크 관련 부품 교체와 더불어, 대리점 담당자 및 인터넷 전문업체 담당자를 통해 병원 내부 네트워크 구성, 방화벽, 라우팅, 케이블 환경 등 전문업체의 점검 가능 영역 확인을 위한 목적 (초기 화면 이슈로 인입된 의원으로 셋탑",( 화성이엠 365 의원 이슈 관련 매니저님께서 문의주신 것처럼 SW 적으로 흰 화면 이슈가 재현되지 않아 내부적으로 영향이 될 만한 케이스에 대해 지속 점검 대응 중에 있습니다,"추가로 네트워크 링크 분리와 관련해 아래 제안드리오니 함께 확인 부탁드립니다 / 제조사 엔지니어 및 대리점 담당자(인터넷 전문업체 담당자 포함) 현장 동행 점검 → 파일 내 제조사에서 점검 가능한 7가지 항목 우선 확인 및 랜선과 같은 네트워크 관련 부품 교체와 더불어, 대리점 담당자 및 인터넷 전문업체 담당자를 통해 병원 내부 네트워크 구성, 방화벽, 라우팅, 케이블 환경 등 전문업체의 점검 가능 영역 확인을 위한 목적 (초기 화면 이슈로 인입된 의원으로 셋탑",in_progress,low,"안녕하십니까, 유비케어 사업기획팀 최미선입니다 . 5 월 긴 연휴 기간 푹 쉬고 오셨을까요 ? 다름이 아니라, “네트워크 링크 분리” 증상 관련 가이드 제공 요청 메일드립니다 .( 화성이엠 365 의원 이슈 관련 ) 매니저님께서 문의주신 것처럼 SW 적으로 흰 화면 이슈가 재현되지 않아, 내부적으로 영향이 될 만한 케이스에 대해 지속 점검 / 대응 중에 있습니다 . 추후 SW 적으로 원인이 명확히 파악될 경우 별도 공유드리도록 하겠습니다 . ( 現, 유비케어에서 예상되는 이슈 유형 별 기능 개선 및 개별 배포 + 모니터링 지속 ) SW 와는 별개로 “네크워크 링크 분리 장애” 관련 HNID 에서 확인 / 대응 가이드 요청드립니다 . 요청사항: 네트워크 링크 분리 현상이 “의원 환경 영향”일 경우, 병의원에 안내할 만한 예시 ( 자료, 매뉴얼, 의원 내부 문제인지 확인 위한 가이드 등 ) 공유 유","안녕하세요. 에이치앤아이디지탈 김하은입니다. 네트워크 링크 분리에 따른 점검 가이드 전달드립니다. 전달드린 파일은 일반적인 환경적 요인에 대한 제조사 및 의원 자체 점검 항목을 기준으로 작성된 것으로, 모든 문제 원인을 포함하거나 대체하지 않습니다. 상세 파악을 위해서는 관련 전문 업체의 현장 방문과 추가 기술 검토가 필요한 부분이니, 참고용으로 봐주시기 바랍니다. 추가로 네트워크 링크 분리와 관련해 아래 제안드리오니 함께 확인 부탁드립니다. 1. 제조사 엔지니어 및 대리점 담당자(인터넷 전문업체 담당자 포함) 현장 동행 점검 → 파일 내 제조사에서 점검 가능한 7가지 항목 우선 확인 및 랜선과 같은 네트워크 관련 부품 교체와 더불어, 대리점 담당자 및 인터넷 전문업체 담당자를 통해 병원 내부 네트워크 구성, 방화벽, 라우팅, 케이블 환경 등 전문업체의 점검 가능 영역 확인을 위한 목적 (초기 ",최종 상태가 resolved가 아님,medium,흰화면 발생 및 터치불가 현상,명확하지 않음,명확하지 않음,unresolved,,,,,,
clinic_case,139132,8,139132-008,cust:139132,화성이엠365의원,139132,8,2,c7c30b34c0acd3cd82a86685f8304f5742b8e2f6,hardware,printer_output,프린터/출력,[통화요청] 키오스크 H/W 통화 요청의 件,2025-12-15 09:57,2025-12-16 16:57,3,TRUE,in_progress,"{""distributor"": 2, ""ubcare"": 1}","[프린터/출력] mso-bidi-font-family: ""Times New Roman""; color: #333333"">이슈: <span style=""font-size: 10.0pt; font-family: ""맑은 고딕""; mso-bidi-font-family: ""T 최신 대응: 해당 의원 기존 12/17(수) 방문 예정이었으나, 금일 삼성 엔지니어 일정이 앞당겨져 점검 진행하였습니다 / 금일 부품 지참하지 않고 방문하여, 익일 재방문하여 정착기 교체 예정입니다","mso-bidi-font-family: ""Times New Roman""; color: #333333"">이슈: <span style=""font-size: 10.0pt; font-family: ""맑은 고딕""; mso-bidi-font-family: ""T","해당 의원 기존 12/17(수) 방문 예정이었으나, 금일 삼성 엔지니어 일정이 앞당겨져 점검 진행하였습니다 / 금일 부품 지참하지 않고 방문하여, 익일 재방문하여 정착기 교체 예정입니다",in_progress,low,"안녕하세요 유비케어 병원고객팀 김민수 입니다. 키오스크 문의내역 전달드립니다. 구분 내용 고객정보 상호명 화성이엠365의원 고객명 신형진 요양기관기호 41358074 문의자 이름 남자선생님 연락 받으실 번호 [PHONE_REDACTED] 문의 내용 및 요청사항 - 이슈: 키오스크 프린터 출력 시 인쇄물이 번져서 출력되는 현상으로 문의주셨습니다. 토너교체, 내부 청소해봐도 동일하다고 하십니다. 해당 내역으로 확인 부 탁 드립니다. 감사합니다","안녕하세요 에이치앤아이디지탈 김유미입니다. 해당 의원 기존 12/17(수) 방문 예정이었으나, 금일 삼성 엔지니어 일정이 앞당겨져 점검 진행하였습니다. 점검 결과, 프린터 정착기 고장으로 확인되었습니다. 금일 부품 지참하지 않고 방문하여, 익일 재방문하여 정착기 교체 예정입니다. 참고 부탁드립니다",최종 상태가 resolved가 아님,medium,프린터 인쇄물이 번져서 출력됨,프린터 정착기 고장의심,HNID 이관 및 정착기 교체,resolved,,,,,,
clinic_case,140109,1,140109-001,cust:140109,황금소아청소년과의원,140109,1,0,c2a0b465ab69ba167e531942ee5e3d96ccd24208,hardware,printer_output,프린터/출력,[통화요청] 키오스크 H/W 통화 요청의 件,2026-02-12 14:21,2026-02-12 14:50,3,TRUE,resolved,"{""ubcare"": 3}",[프린터/출력] 키오스크 처방전 출력 안되는 증상 발생합니다 최신 대응: 유베케어 병원고객팀 김진희입니다 / 해당 메일건은 해결되어 확인 안해주셔도 됩니다,키오스크 처방전 출력 안되는 증상 발생합니다,유베케어 병원고객팀 김진희입니다 / 해당 메일건은 해결되어 확인 안해주셔도 됩니다,resolved,high,"안녕하세요 유비케어 병원고객팀 김진희입니다 . 키오스크 문의내역 전달 드립니다 . 구분 내용 고객정보 상호명 황금소아청소년과의원 고객명 강경지 요양기관기호 37358502 문의자 이름 원무과 선생님 연락 받으실 번호 [PHONE_REDACTED] 문의 내용 및 요청사항 - 이슈: 키오스크 처방전 출력 안되는 증상 발생합니다 . 1. 테스트페이지는 출력되나 키오스크 환경 설정상 일반, 지정 설정 변경해도 출력시 토너 용량 부족으로 처방전 출력 안됨 2. 프린터 토너 잔량 확인시 프린터 토너 잔량확인 실패 나오며 토너 교체해도 동일 함 해당 내역으로 확인 부 탁 드립니다",안녕하세요 . 유베케어 병원고객팀 김진희입니다 . 해당 메일건은 해결되어 확인 안해주셔도 됩니다,GT 보강 시 재사용 가능,low,토너 충분하고 테스트페이지 출력되나 키오스크 환경설정에서 토너부족으로 출력안됨,일체형/풀 키오스크의 경우 키오스크 HW설정에서 지정프린터로 설정하지 않으면 토너부족 문구 뜸,지정프린터로 설정변경 해결,resolved,,,,,,
clinic_case,14234,1,14234-001,cust:14234,ABC김광우소아청소년과의원,14234,2,0,0c4e79af8a228ca861be035029037f059ee9ea50,hardware,payment_cancel_refund,결제취소/중복결제,[통화요청] 키오스크 H/W 통화 요청의 件,2025-05-08 16:27,2025-05-08 17:07,3,TRUE,resolved,"{""ubcare"": 2, ""distributor"": 1}","[결제취소/중복결제] 자세한 증상 확인차 의원 연락드리니, IC 인식불가 및 마그네틱은 간헐적으로 정상 결제된다 하시어 내용 공유드리오니 참고 부탁드립니다 최신 대응: 병원 방문 안내 받으셨는데 재인입되어 방문 안하셔도 된다고 취소 요청하셨습니다","자세한 증상 확인차 의원 연락드리니, IC 인식불가 및 마그네틱은 간헐적으로 정상 결제된다 하시어 내용 공유드리오니 참고 부탁드립니다",병원 방문 안내 받으셨는데 재인입되어 방문 안하셔도 된다고 취소 요청하셨습니다,resolved_but_needs_verification,high,안녕하세요 . 유비케어 병원고객팀 장혜정 입니다 . 키오스크 HW 점검요청 드립니다 . . 구분 내용 고객정보 상호명 ABC 김광우소아청소년과의원 고객명 김광우 요양기관기호 37310721 문의자 이름 접수 선생님 연락 받으실 번호 [PHONE_REDACTED] 문의 내용 및 요청사항 - 이슈: 5/8 오전에 환자 카드 마그네틱 손상 이후 키오스크 수납시 카드를 긁어주세요 표시되고 결제넘어가지 않습니다 . 재부팅 및 ksnet 결제프로그램 재구동 하여도 동일합니다 . - 요청사항: 점검 요청하셨습니다 . 해당 내역으로 확인 부탁드립니다,안녕하세요 . 유비케어 병원고객팀 조미연입니다 . 병원 방문 안내 받으셨는데 재인입되어 방문 안하셔도 된다고 취소 요청하셨습니다 . 확인 부탁드립니다,최종 조치가 예정/요청 단계로 보임,low,"키오스크 결제 시 IC칩 인식불가, 마그네틱 결제 요청 발생",카드리더기 고장 현상,자체 해결,resolved,,,,,,
clinic_case,14234,2,14234-002,cust:14234,ABC김광우소아청소년과의원,14234,2,0,81d10f45f8178025e68e29bfd98502b3b6f7fdfd,hardware,printer_output,프린터/출력,[통화요청] 키오스크 H/W 통화 요청의 件,2025-09-01 09:27,2025-09-01 09:27,1,TRUE,resolved,"{""distributor"": 1}","[프린터/출력] 없음 -> 용지함 2, 3 최신 대응: 금일 원격 접속하여 의사랑 H/W 양식지 -> A4 / 프린터 드라이버 장치 설정 없음 -> 용지함 / 2, 3 으로 재설정 후 1단에 용지 1장만 넣어둔 상태에서 테스트 출력 시 2단 급지 정상 작동하는 점 확인하였습니다","없음 -> 용지함 2, 3","금일 원격 접속하여 의사랑 H/W 양식지 -> A4 / 프린터 드라이버 장치 설정 없음 -> 용지함 / 2, 3 으로 재설정 후 1단에 용지 1장만 넣어둔 상태에서 테스트 출력 시 2단 급지 정상 작동하는 점 확인하였습니다",resolved,high,"안녕하세요, 장혜정 매니저님 에이치앤아이디지탈 김하은입니다. 금일 원격 접속하여 의사랑 H/W 양식지 -> A4 / 프린터 드라이버 장치 설정 없음 -> 용지함 2, 3 으로 재설정 후 1단에 용지 1장만 넣어둔 상태에서 테스트 출력 시 2단 급지 정상 작동하는 점 확인하였습니다","안녕하세요, 장혜정 매니저님 에이치앤아이디지탈 김하은입니다. 금일 원격 접속하여 의사랑 H/W 양식지 -> A4 / 프린터 드라이버 장치 설정 없음 -> 용지함 2, 3 으로 재설정 후 1단에 용지 1장만 넣어둔 상태에서 테스트 출력 시 2단 급지 정상 작동하는 점 확인하였습니다",이슈 요약 근거가 약함,low,2단급지함 미작동,제어판 프린터설정 및 키오스크 HW설정에서 급지함 설정을 켜지 않음,설정 켜고 재시도후 해결,resolved,,,,,,
clinic_case,14324,1,14324-001,cust:14324,지혜이비인후과소아과의원,14324,1,1,4bd8d743d8907b4859188ac0a5179117256776e6,hardware,printer_output,프린터/출력,[통화요청] 키오스크 H/W 통화 요청의 件,2025-12-24 11:05,2025-12-24 16:24,3,TRUE,in_progress,"{""distributor"": 2, ""ubcare"": 1}","[프린터/출력] 키오스크 프린터 출력 안되어 문의주셨습니다 최신 대응: 금일 삼성 엔지니어 방문드려 정착기 교체 필요함을 안내드리니, 원장님께서 비용 발생으로 인해 당장의 교체는 불필요하다 / 추가로 의원에서 2단 급지가 납품 이후부터 되지 않았다며 추가 문의주셨으나, 금일 정착기 불량으로 인해 출력이 원활하지 않을 가능성 안내와 함께 의원 관계자분 측으로 1, 2단 연결 젠더 확인을 위해 사진 요청드려놓은 상태입니다",키오스크 프린터 출력 안되어 문의주셨습니다,"금일 삼성 엔지니어 방문드려 정착기 교체 필요함을 안내드리니, 원장님께서 비용 발생으로 인해 당장의 교체는 불필요하다 / 추가로 의원에서 2단 급지가 납품 이후부터 되지 않았다며 추가 문의주셨으나, 금일 정착기 불량으로 인해 출력이 원활하지 않을 가능성 안내와 함께 의원 관계자분 측으로 1, 2단 연결 젠더 확인을 위해 사진 요청드려놓은 상태입니다",in_progress,low,"안녕하세요 유비케어 병원고객팀 이낙진입니다 . 키오스크 문의내역 전달드립니다 . 구분 내용 고객정보 상호명 지혜이비인후과소아과의원 고객명 박지혜 요양기관기호 12304018 문의자 이름 접수선생님 연락 받으실 번호 [PHONE_REDACTED] 문의 내용 및 요청사항 - 이슈: 키오스크 프린터 출력 안되어 문의주셨습니다 . 스풀 재시작, 테스트 페이지 출력 시 주의필요, 케이블 재연결 및 재부팅, 용지 걸림은 없고 프린터 상태 등에 빨간불로 프린터 점검 요청 드립니다 . 해당 내역으로 확인 부 탁 드립니다","안녕하세요. 이낙진 매니저님 에이치앤아이디지탈 김하은입니다. 금일 삼성 엔지니어 방문드려 정착기 교체 필요함을 안내드리니, 원장님께서 비용 발생으로 인해 당장의 교체는 불필요하다 하시어 별도의 점검 없이 마쳤다고 합니다. 추가로 의원에서 2단 급지가 납품 이후부터 되지 않았다며 추가 문의주셨으나, 금일 정착기 불량으로 인해 출력이 원활하지 않을 가능성 안내와 함께 의원 관계자분 측으로 1, 2단 연결 젠더 확인을 위해 사진 요청드려놓은 상태입니다. 추가 교체 희망 시 의사랑 고객센터로 재접수 하시도록 안내드렸사오니 참고 부탁드립니다",최종 상태가 resolved가 아님,medium,프린터 출력안됨,정착기 고장 의심,HNID 이관 및 정착기 교체하려했으나 비용때문에 거절,unresolved,,,,,,
clinic_case,145204,1,145204-001,cust:145204,연세정수영내과의원,145204,2,1,c5c799c1e984a054cb84ec836f5f470afc8345f8,hardware,printer_output,프린터/출력,[통화요청] 키오스크 H/W 통화 요청의 件,2025-10-20 13:29,2025-10-27 16:00,12,TRUE,resolved,"{""ubcare"": 6, ""distributor"": 6}",[프린터/출력] 키오스크 처방전 출력은 되나 세부내역서 등 보험제출용 서류 출력이 안된다고 문의주셨습니다 최신 대응: 일찍 종료되어 금일 처방전 프린터 교체를 완료하였습니다 / 교체 후 테스트 진행 결과 정상 출력 확인되어 엔지니어 철수하였습니다,키오스크 처방전 출력은 되나 세부내역서 등 보험제출용 서류 출력이 안된다고 문의주셨습니다,일찍 종료되어 금일 처방전 프린터 교체를 완료하였습니다 / 교체 후 테스트 진행 결과 정상 출력 확인되어 엔지니어 철수하였습니다,resolved,high,안녕하세요 유비케어 병원고객팀 김지은매니저입니다 . 키오스크 문의내역 전달드립니다 . 구분 내용 고객정보 상호명 연세정수영내과의원 고객명 정수영 요양기관기호 12384135 문의자 이름 원무과 선생님 연락 받으실 번호 [PHONE_REDACTED] 문의 내용 및 요청사항 - 이슈: 키오스크 처방전 출력은 되나 세부내역서 등 보험제출용 서류 출력이 안된다고 문의주셨습니다 . 출력완료되었다고 표기되나 실제로 출력되는 서류는 없다 하시며 2 번 용지함에서 출력이 아예 안된다며 방문 점검 요청하셨습니다 . 해당 내역으로 확인 부 탁 드립니다,"안녕하세요 에이치앤아이디지탈 김유미입니다. 해당 의원은 당초 10/28(화) 방문 예정이었으나, 엔지니어 근처 일정이 예상보다 일찍 종료되어 금일 처방전 프린터 교체를 완료하였습니다. 교체 후 테스트 진행 결과 정상 출력 확인되어 엔지니어 철수하였습니다. - 비용: 처방전 프린터 460, 000원",GT 보강 시 재사용 가능,low,처방전은 출력되나 보험제출용서류는 출력안됨,프린터 고장 의심,교체 및 정상출력 완료,resolved,,,,,,
clinic_case,145204,2,145204-002,cust:145204,연세정수영내과의원,145204,2,1,3588fb66b65dfd576a2accd90286d7a497c521b4,hardware,generic_check_request,점검/문의,[불만] 키오스크 H/W 통화 요청의 件,2025-10-23 09:47,2025-10-23 09:47,1,TRUE,in_progress,"{""ubcare"": 1}",[점검/문의] 월요일 화요일 회에 걸쳐 키오스크 점검을 요청하였으나 어떠한 피드백도 받지 못하여 업무에 차질은 빚고 있다고 강한 불만을 나타내셨습니다 최신 대응: 화요일 2 회에 걸쳐 키오스크 점검을 요청하였으나 어떠한 피드백도 받지 못하여 업무에 차질은 빚고 있다고 강한 불만을 나타내셨습니다 / 최소한 방문일정이라도 고객에게 피드백 먼저 주시기 바라며 고객 안내 이후 회신 부탁드립니다,월요일 화요일 회에 걸쳐 키오스크 점검을 요청하였으나 어떠한 피드백도 받지 못하여 업무에 차질은 빚고 있다고 강한 불만을 나타내셨습니다,화요일 2 회에 걸쳐 키오스크 점검을 요청하였으나 어떠한 피드백도 받지 못하여 업무에 차질은 빚고 있다고 강한 불만을 나타내셨습니다 / 최소한 방문일정이라도 고객에게 피드백 먼저 주시기 바라며 고객 안내 이후 회신 부탁드립니다,in_progress,low,안녕하세요 . 병원고객팀 고재웅입니다 . 하기 병원에 불만이 접수되어 상급자 통화를 원하여 제가 통화를 했습니다 . 월요일 . 화요일 2 회에 걸쳐 키오스크 점검을 요청하였으나 어떠한 피드백도 받지 못하여 업무에 차질은 빚고 있다고 강한 불만을 나타내셨습니다 . 최소한 방문일정이라도 고객에게 피드백 먼저 주시기 바라며 고객 안내 이후 회신 부탁드립니다 . 금일중으로 우선 고객소통이라도 부탁드립니다 . [PHONE_REDACTED],안녕하세요 . 병원고객팀 고재웅입니다 . 하기 병원에 불만이 접수되어 상급자 통화를 원하여 제가 통화를 했습니다 . 월요일 . 화요일 2 회에 걸쳐 키오스크 점검을 요청하였으나 어떠한 피드백도 받지 못하여 업무에 차질은 빚고 있다고 강한 불만을 나타내셨습니다 . 최소한 방문일정이라도 고객에게 피드백 먼저 주시기 바라며 고객 안내 이후 회신 부탁드립니다 . 금일중으로 우선 고객소통이라도 부탁드립니다 . [PHONE_REDACTED],최종 상태가 resolved가 아님; 최종 조치가 예정/요청 단계로 보임,high,,,,,,,,,,
clinic_case,145223,1,145223-001,cust:145223,늘편한신경외과의원,145223,1,1,c0781120a93daedf25fac551c430757a26f8ebc9,software,software_update_or_log,SW업데이트/로그,[점검요청]키오스크 점검 요청의 件,2025-06-27 15:52,2025-06-27 15:52,1,TRUE,in_progress,"{""ubcare"": 1}","[SW업데이트/로그] 키오스크 S/W 오류 최신 대응: 늘편한신경외과의원 의사랑 키오스크 점검요청 메일 드립니다 / 최초 발생 시 의사랑 콜센터 연락하여 점검 받았으나 점검시에는 문제가 발생하지 않아서 별도 조치를 받지 못하셨다고 하는데, 해당고객 연락 및 점검 부탁드립니다",키오스크 S/W 오류,"늘편한신경외과의원 의사랑 키오스크 점검요청 메일 드립니다 / 최초 발생 시 의사랑 콜센터 연락하여 점검 받았으나 점검시에는 문제가 발생하지 않아서 별도 조치를 받지 못하셨다고 하는데, 해당고객 연락 및 점검 부탁드립니다",in_progress,low,"안녕하십니까, 사업기획팀 오창훈 매니저입니다 . 늘편한신경외과의원 의사랑 키오스크 점검요청 메일 드립니다 . 늘편한신경외과의원 _ 하프 K 1 대 사용처 인입내용: 키오스크 S/W 오류 요청사항: 키오스크 접수 진행하다 보면 간헐적으로 키오스크 프로그램이 다시 켜지는 증상 ( 기기 자체가 꺼지지는 않으나, 키오스크 최초 실행 시 처럼 로딩화면으로 돌아가는 증상 ) 지속 발생하여 대리점 담당자 통해 인입되었습니다 . 최초 발생 시 의사랑 콜센터 연락하여 점검 받았으나 점검시에는 문제가 발생하지 않아서 별도 조치를 받지 못하셨다고 하는데, 해당고객 연락 및 점검 부탁드립니다 . 연락처: [PHONE_REDACTED]","안녕하십니까, 사업기획팀 오창훈 매니저입니다 . 늘편한신경외과의원 의사랑 키오스크 점검요청 메일 드립니다 . 늘편한신경외과의원 _ 하프 K 1 대 사용처 인입내용: 키오스크 S/W 오류 요청사항: 키오스크 접수 진행하다 보면 간헐적으로 키오스크 프로그램이 다시 켜지는 증상 ( 기기 자체가 꺼지지는 않으나, 키오스크 최초 실행 시 처럼 로딩화면으로 돌아가는 증상 ) 지속 발생하여 대리점 담당자 통해 인입되었습니다 . 최초 발생 시 의사랑 콜센터 연락하여 점검 받았으나 점검시에는 문제가 발생하지 않아서 별도 조치를 받지 못하셨다고 하는데, 해당고객 연락 및 점검 부탁드립니다 . 연락처: [PHONE_REDACTED]",최종 상태가 resolved가 아님; 이슈 요약 근거가 약함,medium,,,,,,,,,,
clinic_case,145676,1,145676-001,cust:145676,웰스피부과의원,145676,2,0,b1a1a7c3fd6bb70ddeadd7fcf9355bfa1a2cd56a,hardware,payment_card_reader,카드결제/리더기,[통화요청] 키오스크 H/W 통화 요청의 件,2025-08-11 17:56,2025-08-12 10:00,2,TRUE,resolved,"{""ubcare"": 1, ""distributor"": 1}","[카드결제/리더기] : 오늘 아침부터 키오스크 결제시 카드가 인식이 안된다고 합니다.오류 팝업이 뜨지는 않는다고 합니다 최신 대응: 의원 관계자분 통화해보니 전일 오후 6: 20분부터는 정상 결제된다고 합니다 / 간헐적으로 발생되는 부분에 대해 엔지니어 점검 가능 여부 문의주셔, 엔지니어 현장 방문으로는 대부분 카드리더기 교체로 진행되고 있어 리더기 문제가 아닌 프로그램 관련 오류일 경우, 교체 후에도 재발할 수 있으니 정상 작동일 때 교체를 진행하기 보다, 추후 동일 증상 발생시 1차 결제 로그 수집 후 현장 방문 여부에 대해 확인하시도록 안내드렸습니다",: 오늘 아침부터 키오스크 결제시 카드가 인식이 안된다고 합니다.오류 팝업이 뜨지는 않는다고 합니다,"의원 관계자분 통화해보니 전일 오후 6: 20분부터는 정상 결제된다고 합니다 / 간헐적으로 발생되는 부분에 대해 엔지니어 점검 가능 여부 문의주셔, 엔지니어 현장 방문으로는 대부분 카드리더기 교체로 진행되고 있어 리더기 문제가 아닌 프로그램 관련 오류일 경우, 교체 후에도 재발할 수 있으니 정상 작동일 때 교체를 진행하기 보다, 추후 동일 증상 발생시 1차 결제 로그 수집 후 현장 방문 여부에 대해 확인하시도록 안내드렸습니다",resolved,high,안녕하세요 유비케어 병원고객팀 김연희 입니다 . 키오스크 문의내역 전달드립니다 . 구분 내용 고객정보 상호명 웰스피부과 고객명 최준석 요양기관기호 12383678 문의자 이름 간호사님 연락 받으실 번호 [PHONE_REDACTED] 문의 내용 및 요청사항 - 이슈: 오늘 아침부터 키오스크 결제시 카드가 인식이 안된다고 합니다.오류 팝업이 뜨지는 않는다고 합니다. 해당 내역으로 확인 부 탁 드립니다,"안녕하세요. 에이치앤아이디지탈 김하은입니다. 의원 관계자분 통화해보니 전일 오후 6: 20분부터는 정상 결제된다고 합니다. 간헐적으로 발생되는 부분에 대해 엔지니어 점검 가능 여부 문의주셔, 엔지니어 현장 방문으로는 대부분 카드리더기 교체로 진행되고 있어 리더기 문제가 아닌 프로그램 관련 오류일 경우, 교체 후에도 재발할 수 있으니 정상 작동일 때 교체를 진행하기 보다, 추후 동일 증상 발생시 1차 결제 로그 수집 후 현장 방문 여부에 대해 확인하시도록 안내드렸습니다. 내용 참고 부탁드립니다",GT 보강 시 재사용 가능,low,"키오스크 결제 시 IC칩 인식불가, 마그네틱 결제 요청 발생",리더기 오류,재부팅시 정상결제되어 종결,unresolved,,,,,,
clinic_case,145676,2,145676-002,cust:145676,웰스피부과의원,145676,2,0,5cc8b91d9fb74944911bb60740f675be2e9d2428,hardware,payment_card_reader,카드결제/리더기,[통화요청] 키오스크 H/W 통화 요청의 件,2025-10-10 14:04,2025-10-24 14:37,10,TRUE,resolved,"{""ubcare"": 8, ""distributor"": 2}","[카드결제/리더기] 키오스크 카드결제시 카드리더기 인식 안되는 증상으로 문의 주셨습니다 최신 대응: 웰스피부과 10 월 15 일 ( 수 ) 리더기 교체 후 모니터링 결과를 공유 드립니다 / 10 월 17( 금 ), 10 월 24( 금 ) 두 차례 모니터링을 진행한 결과, 결제 오류 없이 키오스크 결제가 정상적으로 이루어짐을 확인하였습니다",키오스크 카드결제시 카드리더기 인식 안되는 증상으로 문의 주셨습니다,"웰스피부과 10 월 15 일 ( 수 ) 리더기 교체 후 모니터링 결과를 공유 드립니다 / 10 월 17( 금 ), 10 월 24( 금 ) 두 차례 모니터링을 진행한 결과, 결제 오류 없이 키오스크 결제가 정상적으로 이루어짐을 확인하였습니다",resolved,high,안녕하세요 유비케어 병원고객팀 김성우 시매니저입니다 . 키오스크 문의내역 전달드립니다 . 구분 내용 고객정보 상호명 웰스피부과의원 고객명 최준석 요양기관기호 12383678 문의자 이름 병원직원 연락 받으실 번호 [PHONE_REDACTED] 문의 내용 및 요청사항 - 이슈: 키오스크 카드결제시 카드리더기 인식 안되는 증상으로 문의 주셨습니다 . 키오스크 기기 재부팅 및 V-CAT 결제 테스트 시도 해보았으나 모든 결제 불가한 상황으로 점검 필요합니다 해당 내역으로 확인 부 탁 드립니다,"안녕하세요 . 병원고객팀 이연주 입니다 . 웰스피부과 10 월 15 일 ( 수 ) 리더기 교체 후 모니터링 결과를 공유 드립니다 . 10 월 17( 금 ), 10 월 24( 금 ) 두 차례 모니터링을 진행한 결과, 결제 오류 없이 키오스크 결제가 정상적으로 이루어짐을 확인하였습니다 . 이후 동일 증상이 재발할 경우 고객서비스센터로 연락 주시기로 하셨습니다 . 이상입니다 . 이연주 드림",GT 보강 시 재사용 가능,low,키오스크 리더기 결제불가,리더기 고장,교체 및 정상결제 완료,resolved,,,,,,
clinic_case,146693,1,146693-001,cust:146693,파주하나이비인후과의원,146693,1,1,5924450d87092104f2d5e35c753c0ec18cc1c034,hardware,payment_card_reader,카드결제/리더기,[통화요청] 키오스크 H/W 통화 요청의 件,2025-04-09 14:43,2025-04-10 15:37,2,TRUE,in_progress,"{""distributor"": 2}",[카드결제/리더기] 제조사 엔지니어 익일 오후 중 방문드릴 예정입니다 최신 대응: 금일 제조사 엔지니어 방문드려 카드리더기 교체 진행하였습니다,제조사 엔지니어 익일 오후 중 방문드릴 예정입니다,금일 제조사 엔지니어 방문드려 카드리더기 교체 진행하였습니다,in_progress,low,"안녕하세요, 이철호 매니저님 에이치앤아이디지탈 김하은입니다. 제조사 엔지니어 익일 오후 중 방문드릴 예정입니다","안녕하세요, 이철호 매니저님 에이치앤아이디지탈 김하은입니다. 금일 제조사 엔지니어 방문드려 카드리더기 교체 진행하였습니다",최종 상태가 resolved가 아님,medium,키오스크 리더기 결제불가,리더기 고장,교체 및 정상결제 완료,resolved,,,,,,
clinic_case,146774,1,146774-001,cust:146774,맑은이비인후과의원,146774,1,0,d7e80a2d1197d4f95ef937e6ca437b368bb05644,hardware,generic_check_request,점검/문의,[통화요청] 키오스크 H/W 통화 요청의 件,2025-12-23 09:44,2025-12-23 09:53,2,TRUE,resolved,"{""ubcare"": 1, ""distributor"": 1}",[점검/문의] 의원 연결 불가로 상세 확인 어려우나 원격 프로그램 시트롤 확인 시 정상 노출되는 것으로 보아 키오스크 전원 켜진 것으로 확인되어 완료 처리하겠습니다 최신 대응: 의원 연결 불가로 상세 확인 어려우나 원격 프로그램 시트롤 확인 시 정상 노출되는 것으로 보아 키오스크 전원 켜진 것으로 확인되어 완료 / 처리하겠습니다,의원 연결 불가로 상세 확인 어려우나 원격 프로그램 시트롤 확인 시 정상 노출되는 것으로 보아 키오스크 전원 켜진 것으로 확인되어 완료 처리하겠습니다,의원 연결 불가로 상세 확인 어려우나 원격 프로그램 시트롤 확인 시 정상 노출되는 것으로 보아 키오스크 전원 켜진 것으로 확인되어 완료 / 처리하겠습니다,resolved,high,안녕하세요 유비케어 병원고객팀 김지은입니다 . 메일 제목 잘못 작성하여 재발송드립니다,안녕하세요. 에이치앤아이디지탈 김하은입니다. 의원 연결 불가로 상세 확인 어려우나 원격 프로그램 시트롤 확인 시 정상 노출되는 것으로 보아 키오스크 전원 켜진 것으로 확인되어 완료 처리하겠습니다,GT 보강 시 재사용 가능,low,,,,,,,,,,
clinic_case,146807,1,146807-001,cust:146807,청담마인소아청소년과의원,146807,2,0,89784744d82f5188a1dd6359a1f0585e355de237,hardware,payment_card_reader,카드결제/리더기,[통화요청] 키오스크 H/W 통화 요청의 件,2025-09-22 11:43,2025-09-22 14:55,3,TRUE,resolved,"{""distributor"": 2, ""ubcare"": 1}","[카드결제/리더기] 칩 인식을 못한다고 최신 대응: 의원에서 간헐적인 증상에 대해 의사랑 프로그램 점검으로도 해결된 적이 여러번 있다 / 하시며, 비용 문제로 방문 점검 취소하였습니다",칩 인식을 못한다고,"의원에서 간헐적인 증상에 대해 의사랑 프로그램 점검으로도 해결된 적이 여러번 있다 / 하시며, 비용 문제로 방문 점검 취소하였습니다",resolved,high,안녕하세요 유비케어 병원고객팀 김민수입니다 . 키오스크 문의내역 전달드립니다 . 구분 내용 고객정보 상호명 청담마인소아청소년과의원 고객명 김선예 요양기관기호 12301558 문의자 이름 접수실 선생님 연락 받으실 번호 [PHONE_REDACTED] 문의 내용 및 요청사항 - 이슈: 키오스크 카드 리더기에서 ic 칩 인식을 못한다고 합니다 . 카드 리더기 점검 및 교체 요청 주셨습니다 . 해당 내역으로 확인 부 탁 드립니다,"안녕하세요. 에이치앤아이디지탈 김하은입니다. 의원에서 간헐적인 증상에 대해 의사랑 프로그램 점검으로도 해결된 적이 여러번 있다 하시며, 비용 문제로 방문 점검 취소하였습니다",이슈 요약 근거가 약함,low,키오스크 결제 카드인식 불가,리더기 오류,교체 및 정상결제 완료,resolved,,,,,,
clinic_case,146807,2,146807-002,cust:146807,청담마인소아청소년과의원,146807,2,0,2c65aabf5ce188d00fd2e547c28be1d308118e83,hardware,payment_card_reader,카드결제/리더기,[통화요청] 키오스크 H/W 통화 요청의 件,2025-10-29 11:42,2025-10-30 13:36,13,TRUE,resolved,"{""ubcare"": 8, ""distributor"": 5}","[카드결제/리더기] <p style=""font-family: 굴림, Gulim, ""맑은 고딕"", AppleGothic, sans-serif; font-size: 12px; line-height: 19.2px; color: rgb(51, 51 최신 대응: 의원 관계자분과 통화한 결과, 현재 리더기 교체 후 키오스크 전원 재부팅하니 정상 결제 된다고 합니다 / 의원에서 주장하시기로 카드 삽입 후 ~%에서 먹통인 증상으로 결제가 되지 않는다고 하시어, 금일 새 부품으로 교체가 진행된 터라 부품 불량 가능성이 적은 부분과 추후 재발 시 의사랑 고객센터로 재접수하시면 SW 관련 점검을 먼저 받아보실 수 있다고 안내드렸습니다","<p style=""font-family: 굴림, Gulim, ""맑은 고딕"", AppleGothic, sans-serif; font-size: 12px; line-height: 19.2px; color: rgb(51, 51","의원 관계자분과 통화한 결과, 현재 리더기 교체 후 키오스크 전원 재부팅하니 정상 결제 된다고 합니다 / 의원에서 주장하시기로 카드 삽입 후 ~%에서 먹통인 증상으로 결제가 되지 않는다고 하시어, 금일 새 부품으로 교체가 진행된 터라 부품 불량 가능성이 적은 부분과 추후 재발 시 의사랑 고객센터로 재접수하시면 SW 관련 점검을 먼저 받아보실 수 있다고 안내드렸습니다",resolved,high,안녕하세요 유비케어 병원고객팀 장유나입니다. 키오스크 문의내역 전달드립니다. 구분 내용 고객정보 상호명 청담마인소아청소년과의원 고객명 김선예 요양기관기호 12301558 문의자 이름 접수실 선생님 연락 받으실 번호 [PHONE_REDACTED]/ [PHONE_REDACTED] 문의 내용 및 요청사항 - 이슈: 키오스크 카드 리더기에서 ic 칩 인식을 못한다고 합니다. 카드 리더기 점검 및 교체 요청 주셨습니다. 9월22일에 같은 건으로 점검 받으셨다고 하시는데 그 이후에도 동일하다고 하십니다. 해당 내역으로 확인 부 탁 드립니다. 감사합니다,"안녕하세요. 유맑은샘 매니저님 에이치앤아이디지탈 김하은입니다. 의원 관계자분과 통화한 결과, 현재 리더기 교체 후 키오스크 전원 재부팅하니 정상 결제 된다고 합니다. 의원에서 주장하시기로 카드 삽입 후 ~%에서 먹통인 증상으로 결제가 되지 않는다고 하시어, 금일 새 부품으로 교체가 진행된 터라 부품 불량 가능성이 적은 부분과 추후 재발 시 의사랑 고객센터로 재접수하시면 SW 관련 점검을 먼저 받아보실 수 있다고 안내드렸습니다. 추가로 현장 엔지니어 통해 전달받은 상세 내용 공유드리오니 재인입 시 참고 부탁드리며, 해당 의원 로그 수집에 따른 점검 내용과 함께 이관 부탁드립니다. [상세내용] - 10/29 최초 방문 당시, 키오스크 정상 작동중으로 결제 이슈에 미리 대비하고자 카드리더기 전반적인 점검 진행 (이상 없음 및 ic칩 재장착) - 10/30 의원 비용 동의 및 방문 요청으로 금일 오전 ",GT 보강 시 재사용 가능,low,키오스크 결제 카드인식 불가,리더기 오류,교체 및 정상결제 완료,resolved,,,,,,
clinic_case,146837,1,146837-001,cust:146837,우리아이소아청소년과,146837,1,0,b357f07f816aa12c0b0a66d263760926eddcb2cd,hardware,payment_card_reader,카드결제/리더기,[통화요청] 키오스크 H/W 통화 요청의 件,2025-06-19 16:49,2025-06-20 15:09,3,TRUE,resolved,"{""distributor"": 2, ""ubcare"": 1}",[카드결제/리더기] 키오스크 카드 결제 기기가 카드가 인식이 안되고 껐다 켜도 동일하다고 하십니다 최신 대응: 해당 의원 금일 제조사 엔지니어 방문하여 카드리더기 교체 완료하였습니다 / 참고 부탁드립니다,키오스크 카드 결제 기기가 카드가 인식이 안되고 껐다 켜도 동일하다고 하십니다,해당 의원 금일 제조사 엔지니어 방문하여 카드리더기 교체 완료하였습니다 / 참고 부탁드립니다,resolved,high,안녕하세요 병원고객팀 이윤지 입니다 . 키오스크 문의내역 전달드립니다 . 구분 내용 고객정보 상호명 우리아이소아청소년과 고객명 김현주 요양기관기호 33310246 문의자 이름 접수실 선생님 연락 받으실 번호 0432367666 문의 내용 및 요청사항 - 이슈: 키오스크 카드 결제 기기가 카드가 인식이 안되고 껐다 켜도 동일하다고 하십니다 . 바쁘시겠지만 해당 내역으로 확인 부 탁드립니다,안녕하세요 에이치앤아이디지탈 김유미입니다. 해당 의원 금일 제조사 엔지니어 방문하여 카드리더기 교체 완료하였습니다. 참고 부탁드립니다,GT 보강 시 재사용 가능,low,키오스크 결제 카드인식 불가,리더기 오류,재부팅시 정상결제되어 종결,unresolved,,,,,,
clinic_case,146866,1,146866-001,cust:146866,김진경이비인후과,146866,7,1,8ee1824090f5060b8a7ff7ad5a8661254ededea0,hardware,payment_card_reader,카드결제/리더기,[통화요청] 키오스크 H/W 통화 요청의 件,2025-05-20 16:27,2025-05-23 10:53,3,TRUE,in_progress,"{""distributor"": 3}",[카드결제/리더기] KSCAT 프로그램 업데이트 및 엑세스 허용으로도 결제 진행되지 않아 제조사 측에 방문 요청해두었습니다 최신 대응: 금일 제조사 엔지니어 방문드려 카드리더기 교체 진행하였습니다,KSCAT 프로그램 업데이트 및 엑세스 허용으로도 결제 진행되지 않아 제조사 측에 방문 요청해두었습니다,금일 제조사 엔지니어 방문드려 카드리더기 교체 진행하였습니다,in_progress,low,안녕하세요. 에이치앤아이디지탈 김하은입니다. KSCAT 프로그램 업데이트 및 엑세스 허용으로도 결제 진행되지 않아 제조사 측에 방문 요청해두었습니다. 해당 처 계약 만료로 실비 발생되오니 참고 부탁드립니다,안녕하세요. 에이치앤아이디지탈 김하은입니다. 금일 제조사 엔지니어 방문드려 카드리더기 교체 진행하였습니다,최종 상태가 resolved가 아님,medium,키오스크 결제 카드인식 불가,리더기 오류,교체 및 정상결제 완료,resolved,,,,,,
clinic_case,146866,2,146866-002,cust:146866,김진경이비인후과,146866,7,1,3d80c0cb3eccefde609d9b5d2bc3bc21bef7078a,hardware,payment_card_reader,카드결제/리더기,[HNID] 키오스크 H/W 통화 요청의 件,2025-08-27 15:18,2025-08-29 14:26,4,TRUE,resolved,"{""distributor"": 4}",[카드결제/리더기] 1번기기 결제 실패 발생. KSCAT 프로그램 내 자체 결제 테스트 시 '단말기 번호 입력' 메세지 노출 및 결제 불가 최신 대응: 오창훈 매니저님 에이치앤아이디지탈 김하은입니다 / 금일 카드리더기 교체 진행하였습니다,1번기기 결제 실패 발생. KSCAT 프로그램 내 자체 결제 테스트 시 '단말기 번호 입력' 메세지 노출 및 결제 불가,오창훈 매니저님 에이치앤아이디지탈 김하은입니다 / 금일 카드리더기 교체 진행하였습니다,resolved,medium,"안녕하세요, 오창훈 매니저님 에이치앤아이디지탈 김하은입니다. 하기 의원 금일 의사랑 담당자 통해 인입된 곳으로 이력 관리를 위해 내용 공유드립니다. 고객정보 상호명 김진경이비인후과 문의자 이름 강남메디패스 이찬훈 대리님 연락처 [PHONE_REDACTED] 문의 내용 및 요청사항 1번기기 결제 실패 발생. KSCAT 프로그램 내 자체 결제 테스트 시 '단말기 번호 입력' 메세지 노출 및 결제 불가 현재 원격 접속하여 KSCAT 프로그램 업데이트 시도하였으나 동일 증상으로 원인 파악 어려운 상황입니다. 다만 의사랑 담당자 통해 의사랑 고객센터 측으로도 추가 접수된 부분이라 하여 결제 실패에 따른 프로그램 점검 후 H/W 방문 여부와 함께 의사랑 통해 공급업체로 이관될 수 있도록 내용 전달해두었으니 참고 부탁드립니다. 더불어 최근 의사랑 담당자를 통한 직접 인입 건수가 늘어나고 있어 내부적으로 확인",안녕하세요. 오창훈 매니저님 에이치앤아이디지탈 김하은입니다. 금일 카드리더기 교체 진행하였습니다,GT 보강 시 재사용 가능,low,키오스크 결제 카드인식 불가,리더기 오류,교체 및 정상결제 완료,resolved,,,,,,
clinic_case,146866,3,146866-003,cust:146866,김진경이비인후과,146866,7,1,91456bb0699c25c22eecf27b621a0ee2a0bde832,payment,payment_card_reader,카드결제/리더기,[운영기획팀] 의사랑 키오스크 이슈관련 점검 요청의 건,2025-08-27 15:29,2025-08-27 15:29,1,TRUE,resolved,"{""ubcare"": 1}","[카드결제/리더기] 풀 키오스크 카드단말기 결제 시 오류 발생하여 병원고객팀으로 인입 최신 대응: 금일 병원고객팀 담당 AM 으로부터 인입된 의사랑 키오스크 이슈 관련 점검 필요한 사항 공유드립니다 / 2) 현재 확인사항: 단말기 로그 상 복호화 오류 발생, 단말기 포트 9600 으로 설정되어 있음 ( 매뉴얼 상 기본값",풀 키오스크 카드단말기 결제 시 오류 발생하여 병원고객팀으로 인입,"금일 병원고객팀 담당 AM 으로부터 인입된 의사랑 키오스크 이슈 관련 점검 필요한 사항 공유드립니다 / 2) 현재 확인사항: 단말기 로그 상 복호화 오류 발생, 단말기 포트 9600 으로 설정되어 있음 ( 매뉴얼 상 기본값",resolved,medium,"안녕하십니까, 운영기획팀 오창훈 매니저입니다 . 금일 병원고객팀 담당 AM 으로부터 인입된 의사랑 키오스크 이슈 관련 점검 필요한 사항 공유드립니다 . 담당자 김재원 매니저님 휴가로, 해당업무 대응할 담당자를 지정해 주시면 감사하겠습니다 . ■ 김진경이비인후과의원 (146866)_ 풀 K, 하프 K 각 1 대 사용 1) 인입내용: 풀 키오스크 카드단말기 결제 시 오류 발생하여 병원고객팀으로 인입 2) 현재 확인사항: 단말기 로그 상 복호화 오류 발생, 단말기 포트 9600 으로 설정되어 있음 ( 매뉴얼 상 기본값 38400) 추가 로그 등 문제규명 및 해결에 필요한 사항 있으시면 말씀 부탁드립니다","안녕하십니까, 운영기획팀 오창훈 매니저입니다 . 금일 병원고객팀 담당 AM 으로부터 인입된 의사랑 키오스크 이슈 관련 점검 필요한 사항 공유드립니다 . 담당자 김재원 매니저님 휴가로, 해당업무 대응할 담당자를 지정해 주시면 감사하겠습니다 . ■ 김진경이비인후과의원 (146866)_ 풀 K, 하프 K 각 1 대 사용 1) 인입내용: 풀 키오스크 카드단말기 결제 시 오류 발생하여 병원고객팀으로 인입 2) 현재 확인사항: 단말기 로그 상 복호화 오류 발생, 단말기 포트 9600 으로 설정되어 있음 ( 매뉴얼 상 기본값 38400) 추가 로그 등 문제규명 및 해결에 필요한 사항 있으시면 말씀 부탁드립니다",GT 보강 시 재사용 가능,low,키오스크 결제 카드인식 불가,리더기 오류,"HNID이관, IC카드장착부 탈착 후 재장착결과 정상작동",resolved,,,,,,
clinic_case,146866,4,146866-004,cust:146866,김진경이비인후과,146866,7,1,5a7b955e3ac05e5422b80d651e42dc26511f91cf,hardware,printer_output,프린터/출력,[통화요청] 키오스크 H/W 통화 요청의 件,2025-10-15 15:42,2025-10-15 16:58,3,TRUE,resolved,"{""ubcare"": 2, ""distributor"": 1}","[프린터/출력] 테스트페이지 출력하면 응답없음이 됩니다 최신 대응: 금일 의사랑 담당자가 현장 방문하여 확인 했지만, 처리 되지 않아 문의 드렸던 건으로 의원에 유상 내용 전달 하니 담당자 재방문 요청하셨습니다 / 의사랑 담당자와 재확인 후 필요",테스트페이지 출력하면 응답없음이 됩니다,"금일 의사랑 담당자가 현장 방문하여 확인 했지만, 처리 되지 않아 문의 드렸던 건으로 의원에 유상 내용 전달 하니 담당자 재방문 요청하셨습니다 / 의사랑 담당자와 재확인 후 필요",resolved_but_needs_verification,medium,"안녕하세요 . 병원고객팀 오태민 매니저 입니다 . 키오스크 점검 요청 전달 드립니다 . 구분 내용 고객정보 상호명 김진경이비인후과 고객명 김진경 요양기관기호 12329771 문의자 이름 지역 담당자 연락 받으실 번호 [PHONE_REDACTED] 문의 내용 및 요청사항 - 이슈: 제어판 – 프린트속성 - 테스트페이지 출력하면 응답없음이 됩니다 . 새 토너로 교체해도 동일하여 다른 여분의 토너로도 교체, 키오스크, 프린터 재부팅, 정품토너인지 확인요청 드렸으나 정품여부는 모르시고 계속 응답없음이되고 출력되지 않아 점검 요청 하심 해당 내역 확인 부탁드립니다","안녕하세요 . 병원고객팀 오태민 매니저 입니다 . 금일 의사랑 담당자가 현장 방문하여 확인 했지만, 처리 되지 않아 문의 드렸던 건으로 의원에 유상 내용 전달 하니 담당자 재방문 요청하셨습니다 . 의사랑 담당자와 재확인 후 필요 시 회신 드리겠습니다",최종 조치가 예정/요청 단계로 보임,low,키오스크 테스트페이지 출력불가,드라이버 오류,"재설치 이후 정상작동 but
실제 환자 수납 과정에서 '프린터 장치 확인' 문구 노출",unresolved,,,,,,
clinic_case,146866,5,146866-005,cust:146866,김진경이비인후과,146866,7,1,773d2ec213c96e46056f79d4605266ab29659c9f,hardware,payment_card_reader,카드결제/리더기,[통화요청] 키오스크 H/W 프린터 교체 관련 상담 요청件,2025-11-17 14:35,2025-11-17 15:39,3,TRUE,resolved,"{""ubcare"": 2, ""distributor"": 1}",[카드결제/리더기] 카드 꽂고 결제하면 ‘ 결제 카드를 긁어주세요 ‘ 문구 뜨고 결제되지 않는 증상으로 문의 주셨습니다. 이전에도 같은 증상으로 카드단말기 교체한적 있으시다고합니다 최신 대응: 금일 방문드려 IC모듈 재장착 후 정상 결제 확인하였습니다 / 금일 오후 중 엔지니어 방문드려 점검할 예정입니다,카드 꽂고 결제하면 ‘ 결제 카드를 긁어주세요 ‘ 문구 뜨고 결제되지 않는 증상으로 문의 주셨습니다. 이전에도 같은 증상으로 카드단말기 교체한적 있으시다고합니다,금일 방문드려 IC모듈 재장착 후 정상 결제 확인하였습니다 / 금일 오후 중 엔지니어 방문드려 점검할 예정입니다,resolved,high,안녕하세요 유비케어 병원고객팀 장혜정입니다 . 키오스크 문의내역 전달드립니다 . 구분 내용 고객정보 상호명 김진경이비인후과 고객명 김진경 요양기관기호 12329771 문의자 이름 접수실 선생님 연락 받으실 번호 [PHONE_REDACTED] 문의 내용 및 요청사항 - 이슈: 카드 꽂고 결제하면 ‘ 결제 카드를 긁어주세요 ‘ 문구 뜨고 결제되지 않는 증상으로 문의 주셨습니다 . 이전에도 같은 증상으로 카드단말기 교체한적 있으시다고합니다 . 해당 내역으로 확인 부 탁 드립니다,안녕하세요. 에이치앤아이디지탈 김하은입니다. 금일 방문드려 IC모듈 재장착 후 정상 결제 확인하였습니다. 감사합니다. 김하은 드림. ------------------------------------------ 김 하 은 사원 | ㈜에이치앤아이디지탈 www.hnid.co.kr 서울 금천구 디지털로10길 78 가산테라타워 1441호 Tel [PHONE_REDACTED] Fax [PHONE_REDACTED] Mobile [PHONE_REDACTED] E-mail he2625 @hnid.co.kr ------------------------------------------ ------------Original Message------------ Subject: RE: [통화요청] 키오스크 H/W 프린터 교체 관련 상담 요청件_김진경이비인후과 Date: 2025-11-17 14: 45: 48 From: ,GT 보강 시 재사용 가능,low,,,,,,,,,,
clinic_case,146866,6,146866-006,cust:146866,김진경이비인후과,146866,7,1,c79167e6bcbede5312d2c7a1a06773ff4ddfd81f,hardware,printer_output,프린터/출력,[통화요청] 키오스크 H/W 통화 요청의 件,2025-12-23 14:06,2025-12-26 16:41,5,TRUE,resolved,"{""ubcare"": 3, ""distributor"": 2}","[프린터/출력] : 키오스크에서 처방전출력하면 문서출력확인, 프린터 장치확인이 필요합니다.데스크에서 인쇄를 요청해주세요.라고 뜨고 출력이 안됩니다 최신 대응: 금일 삼성 엔지니어 점검 결과 / 픽업롤러 고장으로 확인되어 교체 완료하였습니다",": 키오스크에서 처방전출력하면 문서출력확인, 프린터 장치확인이 필요합니다.데스크에서 인쇄를 요청해주세요.라고 뜨고 출력이 안됩니다",금일 삼성 엔지니어 점검 결과 / 픽업롤러 고장으로 확인되어 교체 완료하였습니다,resolved,high,"안녕하세요 병원고객팀 김연희입니다. 키오스크 문의내역 전달드립니다. 구분 내용 고객정보 상호명 김진경이비인후과 고객명 김진경 요양기관기호 12329771 문의자 이름 접수선생님 연락 받으실 번호 [PHONE_REDACTED] 문의 내용 및 요청사항 - 이슈: 키오스크에서 처방전출력하면 문서출력확인, 프린터 장치확인이 필요합니다.데스크에서 인쇄를 요청해주세요.라고 뜨고 출력이 안됩니다. 프린터자체인쇄는 잘 됩니다.프린터재부팅, 키오스크 재부팅해도 출력이 안된다고 하십니다.확인부탁드립니다. 해당 내역으로 확인 부 탁 드립니다","안녕하세요 에이치앤아이디지탈 김유미입니다. 금일 삼성 엔지니어 점검 결과. 픽업롤러 고장으로 확인되어 교체 완료하였습니다. - 총 비용 42, 000원 발생(출장비 포함)",GT 보강 시 재사용 가능,low,"드라이버 재설치 이후 정상인쇄 but
실제 환자 수납 과정에서 '프린터 장치 확인' 문구 노출",프린터 고장 의심,픽업롤러 고장으로 교체후 해결,resolved,,,,,,
clinic_case,146866,7,146866-007,cust:146866,김진경이비인후과,146866,7,1,56a1dc76ecb2500b10d6787d459b83e0ef694f15,hardware,payment_card_reader,카드결제/리더기,[통화요청] 키오스크 H/W 통화 요청의 件,2026-01-19 16:00,2026-02-03 17:09,5,TRUE,resolved,"{""distributor"": 3, ""ubcare"": 2}",[카드결제/리더기] 단말기에서 카드 결제 안된다고 합니다.ic도 마그네틱도 안되고 모든 카드가 사용할수 없다고 뜬다고 점검 요청하셨습니다. 단말기 확인 부탁드립니다 최신 대응: 전원 재부팅 후 정상 결제된다고 합니다 / 추후 동일 증상 시 재접수 하신다고 하였으니 참고 부탁드립니다,단말기에서 카드 결제 안된다고 합니다.ic도 마그네틱도 안되고 모든 카드가 사용할수 없다고 뜬다고 점검 요청하셨습니다. 단말기 확인 부탁드립니다,전원 재부팅 후 정상 결제된다고 합니다 / 추후 동일 증상 시 재접수 하신다고 하였으니 참고 부탁드립니다,resolved,high,안녕하세요 . 유비케어 병원고객팀 유맑은샘 입니다 . 키오스크 문의 내역 전달 드립니다 . 구분 내용 고객정보 상호명 김진경이비인후과 고객명 김진경 요양기관기호 12329771 문의자 이름 접수선생님 연락 받으실 번호 [PHONE_REDACTED] 문의 내용 및 요청사항 단말기에서 카드 결제 안된다고 합니다.ic도 마그네틱도 안되고 모든 카드가 사용할수 없다고 뜬다고 점검 요청하셨습니다. 단말기 확인 부탁드립니다 확인 부탁드립니다,안녕하세요. 에이치앤아이디지탈 김하은입니다. 전원 재부팅 후 정상 결제된다고 합니다. 추후 동일 증상 시 재접수 하신다고 하였으니 참고 부탁드립니다,GT 보강 시 재사용 가능,low,키오스크 결제 카드인식 불가,리더기 오류,교체 및 정상결제 완료,resolved,,,,,,
clinic_case,151564,1,151564-001,cust:151564,김동진정신건강의학과의원,151564,1,1,23f132953a2d72d1cac36bb7e46dfa40b8e4cf43,hardware,device_power_display,전원/화면,[통화요청] 키오스크 H/W 통화 요청의 件,2025-11-26 17:03,2025-11-27 10:16,2,TRUE,in_progress,"{""ubcare"": 1, ""distributor"": 1}","[전원/화면] 키오스크 기기 내부에서 잡음이 심하게 들린다고 하십니다. 기기 재부팅해봐도 동일하여 이관드립니다 최신 대응: 28) 오후 방문하여 점검 진행하겠습니다 / - 예상금액: 출장비 66, 000원 + 추가 부품비 발생할 수 있습니다",키오스크 기기 내부에서 잡음이 심하게 들린다고 하십니다. 기기 재부팅해봐도 동일하여 이관드립니다,"28) 오후 방문하여 점검 진행하겠습니다 / - 예상금액: 출장비 66, 000원 + 추가 부품비 발생할 수 있습니다",in_progress,low,안녕하세요 유비케어 병원고객팀 김민수 입니다 . 키오스크 문의내역 전달드립니다 . 구분 내용 고객정보 상호명 김동진정신건강의학과의원 고객명 김동진 요양기관기호 21354821 문의자 이름 병원직원 연락 받으실 번호 [PHONE_REDACTED] 문의 내용 및 요청사항 - 이슈: 키오스크 기기 내부에서 잡음이 심하게 들린다고 하십니다. 기기 재부팅해봐도 동일하여 이관드립니다. 해당 내역으로 확인 부 탁 드립니다,"안녕하세요 에이치앤아이디지탈 김유미입니다. 제조사 엔지니어 익일(11/28) 오후 방문하여 점검 진행하겠습니다. - 예상금액: 출장비 66, 000원 + 추가 부품비 발생할 수 있습니다",최종 상태가 resolved가 아님,medium,키오스크 기기 잡음,업데이트 오류,"업데이트후 경고팝업 발생으로 인해 오류 발생, 이제는 ",resolved,,,,,,
clinic_case,152411,1,152411-001,cust:152411,꿈이든소아청소년과의원,152411,5,2,165ad8a918d2107b2d5175772054a9fd8b294ad7,hardware,printer_output,프린터/출력,[통화요청] 키오스크 H/W 통화 요청의 件,2025-07-07 09:15,2025-07-07 10:17,2,TRUE,in_progress,"{""ubcare"": 1, ""distributor"": 1}","[프린터/출력] 키오스크에서 프린터 출력이 안된다고 함 최신 대응: 삼성 엔지니어 금주 수요일 오전 9: 30분경 방문드릴 예정으로 이후 점검 내용 회신드리겠습니다 / 하기 의원은 이전에도 프린터 문제로 점검 당시, 비용 발생으로 인한 항의가 심해 제조사와 HNID의 지원으로 셋탑 및 처방전 프린터 교체한 이력 확인됩니다",키오스크에서 프린터 출력이 안된다고 함,"삼성 엔지니어 금주 수요일 오전 9: 30분경 방문드릴 예정으로 이후 점검 내용 회신드리겠습니다 / 하기 의원은 이전에도 프린터 문제로 점검 당시, 비용 발생으로 인한 항의가 심해 제조사와 HNID의 지원으로 셋탑 및 처방전 프린터 교체한 이력 확인됩니다",in_progress,low,안녕하세요 . 유비케어 병원고객팀 황정안 입니다 . 키오스크 문의내역 전달드립니다 . 구분 내용 고객정보 상호명 꿈이든소아청소년과 의원 고객명 유동훈 요양기관기호 41367642 문의자 이름 접수실 선생님 연락 받으실 번호 [PHONE_REDACTED] 문의 내용 및 요청사항 키오스크에서 프린터 출력이 안된다고 함 원격 점검시 잉크토너 부족 메시지 발생하고 프린터 기기에서는 빨간불 점등 토너 교체 한지 얼마 안되었다고 하셔서 프린터 기계 전원 껐다 다시 켰으나 계속 빨간불 점등 상태 해당 내역으로 확인부 탁드립니다,"안녕하세요. 에이치앤아이디지탈 김하은입니다. 삼성 엔지니어 금주 수요일 오전 9: 30분경 방문드릴 예정으로 이후 점검 내용 회신드리겠습니다. 하기 의원은 이전에도 프린터 문제로 점검 당시, 비용 발생으로 인한 항의가 심해 제조사와 HNID의 지원으로 셋탑 및 처방전 프린터 교체한 이력 확인됩니다. 교체 이후로 처음 발생했다 하여, 프린터 내 부품 마모로 인한 문제로 예측되오니 이력 참고 부탁드립니다",최종 상태가 resolved가 아님,medium,프린터 출력 안됨,프린터 내 부품 마모 의심,삼성 엔지니어 방문 점검,resolved,,,,,,
clinic_case,152411,2,152411-002,cust:152411,꿈이든소아청소년과의원,152411,5,2,225ff692fdc70b5ac76ba962fe017c68d3d0d191,hardware,payment_cancel_refund,결제취소/중복결제,[방문취소요청] 키오스크 H/W 방문점검 취소 요청의 件,2025-07-08 14:10,2025-07-08 14:10,1,TRUE,in_progress,"{""ubcare"": 1}","[결제취소/중복결제] 토너 정품으로 교체해보고 이상 있으면 다시 전화주신다고 하시며 방문점검 취소 요청하셔서 전달 드립니다 최신 대응: 해당의원 내일 오전 9 시 30 분에 삼성 프린터 기사님 방문하여 점검 받으시기로 연락 받으셨으나, 토너 정품으로 교체해보고 이상 있으면 다시 전화주신다고 하시며 방문점검 취소 요청하셔서 전달 드립니다",토너 정품으로 교체해보고 이상 있으면 다시 전화주신다고 하시며 방문점검 취소 요청하셔서 전달 드립니다,"해당의원 내일 오전 9 시 30 분에 삼성 프린터 기사님 방문하여 점검 받으시기로 연락 받으셨으나, 토너 정품으로 교체해보고 이상 있으면 다시 전화주신다고 하시며 방문점검 취소 요청하셔서 전달 드립니다",in_progress,low,"안녕하세요 유비케어 병원고객팀 김선민 입니다 . 해당의원 내일 오전 9 시 30 분에 삼성 프린터 기사님 방문하여 점검 받으시기로 연락 받으셨으나, 토너 정품으로 교체해보고 이상 있으면 다시 전화주신다고 하시며 방문점검 취소 요청하셔서 전달 드립니다","안녕하세요 유비케어 병원고객팀 김선민 입니다 . 해당의원 내일 오전 9 시 30 분에 삼성 프린터 기사님 방문하여 점검 받으시기로 연락 받으셨으나, 토너 정품으로 교체해보고 이상 있으면 다시 전화주신다고 하시며 방문점검 취소 요청하셔서 전달 드립니다",최종 상태가 resolved가 아님,medium,프린터 출력 안됨,프린터 내 부품 마모 의심,삼성 엔지니어 방문 점검,resolved,,,,,,
clinic_case,152411,3,152411-003,cust:152411,꿈이든소아청소년과의원,152411,5,2,4b21faa122b89fd5056550982d297d7b1898ed0a,hardware,printer_output,프린터/출력,[통화요청] 키오스크 H/W 통화 요청의 件,2025-10-21 09:18,2025-10-21 09:18,1,FALSE,resolved,"{""ubcare"": 1}",[프린터/출력] 키오스크 전원을 종료해도 프린터에서 빈 종이가 계속 출력되는 증상 발생 최신 대응: 키오스크 기기에서 비정상적인 소음 ( 두두두두두..) 지속 발생 2 / 키오스크 전원을 종료해도 프린터에서 빈 종이가 계속 출력되는 증상 발생 해당 내역으로 확인 부 탁 드립니다,키오스크 전원을 종료해도 프린터에서 빈 종이가 계속 출력되는 증상 발생,키오스크 기기에서 비정상적인 소음 ( 두두두두두..) 지속 발생 2 / 키오스크 전원을 종료해도 프린터에서 빈 종이가 계속 출력되는 증상 발생 해당 내역으로 확인 부 탁 드립니다,resolved,high,안녕하세요 유비케어 병원고객팀 윤혜수매니저입니다 . 키오스크 문의내역 전달드립니다 . 구분 내용 고객정보 상호명 꿈이든소아청소년과의원 고객명 유동윤 요양기관기호 41367642 문의자 이름 원무과 선생님 연락 받으실 번호 [PHONE_REDACTED] 문의 내용 및 요청사항 - 이슈: 1. 키오스크 기기에서 비정상적인 소음 ( 두두두두두 ..) 지속 발생 2. 키오스크 전원을 종료해도 프린터에서 빈 종이가 계속 출력되는 증상 발생 해당 내역으로 확인 부 탁 드립니다,안녕하세요 유비케어 병원고객팀 윤혜수매니저입니다 . 키오스크 문의내역 전달드립니다 . 구분 내용 고객정보 상호명 꿈이든소아청소년과의원 고객명 유동윤 요양기관기호 41367642 문의자 이름 원무과 선생님 연락 받으실 번호 [PHONE_REDACTED] 문의 내용 및 요청사항 - 이슈: 1. 키오스크 기기에서 비정상적인 소음 ( 두두두두두 ..) 지속 발생 2. 키오스크 전원을 종료해도 프린터에서 빈 종이가 계속 출력되는 증상 발생 해당 내역으로 확인 부 탁 드립니다,GT 보강 시 재사용 가능,low,"키오스크 기기 소음 발생
키오스크 전원 종료해도 프린터에서 빈 종이 출력",프린터 내 부품 마모의심,삼성 엔지니어 방문 점검,resolved,,,,,,
clinic_case,152411,4,152411-004,cust:152411,꿈이든소아청소년과의원,152411,5,2,ce3af8b7793323386404ca112005d4da3e08f827,hardware,printer_output,프린터/출력,통화요청] 키오스크 H/W 통화 요청의 件,2025-11-13 11:12,2025-11-17 14:09,3,TRUE,resolved,"{""distributor"": 2, ""ubcare"": 1}","[프린터/출력] : 키오스크에서 처방전출력시 소리가 너무 커서 11월 5일에 원격으로 프린터 재설치를 하신 고객인데요.그래도 처방전 출력시 소리가 너무 커서 방문하셔서 점검가능한지 문의주십니다 최신 대응: 현장에서 테스트한 결과, 프린터 정상 출력되는 상태로 소음도 확인되지 않았습니다 / 부품 점검 결과, 즉각적인 교체가 필요한 수준은 아닌 것으로 확인되었습니다",: 키오스크에서 처방전출력시 소리가 너무 커서 11월 5일에 원격으로 프린터 재설치를 하신 고객인데요.그래도 처방전 출력시 소리가 너무 커서 방문하셔서 점검가능한지 문의주십니다,"현장에서 테스트한 결과, 프린터 정상 출력되는 상태로 소음도 확인되지 않았습니다 / 부품 점검 결과, 즉각적인 교체가 필요한 수준은 아닌 것으로 확인되었습니다",resolved,high,"안녕하세요, 병원고객팀 김연희입니다. 아래 내용으로 키오스크 문의주셔서 메일 보내드립니다. 전화부탁드립니다. 구분 내용 고객정보 상호명 꿈이든소아청소년과의원 고객명 유동윤 요양기관기호 41367642 문의자 이름 접수실 선생님 연락 받으실 번호 [PHONE_REDACTED] 문의 내용 및 요청사항 - 이슈: 키오스크에서 처방전출력시 소리가 너무 커서 11월 5일에 원격으로 프린터 재설치를 하신 고객인데요.그래도 처방전 출력시 소리가 너무 커서 방문하셔서 점검가능한지 문의주십니다","안녕하세요. 에이치앤 아이디지탈 김하은입니다. 금일 오전 삼성 엔지니어 방문으로 프린터 점검을 진행하였습니다. 현장에서 테스트한 결과, 프린터 정상 출력되는 상태로 소음도 확인되지 않았습니다. 또한 롤러 및 정착기 등 주요 부품 점검 결과, 즉각적인 교체가 필요한 수준은 아닌 것으로 확인되었습니다. 다만, 원내 키오스크 담당자분께서 2단 용지함에서 걸린 용지를 제거한 이후 문제 발생을 언급하셨고, 실제로 현장에서도 2단 용지함 사용 시 소음 발생 및 급지 불가 현상이 재현 되어 삼성 엔지니어 점검 결과에 따라 제조사를 통한 2단 용지함 교체가 필요한 상황으로 판단되나, 현재 의원에서 방문을 취소하시어 금번 문의 건은 일단 보류하도록 하겠습니다. (1단 프린터에서는 문제 발생되지 않음) 내용 참고 부탁드립니다",GT 보강 시 재사용 가능,low,프린터 출력 안됨 2단급지함 사용 시 소음 발생 및 급지불가,2단급지함 고장 의심,삼성엔지니어 방문 점검 but 의원에서 2차방문 취소하여 보류,resolved,,,,,,
clinic_case,152411,5,152411-005,cust:152411,꿈이든소아청소년과의원,152411,5,2,c3ab6dae85b8428983b65dd124ddf38921c6e897,hardware,printer_output,프린터/출력,키오스크 H/W 통화 요청의 件,2026-02-09 09:21,2026-02-09 11:02,2,TRUE,resolved,"{""ubcare"": 1, ""distributor"": 1}","[프린터/출력] 키오스크 출력시 백지만 나온다 하여 원격으로 테스트 페이지 출력 해보니 토너부족 문구가 출력 된다함 최신 대응: 의원에서 프린터 전원 종료 후 재부팅한 후, 현재는 정상적으로 출력되고 있다고 합니다 / 우선 더 사용해보시고, 추후 증상이 다시 심해질 경우 재접수하겠다고 안내받았습니다",키오스크 출력시 백지만 나온다 하여 원격으로 테스트 페이지 출력 해보니 토너부족 문구가 출력 된다함,"의원에서 프린터 전원 종료 후 재부팅한 후, 현재는 정상적으로 출력되고 있다고 합니다 / 우선 더 사용해보시고, 추후 증상이 다시 심해질 경우 재접수하겠다고 안내받았습니다",resolved,high,안녕하세요 . 유비케어 병원고객팀 황정안 입니다 . 키오스크 문의 내역 전달 드립니다 . 구분 내용 고객정보 상호명 꿈이든소아청소년과의원 고객명 유동윤 요양기관기호 41367642 문의자 이름 원무과선생님 연락 받으실 번호 [PHONE_REDACTED] 문의 내용 및 요청사항 키오스크 출력시 백지만 나온다 하여 원격으로 테스트 페이지 출력 해보니 토너부족 문구가 출력 된다함 . 토너교체한지 한달밖에 안되었는데 벌써 토너부족으로 출력안되는게 이상하다 하여 서비스 접수 해드리기로함 ( 참고로 해당의원은 2 단용지함 소음으로 현재 1 단 용지함만 사용중 ) 확인 부탁드립니다,"안녕하세요 에이치앤아이디지탈 김유미입니다. 의원에서 프린터 전원 종료 후 재부팅한 후, 현재는 정상적으로 출력되고 있다고 합니다. 우선 더 사용해보시고, 추후 증상이 다시 심해질 경우 재접수하겠다고 안내받았습니다",GT 보강 시 재사용 가능,low,이중결제 취소요청,이중결제 발생,운영기획팀 담당자에게 이중결제 취소요청 진행,resolved,,,,,,
clinic_case,152427,1,152427-001,cust:152427,행복숲가정의학과의원,152427,2,1,50f19d5015e77828b1a347e3d55cdc613e4b8897,payment,payment_cancel_refund,결제취소/중복결제,[병원고객팀]행복숲가정의학과의원 키오스크 중복 결제 취소 요청 件,2025-11-20 09:13,2025-11-20 15:01,4,TRUE,resolved,"{""ubcare"": 4}","[결제취소/중복결제] 11 19 일에 키오스크로 결제한 환자인데 카드결제문자 두 건 받았다하시며 중복 결제건 취소 요청하셨습니다 최신 대응: >> 1 분 타임아웃 이후, 스마트로 결제기기의 승인이 완료된 상태로 수납프로세스는 중단됐지만, 실결제는 완료된 상태입니다 / 이후 환자는 다시 수납을 진행하여 2 번째 결제를 완료했습니다",11 19 일에 키오스크로 결제한 환자인데 카드결제문자 두 건 받았다하시며 중복 결제건 취소 요청하셨습니다,">> 1 분 타임아웃 이후, 스마트로 결제기기의 승인이 완료된 상태로 수납프로세스는 중단됐지만, 실결제는 완료된 상태입니다 / 이후 환자는 다시 수납을 진행하여 2 번째 결제를 완료했습니다",resolved,high,"안녕하세요 . 병원고객팀 김지은입니다 . 11 월 19 일에 키오스크로 결제한 환자인데 카드결제문자 두 건 받았다하시며 . 중복 결제건 취소 요청하셨습니다 . 상호명 행복숲가정의학과의원 요양기관번호 ( 면허번호 ) 12347264 (79487) 고객 ( 사용자번호 ) 이경우 (152427) 사업자번호 569-98-00715 고객전화번호 병원대표번호 [PHONE_REDACTED] 고객 휴대폰 [PHONE_REDACTED] 담당자 [ 과장 ] 김진곤 담당대리점 비즈현메디칼 (1644-5491) 담당자연락처 [PHONE_REDACTED] 주소 서울특별시 강서구 마곡중앙로 161-17 보타닉파크타워 1 차 310, 311 호 ( 마곡동 ) 결제 정보: 24746 신민영 / 60, 500 원 / 롯데아멕스카드 / 12 시 45 분 취소 부탁드립니다","안녕하세요 모바일페이개발팀 정재원입니다 . 결제 로그 확인 결과, 12: 40: 49 경 롯데아멕스카드 결제되었습니다 . >> 1 분 타임아웃 이후, 스마트로 결제기기의 승인이 완료된 상태로 수납프로세스는 중단됐지만, 실결제는 완료된 상태입니다 . 이후 환자는 다시 수납을 진행하여 2 번째 결제를 완료했습니다 . @ 오창훈 매니저님, 12: 40 분 경 결제 건 승인취소 요청 부탁드립니다 . 해당 건은 금번 키오스크 비정기 9 차 보완기능입니다 . 현재 작업 중이며 차추 배포예정입니다",GT 보강 시 재사용 가능,low,이중결제 취소요청,이중결제 발생,운영기획팀 담당자에게 이중결제 취소요청 진행,resolved,,,,,,
clinic_case,152427,2,152427-002,cust:152427,행복숲가정의학과의원,152427,2,1,710949931cbaebe2f7cbe6a7e5f6fe97039a0355,payment,payment_cancel_refund,결제취소/중복결제,[유비케어] 의사랑 키오스크 이중결제 취소 요청 件,2025-11-20 15:37,2025-11-25 16:19,2,FALSE,in_progress,"{""ubcare"": 2}",[결제취소/중복결제] (CAT ID: 4115394001) 중복결제 내역 취소 요청드립니다 최신 대응: 요청하신 취소건 요청해놓았습니다 / 진행간 궁금하신 점 있으시면 말씀 부탁드리겠습니다,(CAT ID: 4115394001) 중복결제 내역 취소 요청드립니다,요청하신 취소건 요청해놓았습니다 / 진행간 궁금하신 점 있으시면 말씀 부탁드리겠습니다,in_progress,low,"안녕하십니까, 유비케어 오창훈 매니저입니다 . 행복숲가정의학과의원 (CAT ID: 4115394001) 중복결제 내역 취소 요청드립니다 . -11/19( 수 ) 12: 40: 49 시점 60, 500 원 롯데아멕스카드 결제건 취소를 요청드립니다 . 진행간 궁금하신 점 있으시면 말씀 부탁드리겠습니다","안녕하세요 아우어시스템즈 김종윤입니다. 요청하신 취소건 요청해놓았습니다. 감사합나디. 2025년 11월 20일 (목) 오후 3: 37, 오창훈 님이 작성: 안녕하십니까, 유비케어 오창훈 매니저입니다 . 행복숲가정의학과의원 (CAT ID: 4115394001) 중복결제 내역 취소 요청드립니다 . -11/19( 수 ) 12: 40: 49 시점 60, 500 원 롯데아멕스카드 결제건 취소를 요청드립니다 . 진행간 궁금하신 점 있으시면 말씀 부탁드리겠습니다",최종 상태가 resolved가 아님; 최종 조치가 예정/요청 단계로 보임,high,이중결제 취소요청,이중결제 발생,운영기획팀 담당자에게 이중결제 취소요청 진행,resolved,,,,,,
clinic_case,153234,1,153234-001,cust:153234,동서연산부인과,153234,3,3,c1c2c06cbde2f22fd03a430898feab57148cb5cb,payment,payment_card_reader,카드결제/리더기,[통화요청] 키오스크 H/W 통화 요청의 件,2025-10-24 11:28,2025-10-28 11:15,6,TRUE,in_progress,"{""ubcare"": 6}",[카드결제/리더기] 수납시 카드결제 실패 현상으로 점검 요청 인입되었습니다 최신 대응: 내용 확인 후 고객 안내 드렸습니다 / 도움 주셔서 감사합니다,수납시 카드결제 실패 현상으로 점검 요청 인입되었습니다,내용 확인 후 고객 안내 드렸습니다 / 도움 주셔서 감사합니다,in_progress,low,"안녕하십니까, 유비케어 운영기획팀 오창훈 매니저입니다 . 의사랑 키오스크 사용 관련 대리점 영업자 통해 인입된 내용 전달드리오니 확인 및 대응 부탁드립니다 . ■ 동서연산부인과 ( 고객번호 153234)_ 풀 키오스크 사용 1) 인입내용: 풀 K 1 대, 수납시 카드결제 실패 현상으로 점검 요청 인입되었습니다 . 2) 요청사항: 25 년 7 월 납품처로 기기 이상 가능성보다는 VCAT 설정 등이 제대로 되어 있지 않은 점이 의심되는 상황이기에 해당 부분 점검 부탁드립니다 . (CAT ID: UBCARE0366) 3) 연락처: [PHONE_REDACTED] 점검 통해 이슈 원인 파악 불가할 경우 발생시점 파악 및 로그 수집하여 분석을 위해 정재원 매니저님께 전달 부탁드립니다 . 파일 리스트 1.VAN 로그 SMARTRO: C: \Smartro VCat\Bin\Sky_Log KSNET: 문서 \KS",안녕하세요 병원고객팀 강보득솔입니다 . 내용 확인 후 고객 안내 드렸습니다 . 도움 주셔서 감사합니다,최종 상태가 resolved가 아님,medium,카드결제 전부 불가한 현상,카드결제 전부 불가 시 IC칩 리딩부 복호화모듈 오류 및 고장의심 KSCAT 데몬형 최신버전 재설치 후 이슈 반복시 단말기 교체 필요,단말기 교체 진행,resolved,,,,,,
clinic_case,153234,2,153234-002,cust:153234,동서연산부인과,153234,3,3,1c125499faa61ea46a6d3d10956d27ba840b5a22,payment,payment_card_reader,카드결제/리더기,[유비케어] 키오스크 결제실패 관련 원인 분석 요청의 건,2025-10-27 10:00,2025-10-27 17:34,2,FALSE,in_progress,"{""ubcare"": 2}","[카드결제/리더기] 자사 키오스크 사용 고객 중 간헐적 결제 오류 발생하는 처가 있어 결제 로그를 검토하였습니다 최신 대응: @박설아 매니저님: 38개월 설정 거래 중 당사 거래 거절 건도 있는데, 해당 거래 거절 사유 확인 부탁드립니다 / 또한, 바우처카드 잔액 부족 시 응답되는 코드와 바우처카드가 아닌 경우 거래 시 응답되는 코드가 다른지 확인부탁드립니다",자사 키오스크 사용 고객 중 간헐적 결제 오류 발생하는 처가 있어 결제 로그를 검토하였습니다,"@박설아 매니저님: 38개월 설정 거래 중 당사 거래 거절 건도 있는데, 해당 거래 거절 사유 확인 부탁드립니다 / 또한, 바우처카드 잔액 부족 시 응답되는 코드와 바우처카드가 아닌 경우 거래 시 응답되는 코드가 다른지 확인부탁드립니다",in_progress,low,"안녕하십니까 . 유비케어 운영기획팀 오창훈 매니저입니다 . 자사 키오스크 사용 고객 중 간헐적 결제 오류 발생하는 처가 있어 결제 로그를 검토하였습니다 . 결제 오류 발생했다 전달받은 10 월 22 일 전후로 실패 내역 분석 결과, 21 일 및 23 일 오류 사유는 비교적 명확하나, 22 일 발생한 오류에 대해서는 원인 특정이 어려운 상황입니다 . ( 카드사 전화요망, 할부금액 오류 ) 상기 오류가 고객 사용상의 문제인지, 단말기 또는 SW 영향 가능성이 있는지에 대해 확인이 가능하실지 여쭙고자 메일 올립니다 . 관련 로그파일 첨부드리며 추가로 필요한 내용이 있을 시 회신 주시면 적극 대응하겠습니다","안녕하십니까 오창훈 매니저님 케이에스넷 진민규 매니저입니다. 유비케어 키오스크 10월 22일 거래 거절에 대한 답변 전달해 드립니다. 사업자번호 단말기번호 거래일자 거래시간 가맹점명 카드번호 통화구분 요청금액 승/취구분 거절주체 매입사 발급사 카드사 표준응답코드 할부 거절주체 7659200854 UBCARE0366 2025-10-22 11: 14: 55 동서연산부인과 5380-0300-xxxx-488x KRW 3, 900 승인 카드사거절 롯데아멕스 롯데아멕스 롯데카드 카드사전화요망 38 카드사거절 7659200854 UBCARE0366 2025-10-22 11: 15: 09 동서연산부인과 5380-0300-xxxx-488x KRW 3, 900 승인 카드사거절 롯데아멕스 롯데아멕스 롯데카드 카드사전화요망 38 카드사거절 7659200854 UBCARE0366 2025-10-22 11: 15: 44",최종 상태가 resolved가 아님; 최종 조치가 예정/요청 단계로 보임,high,카드결제 전부 불가한 현상,카드결제 전부 불가 시 IC칩 리딩부 복호화모듈 오류 및 고장의심 KSCAT 데몬형 최신버전 재설치 후 이슈 반복시 단말기 교체 필요,단말기 교체 진행,resolved,,,,,,
clinic_case,153234,3,153234-003,cust:153234,동서연산부인과,153234,3,3,5c8ff2bc38a92b5ce2ce3b0d7bfe0ad98eec1b80,software,payment_card_reader,카드결제/리더기,[유비케어] 키오스크 결제 시 카드 복호화 오류 발생 원인 파악 요청의 건,2025-10-28 15:54,2025-10-28 17:12,2,FALSE,in_progress,"{""ubcare"": 2}",[카드결제/리더기] 다시 메일을 드리게 된 사유는 다름이 아니오라 키오스크 사용하시는 고객 중 한 처가 10 27 오후 시경부터 전체 카드 결제 오류 증상을 겪고 있어 로그 확인하였습니다 최신 대응: 유선상으로 안내주신 사항과 같이 KSNET 홈페이지 내 KSCAT 데몬형 최신버전 재설치 / 이후 단말기 교체 등 순서로 대응 진행하겠습니다 / 바쁘신 와중에도 신속하게 협조해 주신 점 감사드립니다,다시 메일을 드리게 된 사유는 다름이 아니오라 키오스크 사용하시는 고객 중 한 처가 10 27 오후 시경부터 전체 카드 결제 오류 증상을 겪고 있어 로그 확인하였습니다,유선상으로 안내주신 사항과 같이 KSNET 홈페이지 내 KSCAT 데몬형 최신버전 재설치 / 이후 단말기 교체 등 순서로 대응 진행하겠습니다 / 바쁘신 와중에도 신속하게 협조해 주신 점 감사드립니다,in_progress,low,"진민규 매니저님께, 안녕하십니까, 유비케어 운영기획팀 오창훈 매니저입니다 . 전일 급하게 요청 드린 질의 건에도 빠르게 대응해 주신 점 감사드립니다 . 다시 메일을 드리게 된 사유는 다름이 아니오라 키오스크 사용하시는 고객 중 한 처가 10 월 27 일 ( 월 ) 오후 2 시경부터 전체 카드 결제 오류 증상을 겪고 있어 로그 확인하였습니다 . 확인 결과 모든 거래건에 대해 복호화오류 표시되고 있는 점 확인하여 해당 사안에 대해 원인 파악 및 대응 가능하실지 확인을 요청드립니다 . 현재 키오스크를 통한 모든 거래가 불가능한 상황으로 고객께서 큰 불편을 겪고 있어 바쁘시겠지만 신속한 확인을 요청드리고자 합니다","안녕하십니까, 유비케어 오창훈 매니저입니다 . 유선상으로 안내주신 사항과 같이 KSNET 홈페이지 내 KSCAT 데몬형 최신버전 재설치 / 이후 단말기 교체 등 순서로 대응 진행하겠습니다 . 바쁘신 와중에도 신속하게 협조해 주신 점 감사드립니다",최종 상태가 resolved가 아님,medium,카드결제 전부 불가한 현상,카드결제 전부 불가 시 IC칩 리딩부 복호화모듈 오류 및 고장의심 KSCAT 데몬형 최신버전 재설치 후 이슈 반복시 단말기 교체 필요,단말기 교체 진행,resolved,,,,,,
clinic_case,153267,1,153267-001,cust:153267,연세이든소아청소년과,153267,2,0,1124a8a2a50317915bdebeb4aa55f151e997a4d7,hardware,payment_card_reader,카드결제/리더기,[통화요청] 키오스크 H/W 통화 요청의 件,2025-08-05 15:29,2025-08-06 15:27,5,TRUE,resolved,"{""distributor"": 3, ""ubcare"": 2}","[카드결제/리더기] 하루종일 카드 결제 실패 떠서 기기를 여러 번 재부팅 했는데 동일 증상이라 하심 원격 걸어서 점검 받고 싶은데 원격도 안되고 화상키보드도 먹통이라 눌러지지 않는다 하시며 기기점검 요청 최신 대응: 금일 제조사 엔지니어 방문 점검 결과, 카드리더기 IC Pan 오류가 발생하여 IC칩을 정상적으로 인식하지 못하는 상태로 확인되었습니다 / 하여, 카드리더기 교체 진행하였습니다",하루종일 카드 결제 실패 떠서 기기를 여러 번 재부팅 했는데 동일 증상이라 하심 원격 걸어서 점검 받고 싶은데 원격도 안되고 화상키보드도 먹통이라 눌러지지 않는다 하시며 기기점검 요청,"금일 제조사 엔지니어 방문 점검 결과, 카드리더기 IC Pan 오류가 발생하여 IC칩을 정상적으로 인식하지 못하는 상태로 확인되었습니다 / 하여, 카드리더기 교체 진행하였습니다",resolved,high,안녕하세요 유비케어 병원고객팀 황정안 시니어매니저 입니다 . 키오스크 문의내역 전달드립니다 . 구분 내용 고객정보 상호명 연세이든소아청소년과 고객명 HURMINWOO 요양기관기호 41394275 문의자 이름 원무과 여자선생님 연락 받으실 번호 [PHONE_REDACTED] 문의 내용 및 요청사항 - 이슈: 하루종일 카드 결제 실패 떠서 기기를 여러 번 재부팅 했는데 동일 증상이라 하심 원격 걸어서 점검 받고 싶은데 원격도 안되고 화상키보드도 먹통이라 눌러지지 않는다 하시며 기기점검 요청 해당 내역으로 확인 부 탁 드립니다,"안녕하세요 에이치앤아이디지탈 김유미입니다. 금일 제조사 엔지니어 방문 점검 결과, 카드리더기 IC Pan 오류가 발생하여 IC칩을 정상적으로 인식하지 못하는 상태로 확인되었습니다. 하여, 카드리더기 교체 진행하였습니다. - 비용: 출장비 66, 000원 + 카드리더기 109, 000원 = 175, 000원 참고 부탁드립니다",GT 보강 시 재사용 가능,low,카드결제 전부 불가한 현상,카드결제 전부 불가 시 IC칩 리딩부 복호화모듈 오류 및 고장의심 KSCAT 데몬형 최신버전 재설치 후 이슈 반복시 단말기 교체 필요,단말기 교체 진행,resolved,,,,,,
clinic_case,153267,2,153267-002,cust:153267,연세이든소아청소년과,153267,2,0,8870b8490eba982eec70353c37de1316b3075544,hardware,payment_card_reader,카드결제/리더기,[통화요청] 키오스크 H/W 통화 요청의 件,2025-10-17 09:42,2025-10-17 16:11,7,TRUE,resolved,"{""distributor"": 4, ""ubcare"": 2, ""external"": 1}","[카드결제/리더기] 이전 타 의원에서도 초기 같은 오류 문구가 발생했을 때 리더기 교체로 해결되지 않아 프로그램 점검 요청드렸던 사례가 있었던 터라, 최신 대응: 금일 결제 실패 관련하여 확인 및 처리 되었으며, 결론적으로 KScat 이 정상적으로 실행이 되지 않아 발생한걸로 보여집니다 / 현재로써는 원인 규명은 힘들다고 판단되어지며, 금일과 같이 결제 안되실 경우 키오스크 플레이어를 종료 후 재실행 해보시라고 안내 후 종료 하였습니다","이전 타 의원에서도 초기 같은 오류 문구가 발생했을 때 리더기 교체로 해결되지 않아 프로그램 점검 요청드렸던 사례가 있었던 터라,","금일 결제 실패 관련하여 확인 및 처리 되었으며, 결론적으로 KScat 이 정상적으로 실행이 되지 않아 발생한걸로 보여집니다 / 현재로써는 원인 규명은 힘들다고 판단되어지며, 금일과 같이 결제 안되실 경우 키오스크 플레이어를 종료 후 재실행 해보시라고 안내 후 종료 하였습니다",resolved,high,"안녕하세요 에이치앤아이디지탈 김유미입니다. 하기 의원 관련하여 추가 내용 공유드립니다. 의원에서 저희 쪽으로 직접 연락이 와, 결제가 되지 않는다고 합니다. 이 의원은 이전에 엔지니어 방문하여 카드리더기 교체까지 진행했던 곳인데, 교체 후에도 동일 증상이 재발한 상황입니다. 이전 타 의원에서도 초기 같은 오류 문구가 발생했을 때 리더기 교체로 해결되지 않아 프로그램 점검 요청드렸던 사례가 있었던 터라, 의원과 통화 후 프로그램 쪽 점검 부탁드립니다. 점검 후 내용 공유 부탁드립니다","안녕하세요 . 병원고객팀 오태민 입니다 . 금일 결제 실패 관련하여 확인 및 처리 되었으며, 결론적으로 KScat 이 정상적으로 실행이 되지 않아 발생한걸로 보여집니다 .. 추가로 Log 확인을 해볼려고 했으나, 별도 남겨진 Log 는 없었습니다 . 현재로써는 원인 규명은 힘들다고 판단되어지며, 금일과 같이 결제 안되실 경우 키오스크 플레이어를 종료 후 재실행 해보시라고 안내 후 종료 하였습니다 . 참고 부탁드립니다",GT 보강 시 재사용 가능,low,카드결제 전부 불가한 현상,카드결제 전부 불가 시 IC칩 리딩부 복호화모듈 오류 및 고장의심 KSCAT 데몬형 최신버전 재설치 후 이슈 반복시 단말기 교체 필요,단말기 교체 진행,resolved,,,,,,
clinic_case,154865,1,154865-001,cust:154865,다산소연산부인과의원,154865,1,0,bd77c018f6c8b5b53b97587de641461ad53807b8,hardware,printer_output,프린터/출력,[유비케어] 의사랑 키오스크 점검 요청 件,2025-05-26 17:03,2025-05-28 13:21,4,TRUE,resolved,"{""ubcare"": 4}","[프린터/출력] 초기 납품 당시 프린터 테스트 출력 시 용지걸림 현상 이력 최신 대응: 전일 삼성 엔지니어가 해당 의원에 방문하여 점검한 결과, 프린터 자체에는 문제가 없는 것으로 보이며, 용지 두께로 인하여 문제가 생긴 것 같다고 전달 받았습니다 / 포함)로 교체할 예정입니다",초기 납품 당시 프린터 테스트 출력 시 용지걸림 현상 이력,"전일 삼성 엔지니어가 해당 의원에 방문하여 점검한 결과, 프린터 자체에는 문제가 없는 것으로 보이며, 용지 두께로 인하여 문제가 생긴 것 같다고 전달 받았습니다 / 포함)로 교체할 예정입니다",resolved,medium,"안녕하십니까, 유비케어 최미선입니다 . 다산소연산부인과의원 의사랑 키오스크 프린터 점검 요청 메일드립니다 . 다산소연산부인과의원 ( 경기 남양주시 )_ 풀 키오스크 1 대 (5/21 납품처 ) 인입내용: 프린터 용지 걸림 빈번하게 발생 확인사항: 초기 납품 당시 프린터 테스트 출력 시 용지걸림 현상 이력 有 용지 제거 후 정상 출력되었으나, 이후에도 빈번하게 동일 증상 반복되어 점검 요청 요청사항: 프린터 용지 걸림 관련 점검 요청 의원 연락처: [PHONE_REDACTED] 프린터 점검 후 점검 결과 공유주시면 감사하겠습니다 . 기타 진행 간 궁금하신 사항이 있으실 경우 편히 문의주시기 바랍니다","안녕하세요 에이치앤아이디지탈 김유미입니다. 금일 대리점 담당자(오창현 팀장님) 통하여 재인입된 건 내용 공유드립니다. 전일 삼성 엔지니어가 해당 의원에 방문하여 점검한 결과, 프린터 자체에는 문제가 없는 것으로 보이며, 용지 두께로 인하여 문제가 생긴 것 같다고 전달 받았습니다. 이에 금일 대리점 담당자가 별도로 일반 용지를 들고 의원에 가서 테스트를 진행했으나, 동일 증상(용지 걸림)이 계속 발생했다고 합니다. 하여, 익일 오후 중 제조사 엔지니어가 방문해 새 프린터(2단 용지함 포함)로 교체할 예정입니다. 참고 부탁드립니다",GT 보강 시 재사용 가능,low,프린터 출력 시 용지걸림 증상 지속 발생,기본적으로 프린터 노후화 혹은 기기결함으로 접근,프린터 교체 진행,resolved,,,,,,
clinic_case,15824,1,15824-001,cust:15824,범어지에이치성장의원,15824,1,0,c3f832dbc9a2286253069d59708631946cde7af7,hardware,payment_card_reader,카드결제/리더기,[방문요청] 키오스크 H/W 통화 요청의 件,2025-07-04 14:24,2025-07-08 16:18,4,TRUE,resolved,"{""distributor"": 3, ""ubcare"": 1}","[카드결제/리더기] 6/30일 설치 후부터 키오스크 영수증 출력 안됨 최신 대응: 의원에서 7월 4일(금) 오후부터 정상 작동 중이라고 하시며, 금일 방문 취소 요청을 주셔서 엔지니어 방문 취소되었습니다 / 참고 부탁드립니다",6/30일 설치 후부터 키오스크 영수증 출력 안됨,"의원에서 7월 4일(금) 오후부터 정상 작동 중이라고 하시며, 금일 방문 취소 요청을 주셔서 엔지니어 방문 취소되었습니다 / 참고 부탁드립니다",resolved,high,안녕하세요. 유비케어 병원고객팀 오태민입니다. 키오스크 문의내역 전달드립니다. 구분 내용 고객정보 상호명 범어지에이치성장의원 고객명 이은주 요양기관기호 37337122 문의자 이름 동원메디텍 김종근 팀장 연락 받으실 번호 [PHONE_REDACTED](담당자 연락처) 문의 내용 및 요청사항 6/30일 설치 후부터 키오스크 영수증 출력 안됨 드라이버 새로 잡아봐도 영수증 컷팅 안되어 길게 출력 되고 있음 출력 후 영수증 프린터 빨간불 점등 확인 해당 내역으로 확인부 탁드립니다,"안녕하세요 에이치앤아이디지탈 김유미입니다. 의원에서 7월 4일(금) 오후부터 정상 작동 중이라고 하시며, 금일 방문 취소 요청을 주셔서 엔지니어 방문 취소되었습니다. 참고 부탁드립니다",GT 보강 시 재사용 가능,low,영수증 감열지프린터 출력안됨,간헐적 연결 이슈로 판단 재부팅 진행,재부팅시 정상출력되어 종결,resolved,,,,,,
clinic_case,160343,1,160343-001,cust:160343,서울본재활의학과의원,160343,4,0,049002411d6ccce9ea6acbe24a2a6a73c243b7ca,software,payment_card_reader,카드결제/리더기,[통화요청] 키오스크 H/W 통화 요청의 件,2025-05-12 16:00,2025-05-12 16:52,2,TRUE,resolved,"{""ubcare"": 1, ""distributor"": 1}","[카드결제/리더기] <p style=""font-family: 굴림, Gulim, ""맑은 고딕"", AppleGothic, sans-serif; font-size: 12px; line-height: 19.2px; color: rgb(51, 51 최신 대응: 원격 접속하니 KSCAT 액세스 허용 여부 팝업창 노출되어, 허용 체크 및 KSCAT 프로그램 업데이트 진행하였습니다 / 약간의 시간을 두고 환자 결제 테스트 시 현재까지 정상 결제 된다","<p style=""font-family: 굴림, Gulim, ""맑은 고딕"", AppleGothic, sans-serif; font-size: 12px; line-height: 19.2px; color: rgb(51, 51","원격 접속하니 KSCAT 액세스 허용 여부 팝업창 노출되어, 허용 체크 및 KSCAT 프로그램 업데이트 진행하였습니다 / 약간의 시간을 두고 환자 결제 테스트 시 현재까지 정상 결제 된다",resolved,high,안녕하세요 병원고객팀 유맑은샘 입니다. 키오스크 문의내역 전달드립니다. 구분 내용 고객정보 상호명 서울본재활의학과의원 고객명 채충식 요양기관기호 12391964 문의자 이름 접수실 선생님 연락 받으실 번호 [PHONE_REDACTED] 문의 내용 및 요청사항 - 이슈: 키오스크에서 결제 시 카드 ic 칩 인식이 안된다고 합니다. 마그네틱은 긁히는데 ic로 꽂으면 안되서 결제 카드기기 점검 요청주셨습니다. 해당 내역으로 확인부 탁드립니다. 감사합니다,"안녕하세요, 에이치앤아이디지탈 김하은입니다. 원격 접속하니 KSCAT 액세스 허용 여부 팝업창 노출되어, 허용 체크 및 KSCAT 프로그램 업데이트 진행하였습니다. 약간의 시간을 두고 환자 결제 테스트 시 현재까지 정상 결제 된다 하시어, 추후 동일 증상 시 의사랑 고객센터 통해 재접수하시기로 하였습니다",GT 보강 시 재사용 가능,low,일체형 키오스크 결제 안됨,KSCAT 윈도우 엑세스 권한 및 업데이트 누락 문제 가능성 있음,재부팅 및 KSCAT 재실행 시 KSCAT 엑세스 허용여부 팝업창 출력 및 KSCAT 프로그램 업데이트 후 정상결제됨,resolved,,,,,,
clinic_case,160343,2,160343-002,cust:160343,서울본재활의학과의원,160343,4,0,b26cbd3972adc8d815f7f751a4106a6255662873,hardware,payment_card_reader,카드결제/리더기,[통화요청] 키오스크 H/W 통화 요청의 件,2025-09-15 14:16,2025-09-30 15:09,8,TRUE,resolved,"{""distributor"": 5, ""ubcare"": 3}",[카드결제/리더기] 칩 인식이 안되어 기기점검 요청하셨습니다 최신 대응: 원격 확인 시 방화벽 설정이 되어있어 해제 및 사용자에 설정했던 요양기관명이 누락되는 현상이 재발되었습니다 / 확인 후 원격 종료 하였습니다,칩 인식이 안되어 기기점검 요청하셨습니다,원격 확인 시 방화벽 설정이 되어있어 해제 및 사용자에 설정했던 요양기관명이 누락되는 현상이 재발되었습니다 / 확인 후 원격 종료 하였습니다,resolved_but_needs_verification,medium,안녕하세요 유비케어 병원고객팀 이윤지 매니저입니다 . 키오스크 문의내역 전달드립니다 . 구분 내용 고객정보 상호명 서울본재활의학과의원 ( 강동구 ) 고객명 채충식 요양기관기호 12391964 문의자 이름 원무과 선생님 연락 받으실 번호 0264251234 or [PHONE_REDACTED] 문의 내용 및 요청사항 - 이슈: 키오스크 ic 칩 인식이 안되어 기기점검 요청하셨습니다 . 모든 환자가 다 안되고 원무과 선생님 카드로 테스트 시에도 결제 시 ic 칩만 인식이 안된다고 합니다 . 통화부탁 드립니다,"안녕하세요 병원고객팀 강보득솔입니다 . 해당 고객 확인해보니, 원격 진행한 당일 (9/25) 에는 문제가 없었으며, 갑자기 또 결제가 안된다고 하셨습니다 . 원격 확인 시 방화벽 설정이 되어있어 해제 및 사용자에 설정했던 요양기관명이 누락되는 현상이 재발되었습니다 . 관리자를 의사 아이디로 변경한 후 저장하였으며, 재부팅 후 누락되지 않는 부분도 확인 하였습니다 . 결제 완료 확인 후 원격 종료 하였습니다 . 추후 발생 여부 모니터링 해보겠습니다",최종 조치가 예정/요청 단계로 보임,medium,결제안됨,의사랑 PC정보 관리자(부) 요양기관명 누락 재발,설정 후 정상결제 확인,resolved,,,,,,
clinic_case,160343,3,160343-003,cust:160343,서울본재활의학과의원,160343,4,0,64d14abb6db8a2e598a72d23c1553a75bed91030,software,payment_card_reader,카드결제/리더기,RE (3) [통화요청] 키오스크 H/W 통화 요청의 件,2025-09-25 16:02,2025-09-26 16:05,3,TRUE,resolved,"{""ubcare"": 2, ""distributor"": 1}","[카드결제/리더기] 해당 의원 결제 불가 이슈로 인해, 원격 접속 후 KSCAT 프로그램 업데이트를 진행하였으나 동일 증상이 발생하여 금일 엔지니어가 방문하였습니다 최신 대응: pc 정보의 관리자 ( 부 ) 로 설정된 아이디가 요양기관명이 누락되어 있었습니다 / 설정 후 정상 결제 확인 하였습니다","해당 의원 결제 불가 이슈로 인해, 원격 접속 후 KSCAT 프로그램 업데이트를 진행하였으나 동일 증상이 발생하여 금일 엔지니어가 방문하였습니다",pc 정보의 관리자 ( 부 ) 로 설정된 아이디가 요양기관명이 누락되어 있었습니다 / 설정 후 정상 결제 확인 하였습니다,resolved,high,"안녕하세요 에이치앤아이디지탈 김유미입니다. 해당 의원 결제 불가 이슈로 인해, 원격 접속 후 KSCAT 프로그램 업데이트를 진행하였으나 동일 증상이 발생하여 금일 엔지니어가 방문하였습니다. 방문 시 카드리더기를 교체(총 2회)하였음에도 불구하고, 여전히 수납 시 '결제실패. 데스크에 문의하세요' 문구가 노출되고 있습니다. 이전에 이가인의원, 올리브소아청소년과(용인) 에서도 유사 사례가 있었던 만큼, VAN사 오류 또는 PC 정보(IP 설정값) 등 관련된 부분에 대해 확인 및 점검 요청드립니다. 확인 부탁드립니다",안녕하세요 병원고객팀 강보득솔입니다 . 고객 통화 해보니 며칠전부터 모든 결제건이 처리되지 않았다고 하십니다 . pc 정보의 관리자 ( 부 ) 로 설정된 아이디가 요양기관명이 누락되어 있었습니다 . 설정 후 정상 결제 확인 하였습니다,GT 보강 시 재사용 가능,low,결제안됨,의사랑 PC정보 관리자(부) 요양기관명 누락되어 설정,설정 후 정상결제 확인,resolved,,,,,,
clinic_case,160343,4,160343-004,cust:160343,서울본재활의학과의원,160343,4,0,4fbdd678764fadb52c0f8bf98e2d931b64de88e1,hardware,payment_card_reader,카드결제/리더기,[통화요청] 키오스크 H/W 통화 요청의 件,2025-10-20 13:54,2025-10-31 11:17,6,TRUE,resolved,"{""ubcare"": 6}","[카드결제/리더기] 키오스크 카드 단말기 결제 시 실패 오류가 발생한다고 문의하셨습니다 최신 대응: 어제 연락드렸으나, 고정 ip 로 잡으면 인터넷이 끊기고 속도가 느려지는 현상이 발생하여 금일 인터넷 기사님이 방문하셨고, 인터넷 기사님과 통화하여 고정으로 잡아도 인터넷 속도가 정상적일 수 있도록 조치하였습니다 / 고정 ip 로 재설정하였으며 이관해 주신 개별파일로 키오스크 설치 완료",키오스크 카드 단말기 결제 시 실패 오류가 발생한다고 문의하셨습니다,"어제 연락드렸으나, 고정 ip 로 잡으면 인터넷이 끊기고 속도가 느려지는 현상이 발생하여 금일 인터넷 기사님이 방문하셨고, 인터넷 기사님과 통화하여 고정으로 잡아도 인터넷 속도가 정상적일 수 있도록 조치하였습니다 / 고정 ip 로 재설정하였으며 이관해 주신 개별파일로 키오스크 설치 완료",resolved,high,"안녕하세요 유비케어 병원고객팀 이낙진매니저입니다 . 키오스크 문의내역 전달드립니다 . 구분 내용 고객정보 상호명 서울본재활의학과의원 고객명 채충식 요양기관기호 12391964 문의자 이름 원무과 선생님 연락 받으실 번호 [PHONE_REDACTED] 문의 내용 및 요청사항 - 이슈: 키오스크 카드 단말기 결제 시 실패 오류가 발생한다고 문의하셨습니다 . KSCAT 재실행 후에도 동일한 증상이 지속되고 있으며, 이전 지원 내역 확인 결과, 지속적으로 동일 오류가 발생한 이력이 있어 점검이 필요해 보여 이관드립니다 . 해당 내역으로 확인 부 탁 드립니다","안녕하세요 병원고객팀 강보득솔입니다 . 어제 연락드렸으나, 고정 ip 로 잡으면 인터넷이 끊기고 속도가 느려지는 현상이 발생하여 금일 인터넷 기사님이 방문하셨고, 인터넷 기사님과 통화하여 고정으로 잡아도 인터넷 속도가 정상적일 수 있도록 조치하였습니다 . 고정 ip 로 재설정하였으며 이관해 주신 개별파일로 키오스크 설치 완료 하였습니다 . 빠른 대응 해주셔서 감사드리며, 추가 인입 시 공유도록 하겠습니다",GT 보강 시 재사용 가능,low,결제안됨,고정IP 설정 및 의사랑 PC정보 관리자(정/부) 입력된 요양기관정보 확인,고정IP로 잡고 종료,resolved,,,,,,
clinic_case,160718,1,160718-001,cust:160718,늘푸른소아청소년과,160718,1,1,5d0143234f80fd8ecec38b6582e0f571feb2566e,hardware,printer_output,프린터/출력,[통화요청] 키오스크 H/W 통화 요청의 件,2026-02-09 15:41,2026-02-10 17:12,4,TRUE,in_progress,"{""ubcare"": 2, ""distributor"": 2}","[프린터/출력] 월 들어서부터 키오스크 프린터에서 문서출력 시 용지걸림 문제가 지속적으로 발생한다고 합니다 최신 대응: 금일 엔지니어 점검 당시, 프린터의 특이사항은 발견되지 않아 간단한 조치로 롤러에 쌓인 먼지 청소 후 마쳤다고 합니다 / 추후 동일 증상 재발 시 삼성 엔지니어 재방문으로 프린터 부품별 사용량 출력을 해보기로 소통하였으니 참고 부탁드립니다",월 들어서부터 키오스크 프린터에서 문서출력 시 용지걸림 문제가 지속적으로 발생한다고 합니다,"금일 엔지니어 점검 당시, 프린터의 특이사항은 발견되지 않아 간단한 조치로 롤러에 쌓인 먼지 청소 후 마쳤다고 합니다 / 추후 동일 증상 재발 시 삼성 엔지니어 재방문으로 프린터 부품별 사용량 출력을 해보기로 소통하였으니 참고 부탁드립니다",in_progress,low,"안녕하세요 유비케어 병원고객팀 김초원입니다 . 키오스크 문의내역 전달 드립니다 . 구분 내용 고객정보 상호명 늘푸른소아청소년과 고객명 임지은 요양기관기호 12389455 문의자 이름 원무과 선생님 연락 받으실 번호 [PHONE_REDACTED] 문의 내용 및 요청사항 - 이슈: 2 월 들어서부터 키오스크 프린터에서 문서출력 시 용지걸림 문제가 지속적으로 발생한다고 합니다 . 기기 재부팅, 스풀 재실행으로 출력되게 만들어도 금방 다시 용지걸림 상태가 되어 방문점검 요청하셨습니다 . 해당 내역으로 확인 부 탁 드립니다","안녕하세요. 에이치앤아이디지탈 김하은입니다. 금일 엔지니어 점검 당시, 프린터의 특이사항은 발견되지 않아 간단한 조치로 롤러에 쌓인 먼지 청소 후 마쳤다고 합니다. 추후 동일 증상 재발 시 삼성 엔지니어 재방문으로 프린터 부품별 사용량 출력을 해보기로 소통하였으니 참고 부탁드립니다",최종 상태가 resolved가 아님,medium,용지걸림 오류 발생,기본적으로 프린터 노후화 혹은 기기결함으로 접근,롤러 먼지청소 후 종결,resolved,,,,,,
clinic_case,161412,1,161412-001,cust:161412,"꿈키우다,봄이비인후과연합의원",161412,3,2,55c358f3a50ed8eaedc039266a3ccd33c16d46e4,payment,payment_cancel_refund,결제취소/중복결제,하프키오스크 이중 결제건 취소요청,2025-09-15 16:41,2025-09-15 16:41,1,TRUE,in_progress,"{""ubcare"": 1}","[결제취소/중복결제] 결제 정보: 32950이상호/ 51300원/ 국민카드 /09월14일 12시30분 최신 대응: 어제 키오스크로 결제한 환자인데 이중 결제되었다고 하시면 중복건 취소 요청하셨습니다 / 상호명 꿈키우다, 봄이비인후과연합의원 요양기관번호(면허번호) 37362259 (",결제 정보: 32950이상호/ 51300원/ 국민카드 /09월14일 12시30분,"어제 키오스크로 결제한 환자인데 이중 결제되었다고 하시면 중복건 취소 요청하셨습니다 / 상호명 꿈키우다, 봄이비인후과연합의원 요양기관번호(면허번호) 37362259 (",in_progress,low,"안녕하세요. 병원고객팀 장유나입니다. 어제 키오스크로 결제한 환자인데 이중 결제되었다고 하시면 중복건 취소 요청하셨습니다. 상호명 꿈키우다, 봄이비인후과연합의원 요양기관번호(면허번호) 37362259 (102870) 고객(사용자번호) 이재영(161412) 사업자번호 487-97-00866 고객전화번호 [PHONE_REDACTED] 병원대표번호 [PHONE_REDACTED] 고객 휴대폰 [PHONE_REDACTED] 담당자 [대리] 강연우 담당대리점 동원메디텍 ( 1644-7836 ) 담당자연락처 [PHONE_REDACTED] 주소 대구광역시 북구 구암로 153 (동천동) 결제 정보: 32950이상호/ 51300원/ 국민카드 /09월14일 12시30분 취소 부탁드립니다. 감사합니다","안녕하세요. 병원고객팀 장유나입니다. 어제 키오스크로 결제한 환자인데 이중 결제되었다고 하시면 중복건 취소 요청하셨습니다. 상호명 꿈키우다, 봄이비인후과연합의원 요양기관번호(면허번호) 37362259 (102870) 고객(사용자번호) 이재영(161412) 사업자번호 487-97-00866 고객전화번호 [PHONE_REDACTED] 병원대표번호 [PHONE_REDACTED] 고객 휴대폰 [PHONE_REDACTED] 담당자 [대리] 강연우 담당대리점 동원메디텍 ( 1644-7836 ) 담당자연락처 [PHONE_REDACTED] 주소 대구광역시 북구 구암로 153 (동천동) 결제 정보: 32950이상호/ 51300원/ 국민카드 /09월14일 12시30분 취소 부탁드립니다. 감사합니다",최종 상태가 resolved가 아님; 최종 조치가 예정/요청 단계로 보임,high,이중결제 취소요청,이중결제 발생,운영기획팀 담당자에게 이중결제 취소요청 진행,resolved,,,,,,
clinic_case,161412,2,161412-002,cust:161412,"꿈키우다,봄이비인후과연합의원",161412,3,2,a1a4dadb97489059895716e60c1894b81d114181,payment,payment_cancel_refund,결제취소/중복결제,하프키오스크 이중 결제 관련 로그 수집 요청의 건,2025-09-16 14:46,2025-09-16 16:14,2,FALSE,resolved,"{""ubcare"": 2}","[결제취소/중복결제] 이중결제가 맞다면 취소도 부탁드립니다 최신 대응: 타임아웃 이후에도 스마트로 전용 서명창이 유지되어 있고, 사용자는 서명을 완료했습니다 / 결제는 완료되었으나, 키오스크 플레이어에서는 결제 타임아웃으로 인하여 수납이 중단되어 이후 프로세스가 진행되지 않았습니다",이중결제가 맞다면 취소도 부탁드립니다,"타임아웃 이후에도 스마트로 전용 서명창이 유지되어 있고, 사용자는 서명을 완료했습니다 / 결제는 완료되었으나, 키오스크 플레이어에서는 결제 타임아웃으로 인하여 수납이 중단되어 이후 프로세스가 진행되지 않았습니다",resolved,high,안녕하세요 병원고객팀 강보득솔입니다 . 요청하신 log 전달 드립니다 . 이중결제가 맞다면 취소도 부탁드립니다 . 결제 정보: 32950 이상호 / 51300 원 / 국민카드 /09 월 14 일 12 시 30 분,"안녕하십니까, 모바일페이개발팀 정재원입니다 . 로그 분석 결과 공유드립니다 . 12: 26: 51 >> 승인 요청 12: 27: 14 >> 서명 대기 12: 27: 50 >> 승인 대기 타임아웃 ( 서명창은 유지 중 . 플레이어는 수납 중단 ) 12: 27: 58 >> 서명 종료 . VAN 통신 종료 ( 결제 완료 -> 결제 취소 필요 ) 12: 30: 30 >> 승인 요청 12: 30: 37 >> 서명 종료 . VAN 통신 종료 ( 결제 완료 ) 내부적으로 스마트로 결제 모듈에 승인 요청 시 55 초의 타임아웃이 걸려 있습니다 . 타임아웃 이후에도 스마트로 전용 서명창이 유지되어 있고, 사용자는 서명을 완료했습니다 . 결제는 완료되었으나, 키오스크 플레이어에서는 결제 타임아웃으로 인하여 수납이 중단되어 이후 프로세스가 진행되지 않았습니다 . 사용자는 수납이 더 이상 진행되지 않아, 홈 화면으로",GT 보강 시 재사용 가능,low,이중결제 취소요청,이중결제 발생,운영기획팀 담당자에게 이중결제 취소요청 진행,resolved,,,,,,
clinic_case,161412,3,161412-003,cust:161412,"꿈키우다,봄이비인후과연합의원",161412,3,2,a45cb78976dfc5b7c3e24ca750f6aef620a52d4f,payment,payment_cancel_refund,결제취소/중복결제,[유비케어] 의사랑 키오스크 이중결제 취소 요청 件,2025-09-16 17:06,2025-09-16 17:33,2,FALSE,in_progress,"{""ubcare"": 2}",[결제취소/중복결제] 봄이비인후과연합의원 중복결제 내역 취소 요청드립니다 최신 대응: 아우어시스템즈 김종윤입니다 / 요청하신건 취소요청 진행하였습니다,봄이비인후과연합의원 중복결제 내역 취소 요청드립니다,아우어시스템즈 김종윤입니다 / 요청하신건 취소요청 진행하였습니다,in_progress,low,"안녕하십니까, 유비케어 오창훈 매니저입니다 . 꿈키우다, 봄이비인후과연합의원 중복결제 내역 취소 요청드립니다 . -9/14( 일 ) 12: 27: 58 시점 51, 300 원 결제건 취소를 요청드립니다 . 진행간 궁금하신 점 있으시면 말씀 부탁드리겠습니다",안녕하세요 아우어시스템즈 김종윤입니다. 요청하신건 취소요청 진행하였습니다,최종 상태가 resolved가 아님; 최종 조치가 예정/요청 단계로 보임,high,이중결제 취소요청,이중결제 발생,운영기획팀 담당자에게 이중결제 취소요청 진행,resolved,,,,,,
clinic_case,161460,1,161460-001,cust:161460,아이원소아청소년과의원,161460,1,0,408e0628868a937c0a2042d0177406ccbd2d437f,payment,payment_card_reader,카드결제/리더기,[통화요청] 키오스크 H/W 통화 요청의 件,2025-06-24 17:42,2025-06-25 10:55,2,TRUE,resolved,"{""ubcare"": 1, ""distributor"": 1}",[카드결제/리더기] 카드 단말기 결제가 안된다고 하십니다. 연결선 재연결해도 동일하며 ic 칩 결제 / 직접결제 ( 카드읽기 ) 시도 해도 동일하다고 하여 점검 부탁드립니다. 금일은 업무 종료시간대에 가까워 명일 점검 요청 드립니다 최신 대응: KSCAT 프로그램 업데이트 후 1시간 가량 지난 시점에서 결제 테스트 시 정상 작동되어 의원에서 방문 취소하셨습니다,카드 단말기 결제가 안된다고 하십니다. 연결선 재연결해도 동일하며 ic 칩 결제 / 직접결제 ( 카드읽기 ) 시도 해도 동일하다고 하여 점검 부탁드립니다. 금일은 업무 종료시간대에 가까워 명일 점검 요청 드립니다,KSCAT 프로그램 업데이트 후 1시간 가량 지난 시점에서 결제 테스트 시 정상 작동되어 의원에서 방문 취소하셨습니다,resolved,high,안녕하세요 . 유비케어 병원고객팀 이연주입니다 . 키오스크 문의내역 전달드립니다 . 구분 내용 고객정보 상호명 아이원소아청소년과의원 고객명 김준희 요양기관기호 36316253 문의자 이름 유비케어 대리점 담당자 ( 김선경: [PHONE_REDACTED]) 연락 받으실 번호 [PHONE_REDACTED] 문의 내용 및 요청사항 카드 단말기 결제가 안된다고 하십니다 . 연결선 재연결해도 동일하며 ic 칩 결제 / 직접결제 ( 카드읽기 ) 시도 해도 동일하다고 하여 점검 부탁드립니다 . 금일은 업무 종료시간대에 가까워 명일 점검 요청 드립니다 . 해당 내역으로 확인부 탁드립니다,안녕하세요. 에이치앤아이디지탈 김하은입니다. KSCAT 프로그램 업데이트 후 1시간 가량 지난 시점에서 결제 테스트 시 정상 작동되어 의원에서 방문 취소하셨습니다,GT 보강 시 재사용 가능,low,카드결제 전부 불가한 현상,KSCAT 업데이트 필요,업데이트 후 정상결제 확인,resolved,,,,,,
clinic_case,163434,1,163434-001,cust:163434,광안마린소아청소년과의원,163434,3,0,d07430dd3a9eefb1a7d11814fefc5913f7c1756d,payment,payment_cancel_refund,결제취소/중복결제,[통화요청] 의사랑 키오스크 점검 요청의 건,2025-07-25 16:29,2025-07-25 16:48,2,TRUE,resolved,"{""ubcare"": 2}",[결제취소/중복결제] 이후 동일카드로 결제취소 시도하니 오류 발생하여 인입되었습니다 최신 대응: 어제 민생지원금으로 결제한 건을 오늘 취소하려고 했으나 오류 발생했다고 합니다 / 결제 승인번호: 07508117 ( 삼성 체크카드 ) 결제 취소시간: 11 시 50 분 경 확인 부탁드립니다,이후 동일카드로 결제취소 시도하니 오류 발생하여 인입되었습니다,어제 민생지원금으로 결제한 건을 오늘 취소하려고 했으나 오류 발생했다고 합니다 / 결제 승인번호: 07508117 ( 삼성 체크카드 ) 결제 취소시간: 11 시 50 분 경 확인 부탁드립니다,resolved_but_needs_verification,medium,"안녕하세요, 운영기획팀 오창훈 매니저입니다 . 광안마린소아청소년과 의사랑 키오스크 점검 요청드립니다 . ■ 광안마린소아청소년과 ( 사용자번호 163434)_ 의사랑 풀 (Full)K 1 대 사용 1) 인입내용: 키오스크에서 신용카드에 발급된 민생지원금으로 수납하여 결제 완료되었으나, 이후 동일카드로 결제취소 시도하니 오류 발생하여 인입되었습니다 . 2) 요청사항: KSNET 밴 로그 수집을 부탁드리며, 병원 관계자에게 결제 취소 오류가 발생한 대략적인 시간대를 함께 확인하여 전달 부탁드리겠습니다 . [VAN 로그 ] SMARTRO: C: \Smartro VCat\Bin\Sky_Log KSNET: 문서 \KSNet_Log 3) 연락처: [PHONE_REDACTED]( 병의원 )","안녕하세요, 병원고객팀 오창주입니다 . 광안마린소아청소년과 키오스크 결제 취소 오류 로그 전달드립니다 . 어제 민생지원금으로 결제한 건을 오늘 취소하려고 했으나 오류 발생했다고 합니다 . 결제 승인번호: 07508117 ( 삼성 체크카드 ) 결제 취소시간: 11 시 50 분 경 확인 부탁드립니다",최종 조치가 예정/요청 단계로 보임,low,민생지원금 결제건 취소안됨,카드사 거절로 키오스크 문제는 아님,VAN사 전달하여 종결,resolved,,,,,,
clinic_case,163434,2,163434-002,cust:163434,광안마린소아청소년과의원,163434,3,0,98f57046718e635bc6b8c92af33148289050dcc2,payment,payment_cancel_refund,결제취소/중복결제,[유비케어] 의사랑 키오스크 KSCAT 민생회복포인트 문의,2025-07-28 11:12,2025-07-28 11:12,1,TRUE,resolved,"{""ubcare"": 1}","[결제취소/중복결제] 매입완료 승인취소불가 최신 대응: 승인취소불가 카드사거절 추가로, 민생지원 카드 관련하여 당사 대외팀에서도 확인 중에 있으며, 다른 가맹점에서도 동일한 현상이 발생하고 있는 상황입니다 / 정확한 확인을 위해서는 다소 시간이 소요될 것으로 예상하며, 정확한 확인 후 답변드리겠습니다",매입완료 승인취소불가,"승인취소불가 카드사거절 추가로, 민생지원 카드 관련하여 당사 대외팀에서도 확인 중에 있으며, 다른 가맹점에서도 동일한 현상이 발생하고 있는 상황입니다 / 정확한 확인을 위해서는 다소 시간이 소요될 것으로 예상하며, 정확한 확인 후 답변드리겠습니다",resolved,high,"안녕하십니까 정재원 담당자님 케이에스넷 진민규 매니저입니다. 해당 거래건의 경우 당사 로그와 거래내역을 확인해보았는데, 카드사 거절로 조회됩니다. (승인번호: 07508117) 사업자번호 단말기번호 거래일자 거래시간 가맹점명 카드번호 통화구분 요청금액 승/취구분 승인번호 매입사 발급사 카드사 취소일자 취소시간 원거래일자 원거래시간 DDC/DESC여부 할부 DCC거래 봉사료 환경부담금 TAX 가맹점번호 카드구분 유류구분 입력구분 통신방식 간편결제 표준응답코드 거절주체 7349501563 UBCARE0109 2025-07-25 11: 51: 37 광안마린소아청소년과의원 5366-1790-xxxx-599x KRW 447, 800 취소 삼성카드 삼성카드 삼성카드 2025-07-24 16: 40: 34 N 00 0 0 0 188978293 체크카드 IC ADSL 매입완료 승인취소불가 카드사거절 73495","안녕하십니까 정재원 담당자님 케이에스넷 진민규 매니저입니다. 해당 거래건의 경우 당사 로그와 거래내역을 확인해보았는데, 카드사 거절로 조회됩니다. (승인번호: 07508117) 사업자번호 단말기번호 거래일자 거래시간 가맹점명 카드번호 통화구분 요청금액 승/취구분 승인번호 매입사 발급사 카드사 취소일자 취소시간 원거래일자 원거래시간 DDC/DESC여부 할부 DCC거래 봉사료 환경부담금 TAX 가맹점번호 카드구분 유류구분 입력구분 통신방식 간편결제 표준응답코드 거절주체 7349501563 UBCARE0109 2025-07-25 11: 51: 37 광안마린소아청소년과의원 5366-1790-xxxx-599x KRW 447, 800 취소 삼성카드 삼성카드 삼성카드 2025-07-24 16: 40: 34 N 00 0 0 0 188978293 체크카드 IC ADSL 매입완료 승인취소불가 카드사거절 73495",이슈 요약 근거가 약함,low,민생지원금 결제건 취소안됨,카드사 거절로 키오스크 문제는 아님,VAN사 전달하여 종결,resolved,,,,,,
clinic_case,163434,3,163434-003,cust:163434,광안마린소아청소년과의원,163434,3,0,a2ad088ae347f14a5e3681f990fadd514391e56e,payment,payment_cancel_refund,결제취소/중복결제,[유비케어] 의사랑 키오스크 결제 이슈의 건,2025-07-28 12:02,2025-07-28 12:02,1,FALSE,resolved,"{""ubcare"": 1}","[결제취소/중복결제] 민생회복지원금 포인트 결제 취소 불가 건에 대해 안내드립니다 최신 대응: 밴사 확인 결과, 해당 민생회복지원금 포인트 결제건은 정상적으로 매입이 완료되었으나, 승인 취소가 불가했던 사유는 ‘ 카드사 거절 ’ 로 확인되었습니다 / 고객께는 확실한 내용이 밝혀지고 나서 안내드리는 것이 좋을 듯 하나, 만일 확인을 원하실 시에는 민생지원금 결제 / 취소 관련 카드사 전산망 오류로 추정된다는 정도로만 안내 부탁드립니다",민생회복지원금 포인트 결제 취소 불가 건에 대해 안내드립니다,"밴사 확인 결과, 해당 민생회복지원금 포인트 결제건은 정상적으로 매입이 완료되었으나, 승인 취소가 불가했던 사유는 ‘ 카드사 거절 ’ 로 확인되었습니다 / 고객께는 확실한 내용이 밝혀지고 나서 안내드리는 것이 좋을 듯 하나, 만일 확인을 원하실 시에는 민생지원금 결제 / 취소 관련 카드사 전산망 오류로 추정된다는 정도로만 안내 부탁드립니다",resolved,high,"안녕하십니까, 운영기획팀 오창훈 매니저입니다 . 지난주 유선으로 문의주셨던 광안마린소아청소년과의원 (163434) 민생회복지원금 포인트 결제 취소 불가 건에 대해 안내드립니다 . 병원고객팀 담당 AM 을 통해 해당 시간대의 결제 로그를 수집하여 밴사에 문의하였습니다 . 밴사 확인 결과, 해당 민생회복지원금 포인트 결제건은 정상적으로 매입이 완료되었으나, 승인 취소가 불가했던 사유는 ‘ 카드사 거절 ’ 로 확인되었습니다 . 카드사와 VAN 사 간 전산 문제로 인해 발생한 오류 현상으로 추정되며, 동일 현상이 타 가맹점에서도 발생하고 있다고 합니다 . 보다 자세한 사항은 밴사에서 현재 파악 중이며, 추가 내용이 확인되는 대로 안내드리겠습니다 . 고객께는 확실한 내용이 밝혀지고 나서 안내드리는 것이 좋을 듯 하나, 만일 확인을 원하실 시에는 민생지원금 결제 / 취소 관련 카드사 전산망 오류로 추정된다","안녕하십니까, 운영기획팀 오창훈 매니저입니다 . 지난주 유선으로 문의주셨던 광안마린소아청소년과의원 (163434) 민생회복지원금 포인트 결제 취소 불가 건에 대해 안내드립니다 . 병원고객팀 담당 AM 을 통해 해당 시간대의 결제 로그를 수집하여 밴사에 문의하였습니다 . 밴사 확인 결과, 해당 민생회복지원금 포인트 결제건은 정상적으로 매입이 완료되었으나, 승인 취소가 불가했던 사유는 ‘ 카드사 거절 ’ 로 확인되었습니다 . 카드사와 VAN 사 간 전산 문제로 인해 발생한 오류 현상으로 추정되며, 동일 현상이 타 가맹점에서도 발생하고 있다고 합니다 . 보다 자세한 사항은 밴사에서 현재 파악 중이며, 추가 내용이 확인되는 대로 안내드리겠습니다 . 고객께는 확실한 내용이 밝혀지고 나서 안내드리는 것이 좋을 듯 하나, 만일 확인을 원하실 시에는 민생지원금 결제 / 취소 관련 카드사 전산망 오류로 추정된다",GT 보강 시 재사용 가능,low,민생지원금 결제건 취소안됨,카드사 거절로 키오스크 문제는 아님,VAN사 전달하여 종결,resolved,,,,,,
clinic_case,163453,1,163453-001,cust:163453,키다리소아청소년과의원,163453,2,0,6e6f8f6749493a8343c311de3c20a5e544c20973,hardware,printer_output,프린터/출력,[통화요청] 키오스크 H/W 통화 요청의 件,2025-08-19 11:59,2025-08-19 16:08,2,TRUE,resolved,"{""ubcare"": 1, ""distributor"": 1}",[프린터/출력] 프린터 오프라인 상태로 출력이 안됩니다 최신 대응: 원격 점검해보니 이더넷 ip주소 설정이 되어 있지 않아 재설정 및 키오스크 전원 재부팅 후 테스트 페이지 2장 정상 출력되는 점 확인하였습니다,프린터 오프라인 상태로 출력이 안됩니다,원격 점검해보니 이더넷 ip주소 설정이 되어 있지 않아 재설정 및 키오스크 전원 재부팅 후 테스트 페이지 2장 정상 출력되는 점 확인하였습니다,resolved,high,"안녕하세요 유비케어 병원고객팀 김민수 매니저입니다 . 키오스크 문의내역 전달드립니다 . 구분 내용 고객정보 상호명 키다리소아청소년과의원 고객명 임현철 요양기관기호 32321589 문의자 이름 원무과 연락 받으실 번호 [PHONE_REDACTED] 문의 내용 및 요청사항 - 이슈: 프린터 오프라인 상태로 출력이 안됩니다 . Spool 재실행, 프린터 재부팅, 선 재연결 해도 동일합니다. setip로 ip 조회했을 때 ip 변경도 따로 없습니다. 확인부탁드립니다. 해당 내역으로 확인 부 탁 드립니다",안녕하세요. 에이치앤아이디지탈 김하은입니다. 원격 점검해보니 이더넷 ip주소 설정이 되어 있지 않아 재설정 및 키오스크 전원 재부팅 후 테스트 페이지 2장 정상 출력되는 점 확인하였습니다,GT 보강 시 재사용 가능,low,프린터 오프라인 상태 출력불가,이더넷 ip주소 설정이 빠져있었음 ,재설정 후 키오스크 전원 재부팅 후 정상출력 확인,resolved,,,,,,
clinic_case,163453,2,163453-002,cust:163453,키다리소아청소년과의원,163453,2,0,74005149c8ed39309816d048f0e4677129e82810,hardware,payment_card_reader,카드결제/리더기,[통화요청] 키오스크 점검 요청의 건,2025-10-20 12:34,2025-10-23 16:04,4,TRUE,resolved,"{""ubcare"": 4}","[카드결제/리더기] 수납시 카드결제 실패 현상으로 점검 요청 인입되었습니다 최신 대응: 해당 고객 원격 진행했으며, pc 설정의 ip 가 프린터의 ip 로 변경되어있어서 Pc 의 ip 로 변경 해드렸고 정상적으로 결제 되는 부분 확인 하였습니다 / 감사합니디",수납시 카드결제 실패 현상으로 점검 요청 인입되었습니다,"해당 고객 원격 진행했으며, pc 설정의 ip 가 프린터의 ip 로 변경되어있어서 Pc 의 ip 로 변경 해드렸고 정상적으로 결제 되는 부분 확인 하였습니다 / 감사합니디",resolved,high,"안녕하십니까, 유비케어 운영기획팀 오창훈 매니저입니다 . 의사랑 키오스크 사용 관련 대리점 영업자 통해 인입된 내용 전달드리오니 확인 및 대응 부탁드립니다 . ■ 키다리소아청소년과의원 ( 고객번호 163453)_ 풀 키오스크 2 대 사용 1) 인입내용: 풀 K 1 대, 수납시 카드결제 실패 현상으로 점검 요청 인입되었습니다 . 2) 요청사항: 10/15 점검시 해당기기 ip 대역이 다르게 지정되어 있다는 점 확인한 내역이 있사오나 구체적인 오류 내용 및 대응방안 확인 위해 점검 요청드립니다 . 3) 연락처: [PHONE_REDACTED] @ 정재원 매니저님, 로그 수집 or 공동 원격 등 적절한 방법을 활용하시어 오류증상 파악 및 대응방법 안내를 부탁드리고자 합니다 . @ 강보득솔 시매님, 이슈 파악 위해 병원 커뮤니케이션 협조를 부탁드리겠습니다 . 이슈 관련하여 현장 방문대응 필요할 경우 대리","안녕하세요 병원고객팀 강보득솔입니다 . 해당 고객 원격 진행했으며, pc 설정의 ip 가 프린터의 ip 로 변경되어있어서 Pc 의 ip 로 변경 해드렸고 정상적으로 결제 되는 부분 확인 하였습니다 . 감사합니디",GT 보강 시 재사용 가능,low,수납 시 카드결제 실패,pc 설정상 ip가 프린터 ip로 변경되어있어서 pc ip로 변경,정상결제 확인 완료,resolved,,,,,,
clinic_case,163517,1,163517-001,cust:163517,연세더자람소아청소년과의원,163517,2,1,85182669849fb6bc6f1faa5d8ff5ef40ab080ae9,hardware,payment_card_reader,카드결제/리더기,[통화요청] 키오스크 H/W 통화 요청의 件,2025-06-10 09:50,2025-06-10 16:56,4,TRUE,resolved,"{""distributor"": 3, ""ubcare"": 1}","[카드결제/리더기] 인식이 되지않아 마그네틱으로 인식해야 인식되는 케이스가 잦다고 하십니다 최신 대응: 금일 점검 결과, 카드리더기 고장으로 확인되어 교체 후 정상 결제 확인하였습니다",인식이 되지않아 마그네틱으로 인식해야 인식되는 케이스가 잦다고 하십니다,"금일 점검 결과, 카드리더기 고장으로 확인되어 교체 후 정상 결제 확인하였습니다",resolved,high,"안녕하세요 . 유비케어 병원고객팀 강보득솔입니다 . 키오스크 문의내역 전달드립니다 . 구분 내용 고객정보 상호명 연세더자람소아청소년과의원 고객명 이경아 요양기관기호 41373103 문의자 이름 접수실 여자선생님 연락 받으실 번호 [PHONE_REDACTED] 문의 내용 및 요청사항 - 이슈: 키오스크 결제 시 카드를 넣으면, 인식이 되지않아 마그네틱으로 인식해야 인식되는 케이스가 잦다고 하십니다 ( 마그네틱으로도 안되는 케이스 있음 ) 10 번 중 1 번은 바로 인식이 되지만, 9 번은 인식이 제대로 되지 않는다고 하십니다 . 6/4 일에 간헐적 결제 오류로 인입되어 원격 확인했으나 log 에는 특이사항이 없었으며, 현재는 간헐적으로 발생하는 케이스가 아니라 자주 발생한다고 하여 이관드립니다 . 해당 내역으로 확인부 탁드립니다","안녕하세요 에이치앤아이디지탈 김유미입니다. 금일 점검 결과, 카드리더기 고장으로 확인되어 교체 후 정상 결제 확인하였습니다. - 비용: 출장비 66, 000원+카드리더기 109, 000원= 175, 000원 발생 하였습니다",GT 보강 시 재사용 가능,low,카드 ic 인식 안됨 (마그네틱 요청),리더기 IC칩 리딩부 고장 의심,리더기 교체 후 정상결제 확인,resolved,,,,,,
clinic_case,163517,2,163517-002,cust:163517,연세더자람소아청소년과의원,163517,2,1,643fa480f0cc15b5a3a8af18453a0f82f805dc17,hardware,printer_output,프린터/출력,[통화요청] 키오스크 H/W 통화 요청의 件,2025-12-16 16:29,2025-12-17 16:00,3,TRUE,in_progress,"{""distributor"": 2, ""ubcare"": 1}","[프린터/출력] 용지 다 빼고 출력하면 출력되는데 같은 증상 다시 반복되어 프린트 점검 요청하셨습니다 최신 대응: 금일 삼성 엔지니어 방문 점검 결과, 픽업 롤러 및 리타드 롤러 부품 마모로 확인되어 교체 예정입니다 / 다만 금일은 부품을 지참하지 않고 방문하여, 익일 재방문 후 부품 교체 예정입니다",용지 다 빼고 출력하면 출력되는데 같은 증상 다시 반복되어 프린트 점검 요청하셨습니다,"금일 삼성 엔지니어 방문 점검 결과, 픽업 롤러 및 리타드 롤러 부품 마모로 확인되어 교체 예정입니다 / 다만 금일은 부품을 지참하지 않고 방문하여, 익일 재방문 후 부품 교체 예정입니다",in_progress,low,안녕하세요 유비케어 병원고객팀 장혜정입니다 . 키오스크 문의내역 전달드립니다 . 구분 내용 고객정보 상호명 연세더자람소아청소년과의원 고객명 이경아 요양기관기호 41373103 문의자 이름 접수선생님 연락 받으실 번호 [PHONE_REDACTED] 문의 내용 및 요청사항 - 이슈: 키오스크 프린터 자주 용지 걸리는 증상 발생합니다 . 용지 다 빼고 출력하면 출력되는데 같은 증상 다시 반복되어 프린트 점검 요청하셨습니다 . 해당 내역으로 확인 부 탁 드립니다,"안녕하세요 에이치앤아이디지탈 김유미입니다. 금일 삼성 엔지니어 방문 점검 결과, 픽업 롤러 및 리타드 롤러 부품 마모로 확인되어 교체 예정입니다. 다만 금일은 부품을 지참하지 않고 방문하여, 익일 재방문 후 부품 교체 예정입니다. - 예상 비용: 약 7만원 (출장비 포함)",최종 상태가 resolved가 아님,medium,"인쇄 안됨, 용지 다 빼고 한장만 출력하면 출력됨",프린터 기기 부품 고장(리타더/픽업롤러),부품교체 후 해결,resolved,,,,,,
clinic_case,163969,1,163969-001,cust:163969,서울J내과,163969,1,1,28e0d27d8ea01f734d2b5145311c93e139c2f796,hardware,payment_card_reader,카드결제/리더기,[통화요청] 키오스크 H/W 통화 요청의 件,2025-12-01 11:41,2025-12-01 14:20,4,TRUE,in_progress,"{""ubcare"": 2, ""distributor"": 2}","[카드결제/리더기] 칩 인식 불가하여 마그네틱 방식으로만 결제 가능 최신 대응: 의원에서 방문 취소 접수 전, 엔지니어가 이미 현장에 방문드렸던 터라 원칙적으로 출장비가 발생되오나 서비스 차원에서 비용 없이 철수하였습니다 / 참고 부탁드립니다",칩 인식 불가하여 마그네틱 방식으로만 결제 가능,"의원에서 방문 취소 접수 전, 엔지니어가 이미 현장에 방문드렸던 터라 원칙적으로 출장비가 발생되오나 서비스 차원에서 비용 없이 철수하였습니다 / 참고 부탁드립니다",in_progress,low,안녕하세요 . 유비케어 병원고객팀 윤혜수입니다 . 키오스크 문의내역 전달드립니다 . 구분 내용 고객정보 상호명 서울 j 내과 고객명 정유 요양기관번호 12393894 문의자 이름 의원 직원 연락받으실 번호 [PHONE_REDACTED] 또는 [PHONE_REDACTED] 문의 내용 및 요청사항 - 이슈: 카드 단말기 ic 칩 인식 불가하여 마그네틱 방식으로만 결제 가능 해당 내역으로 확인 부 탁 드립니다,"안녕하세요. 에이치앤아이디지탈 김하은입니다. 의원에서 방문 취소 접수 전, 엔지니어가 이미 현장에 방문드렸던 터라 원칙적으로 출장비가 발생되오나 서비스 차원에서 비용 없이 철수하였습니다. 참고 부탁드립니다",최종 상태가 resolved가 아님,medium,카드 ic 인식 안됨 (마그네틱 요청),의원에서 방문취소요청,,unresolved,,,,,,
clinic_case,164074,1,164074-001,cust:164074,서울포레스트정신건강의학과의원,164074,2,0,ca12067036666acd5c0834e0fb23420ac698560a,software,payment_card_reader,카드결제/리더기,[통화요청] 키오스크 H/W 통화 요청의 件,2025-10-21 14:09,2025-10-24 13:30,4,TRUE,resolved,"{""distributor"": 3, ""ubcare"": 1}","[카드결제/리더기] 카드결제 안되는 증상 간헐적으로 발생 최신 대응: 해당 의원 금일 제조사 엔지니어 방문하여 점검한 내용 공유드립니다 / 해당 문구의 경우 장비 재부팅 후 정상 작동되는 사례가 많아, 엔지니어가 장비를 재부팅하여 확인한 결과 정상적으로 결제가 이루어지는 점 확인 후 철수하였습니다",카드결제 안되는 증상 간헐적으로 발생,"해당 의원 금일 제조사 엔지니어 방문하여 점검한 내용 공유드립니다 / 해당 문구의 경우 장비 재부팅 후 정상 작동되는 사례가 많아, 엔지니어가 장비를 재부팅하여 확인한 결과 정상적으로 결제가 이루어지는 점 확인 후 철수하였습니다",resolved,high,"안녕하세요 유비케어 운영기획팀 오창훈 매니저입니다 . 키오스크 문의내역 전달드립니다 . 구분 내용 고객정보 상호명 서울포레스트정신건강의학과의원 고객명 한재욱 요양기관기호 12394009 문의자 이름 담당 영업자 통해 인입 연락 받으실 번호 [PHONE_REDACTED] ( 대표번호 ) 문의 내용 및 요청사항 - 이슈: 하프키오스크 VCAT 카드결제 안되는 증상 간헐적으로 발생 . 키오스크 VCAT 자동 로드가 안되며, 수동 실행 이후에도 워킹키수신을 반복적으로 진행해야 하는 상황으로, 정상 설정 여부 점검 요청 점검결과 키오스크 초기화 및 재설치 필요 시 영업자 지원 가능합니다","안녕하세요 에이치앤아이디지탈 김유미입니다. 해당 의원 금일 제조사 엔지니어 방문하여 점검한 내용 공유드립니다. 방문 전 의원 관계자와 통화했을 당시에는 결제 불가 증상과 함께 ‘사용할 수 없는 카드입니다’라는 문구가 노출되었다고 하였으나, 금일 현장 점검 시에는 카드리더기에 ‘무결성 체크 에러’ 문구가 표시되었다고 합니다. 해당 문구의 경우 장비 재부팅 후 정상 작동되는 사례가 많아, 엔지니어가 장비를 재부팅하여 확인한 결과 정상적으로 결제가 이루어지는 점 확인 후 철수하였습니다. 참고 부탁드립니다",GT 보강 시 재사용 가능,low,리더기 간헐적 카드인식 불가,리더기 '무결성체크에러' 표시됨 이경우 IC칩 복호화 모듈 에러로 업데이트 혹은 재부팅 시 해결됨,리더기 재부팅후 해결,resolved,,,,,,
clinic_case,164074,2,164074-002,cust:164074,서울포레스트정신건강의학과의원,164074,2,0,528ad73d9c9530923067850148871cd4831bd775,hardware,payment_card_reader,카드결제/리더기,[통화요청] 키오스크 H/W 통화 요청의 件,2026-01-15 13:49,2026-01-21 15:17,5,TRUE,resolved,"{""distributor"": 4, ""ubcare"": 1}","[카드결제/리더기] 하기 의원 Vcat 자동실행 불가 이슈와 관련하여 아래 사항들이 이미 점검되었는지 문의드립니다 최신 대응: 금일 제조사 엔지니어, 대리점 담당자 동행하여 셋탑 포맷 진행 후 Vcat 프로그램 자동 실행되는 점 확인하여 점검 마무리하였습니다",하기 의원 Vcat 자동실행 불가 이슈와 관련하여 아래 사항들이 이미 점검되었는지 문의드립니다,"금일 제조사 엔지니어, 대리점 담당자 동행하여 셋탑 포맷 진행 후 Vcat 프로그램 자동 실행되는 점 확인하여 점검 마무리하였습니다",resolved,medium,"안녕하세요 유비케어 강보득솔입니다 . 지난 10 월에 문의드렸던 고객 관련하여, 추가 확인 요청 드리고자 메일 드립니다 . 해당 고객의 경우, A/S 를 진행하였음에도 불구하고 결제가 간헐적으로 되지 않는 현상이 현재까지도 지속적으로 발생하고 있습니다 . 결제가 되지 않는 시점에 확인해 보면, 여전히 VCAT 프로그램이 자동 실행되지 않은 상태로 확인되고 있습니다 . 의사랑 담당자가 VCAT 프로그램을 시작프로그램에 등록하였고 작업 스케줄러에도 추가 등록을 진행하였으나 자동 실행이 간헐적으로 되지 않는 현상은 동일하게 발생하고 있습니다 . 해당 상황에서 PC 재부팅을 진행하면 다시 정상적으로 실행됩니다 . 현재 조치 외에 추가로 점검해 볼 수 있는 사항이나, 제조사 측에서 확인이 필요한 설정 또는 원인으로 추정되는 부분이 있는지 검토 부탁드립니다","안녕하세요. 에이치앤아이디지탈 김하은입니다. 금일 제조사 엔지니어, 대리점 담당자 동행하여 셋탑 포맷 진행 후 Vcat 프로그램 자동 실행되는 점 확인하여 점검 마무리하였습니다",GT 보강 시 재사용 가능,low,하프키오스크 Vcat 자동실행 안됨,PC실행때 자동으로 실행되어야하는데 안되는 초기세팅문제로 윈도우 포맷 및 전체 재설치 진행,포맷후 재설치후 정상작동 확인,resolved,,,,,,
clinic_case,164272,1,164272-001,cust:164272,다채움피부과의원,164272,2,1,a11241c46fa647ba30e077f1d8045945f083c3d8,hardware,printer_output,프린터/출력,[통화요청] 키오스크 H/W 통화 요청의 件,2025-12-03 10:42,2025-12-03 10:42,1,TRUE,in_progress,"{""ubcare"": 1}","[프린터/출력] <p style=""font-family: 굴림, Gulim, ""맑은 고딕"", AppleGothic, sans-serif; font-size: 12px; line-height: 14.4pt; color: rgb(51, 51 최신 대응: 프린터 점검 부탁드립니다 / 해당 내역으로 확인 부 탁 드립니다","<p style=""font-family: 굴림, Gulim, ""맑은 고딕"", AppleGothic, sans-serif; font-size: 12px; line-height: 14.4pt; color: rgb(51, 51",프린터 점검 부탁드립니다 / 해당 내역으로 확인 부 탁 드립니다,in_progress,low,안녕하세요 유비케어 병원고객팀 장유나 입니다. 키오스크 문의내역 전달드립니다. 구분 내용 고객정보 상호명 다채움피부과의원(화성남양점) 고객명 이정우 요양기관기호 41386591 문의자 이름 접수선생님 연락 받으실 번호 [PHONE_REDACTED] 문의 내용 및 요청사항 - 이슈: 키오스크 구매한지 한달도 안되었는데 프린터에서 계속 종이가 걸린다고 하십니다. 프린터 점검 부탁드립니다. 해당 내역으로 확인 부 탁 드립니다. 감사합니다,안녕하세요 유비케어 병원고객팀 장유나 입니다. 키오스크 문의내역 전달드립니다. 구분 내용 고객정보 상호명 다채움피부과의원(화성남양점) 고객명 이정우 요양기관기호 41386591 문의자 이름 접수선생님 연락 받으실 번호 [PHONE_REDACTED] 문의 내용 및 요청사항 - 이슈: 키오스크 구매한지 한달도 안되었는데 프린터에서 계속 종이가 걸린다고 하십니다. 프린터 점검 부탁드립니다. 해당 내역으로 확인 부 탁 드립니다. 감사합니다,최종 상태가 resolved가 아님,medium,프린터 간헐적 용지걸림 발생,"용지걸림은 기본적으로 프린터 기기적 고장, 새 프린터에 용지걸림 발생하는 경우 셋탑과 프린터 간 통신오류가 원인일 수 있음",셋탑 및 프린터 신품 교체 해결,resolved,,,,,,
clinic_case,164272,2,164272-002,cust:164272,다채움피부과의원,164272,2,1,dc3b403d0aae9123d38b2452a86c43787d42effc,hardware,printer_output,프린터/출력,[통화요청] 키오스크 H/W 통화 요청의 件,2026-01-27 16:00,2026-02-09 16:57,6,TRUE,resolved,"{""ubcare"": 3, ""distributor"": 3}","[프린터/출력] 금일 제조사 엔지니어 방문드려 셋탑 교체 후 화면 및 프린터 관련 오류 발생되지 않는 점 확인하였습니다 최신 대응: 금일 제조사 엔지니어 방문드려 셋탑 교체 후 화면 및 프린터 관련 오류 발생되지 않는 점 확인하였습니다 / 셋탑 교체 진행 전 화면 이슈 발생됨에 따라 USB 허브 점검 시 헐겁게 꽂혀 있어, 재장착하니 정상 작동된다고 합니다",금일 제조사 엔지니어 방문드려 셋탑 교체 후 화면 및 프린터 관련 오류 발생되지 않는 점 확인하였습니다,"금일 제조사 엔지니어 방문드려 셋탑 교체 후 화면 및 프린터 관련 오류 발생되지 않는 점 확인하였습니다 / 셋탑 교체 진행 전 화면 이슈 발생됨에 따라 USB 허브 점검 시 헐겁게 꽂혀 있어, 재장착하니 정상 작동된다고 합니다",resolved,high,"안녕하세요. 유비케어 병원고객팀 김민수 입니다. 키오스크 문의 내역 전달 드립니다. 구분 내용 고객정보 상호명 다채움피부과의원(화성남양점) 고객명 이정우 요양기관기호 41386591 문의자 이름 접수선생님 연락 받으실 번호 [PHONE_REDACTED] 문의 내용 및 요청사항 현재 키오스크 터치가 되지 않고, 설정하지 않아도 장애인 모드로 변경되어 불편하다고 하십니다. 이전에 해당 증상 있어서 업체 통해서 windows 재설치 받으셨는데도 동일하다고 하십니다. 확인 부탁드립니다. 감사합니다","안녕하세요. 에이치앤아이디지탈 김하은입니다. 금일 제조사 엔지니어 방문드려 셋탑 교체 후 화면 및 프린터 관련 오류 발생되지 않는 점 확인하였습니다. 프린터는 지난 목요일 의원과 통화 당시, 출력 이슈가 간헐적으로 발생된다 하시어 셋탑과 연관될 수 있어 금일 점검하기로 소통된 부분입니다. 셋탑 교체 진행 전 화면 이슈 발생됨에 따라 USB 허브 점검 시 헐겁게 꽂혀 있어, 재장착하니 정상 작동된다고 합니다. 이에 단순 셋탑 문제라기 보다는 허브와도 연관이 있어 보이며, 금일 두 가지 점검으로 마무리 되었사오니 참고 부탁드립니다",GT 보강 시 재사용 가능,low,프린터 간헐적 용지걸림 발생,"용지걸림은 기본적으로 프린터 기기적 고장, 새 프린터에 용지걸림 발생하는 경우 셋탑과 프린터 간 통신오류가 원인일 수 있음",셋탑 및 프린터 신품 교체 해결,resolved,,,,,,
clinic_case,16550,1,16550-001,cust:16550,청라이엠365의원,16550,1,0,6b03437ab523a2311d1acb1cb3991c9aa0bb0e09,hardware,device_power_display,전원/화면,[통화요청] 키오스크 H/W 통화 요청의 件,2025-10-21 17:27,2025-10-27 16:05,3,TRUE,resolved,"{""distributor"": 2, ""ubcare"": 1}","[전원/화면] 금일 방문드려 전원 및 화면 오류와 관련된 부품 모두 점검 진행했으나 교체가 필요하거나 이상이 있는 점은 발견하지 못하였습니다 최신 대응: 금일 방문드려 전원 및 화면 오류와 관련된 부품 모두 점검 진행했으나 교체가 필요하거나 이상이 있는 점은 발견하지 못하였습니다 / 추가로 의원에서 프로그램 메인 화면에 장애인 아이콘 활성화 되지 않는다고 문의주셔, 오창훈 매니저님 통해 설정 방법 전달 받아 정상 노출되는 점 확인 후 점검 마쳤습니다",금일 방문드려 전원 및 화면 오류와 관련된 부품 모두 점검 진행했으나 교체가 필요하거나 이상이 있는 점은 발견하지 못하였습니다,"금일 방문드려 전원 및 화면 오류와 관련된 부품 모두 점검 진행했으나 교체가 필요하거나 이상이 있는 점은 발견하지 못하였습니다 / 추가로 의원에서 프로그램 메인 화면에 장애인 아이콘 활성화 되지 않는다고 문의주셔, 오창훈 매니저님 통해 설정 방법 전달 받아 정상 노출되는 점 확인 후 점검 마쳤습니다",resolved,high,안녕하세요 유비케어 병원고객팀 이낙진입니다 . 키오스크 문의내역 전달드립니다 . 구분 내용 고객정보 상호명 청라이엠 365 의원 고객명 강상건 요양기관기호 41395701 문의자 이름 사무장님 연락 받으실 번호 [PHONE_REDACTED] 문의 내용 및 요청사항 - 이슈: 키오스크 전원이 켜지지 않아 점검 요청 하셨습니다 . 해당 내역으로 확인 부 탁 드립니다,"안녕하세요 에이치앤아이디지탈 김유미입니다. 금일 방문드려 전원 및 화면 오류와 관련된 부품 모두 점검 진행했으나 교체가 필요하거나 이상이 있는 점은 발견하지 못하였습니다. 추가로 의원에서 프로그램 메인 화면에 장애인 아이콘 활성화 되지 않는다고 문의주셔, 오창훈 매니저님 통해 설정 방법 전달 받아 정상 노출되는 점 확인 후 점검 마쳤습니다. - 비용: 출장비 66, 000원 발생",GT 보강 시 재사용 가능,low,무시,,,,,,,,,
clinic_case,166375,1,166375-001,cust:166375,고잔제일소아과이비인후과,166375,1,0,979a4d8ff538225b422a8a239b67e13f9e97788d,hardware,payment_card_reader,카드결제/리더기,[통화요청] 키오스크 H/W 통화 요청의 件,2025-12-17 16:32,2025-12-23 09:41,7,TRUE,resolved,"{""distributor"": 4, ""ubcare"": 3}",[카드결제/리더기] : 카드 단말기 ic칩 인식 불가하여 마그네틱으로만 결제하고 있다고 단말기 점검 요청하셨습니다 최신 대응: 메일 제목 잘못 작성하여 재발송드립니다,: 카드 단말기 ic칩 인식 불가하여 마그네틱으로만 결제하고 있다고 단말기 점검 요청하셨습니다,메일 제목 잘못 작성하여 재발송드립니다,resolved_but_needs_verification,medium,안녕하세요 . 유비케어 병원고객팀 유맑은샘입니다 . 키오스크 문의내역 전달드립니다 . 구분 내용 고객정보 상호명 고잔제일소아과이비인후과 고객명 김완주 요양기관기호 41301528 문의자 이름 접수선생님 연락 받으실 번호 [PHONE_REDACTED] 문의 내용 및 요청사항 - 이슈: 카드 단말기 ic칩 인식 불가하여 마그네틱으로만 결제하고 있다고 단말기 점검 요청하셨습니다. 해당 내역으로 확인 부 탁 드립니다,안녕하세요 유비케어 병원고객팀 김지은입니다 . 메일 제목 잘못 작성하여 재발송드립니다,최종 조치가 예정/요청 단계로 보임,medium,무시,,,,,,,,,
clinic_case,16676,1,16676-001,cust:16676,주호범이비인후과,16676,1,0,46a4b0f0123ad8b71d53cc76d886f826d1dd3f89,hardware,printer_output,프린터/출력,[통화요청] 키오스크 H/W 통화 요청의 件,2026-01-21 16:52,2026-01-22 10:43,2,TRUE,resolved,"{""ubcare"": 1, ""distributor"": 1}","[프린터/출력] 출력 시 백지로 출력됩니다 최신 대응: 금일 의원 통화 결과, 영수증 용지를 다른 용지로 착각하여 잘못 장착하신 것으로 확인되었습니다 / 현재는 정상적으로 재장착되어 출력 정상 동작 중이라고 하여 조치 완료하였습니다",출력 시 백지로 출력됩니다,"금일 의원 통화 결과, 영수증 용지를 다른 용지로 착각하여 잘못 장착하신 것으로 확인되었습니다 / 현재는 정상적으로 재장착되어 출력 정상 동작 중이라고 하여 조치 완료하였습니다",resolved,high,"안녕하세요 . 유비케어 병원고객팀 안수찬입니다 . 키오스크 문의내역 전달드립니다 . 구분 내용 고객정보 상호명 주호범이비인후과 고객명 주호범 요양기관기호 21335036 문의자 이름 접수실 선생님 연락 받으실 번호 [PHONE_REDACTED] 문의 내용 및 요청사항 - 이슈: 단말기 프린터 ( 감열지 ) 출력 시 백지로 출력됩니다 . 의사랑 담당자 방문하여 롤지 체결상태 확인하였으나 특이사항 없으며, 테스트페이지도 백지로 출력됩니다 . 해당 내역으로 확인 부 탁 드립니다","안녕하세요 에이치앤아이디지탈 김유미입니다. 금일 의원 통화 결과, 영수증 용지를 다른 용지로 착각하여 잘못 장착하신 것으로 확인되었습니다. 현재는 정상적으로 재장착되어 출력 정상 동작 중이라고 하여 조치 완료하였습니다",이슈 요약 근거가 약함,low,무시,,,,,,,,,
clinic_case,166997,1,166997-001,cust:166997,수지바름의원,166997,3,1,c27edd9b1f2e691694961eacff4c97ded78ef053,hardware,printer_output,프린터/출력,[통화요청] 키오스크 H/W 통화 요청의 件,2025-11-07 14:44,2025-11-10 12:35,4,TRUE,resolved,"{""ubcare"": 2, ""distributor"": 2}","[프린터/출력] 키오스크 프린터에서 처방전 출력이 안 되어 문의 주셨습니다 최신 대응: 점검 결과 재생토너 사용중인 상태로 토너로 인해 정착기 지저분함, 교체가 필요하나 의원에서 당장의 교체 없이 조금 더 사용해보신다고 합니다 / 금일 삼성 엔지니어 통해 부품 고장 여부와 프린터 자체 수동 테스트 페이지 정상 작동되는 점 확인 후 철수하였으며, 원격 접속하여 프린터 드라이버 재설치 진행하여 현재 정상 출력되는 중으로 추후 재발 시 정착기 교체 해보시도록 권장 안내드렸사오니 내용 참고 부탁드립니다",키오스크 프린터에서 처방전 출력이 안 되어 문의 주셨습니다,"점검 결과 재생토너 사용중인 상태로 토너로 인해 정착기 지저분함, 교체가 필요하나 의원에서 당장의 교체 없이 조금 더 사용해보신다고 합니다 / 금일 삼성 엔지니어 통해 부품 고장 여부와 프린터 자체 수동 테스트 페이지 정상 작동되는 점 확인 후 철수하였으며, 원격 접속하여 프린터 드라이버 재설치 진행하여 현재 정상 출력되는 중으로 추후 재발 시 정착기 교체 해보시도록 권장 안내드렸사오니 내용 참고 부탁드립니다",resolved,high,"안녕하세요 유비케어 병원고객팀 황정안 매니저입니다 . 키오스크 문의내역 전달드립니다 . 구분 내용 고객정보 상호명 수지바름의원 고객명 채병현 요양기관기호 41375386 문의자 이름 원무과 선생님 연락 받으실 번호 [PHONE_REDACTED] 문의 내용 및 요청사항 - 이슈: 키오스크 프린터에서 처방전 출력이 안 되어 문의 주셨습니다 . 프린터 기기에서 토너 교체 문구가 발생하며, 토너를 교체해도 동일하다고 합니다 . 테스트페이지도 출력이 안되는 상태가 지속되어 H/W 점검을 요청 드립니다 . 재생토너 사용하지 않는다고 하셨습니다 . 해당 내역으로 확인 부 탁 드립니다","안녕하세요. 윤혜수 매니저님 에이치앤아이디지탈 김하은입니다. 하기 의원 지난 금요일 일정 안내를 위해 의원에 연락드렸고, 담당자별 내용 공유가 되지 않은 것인지 모르고 계시어 오전 중으로 재안내드려 현재 점검 마친 상태입니다. 점검 결과 재생토너 사용중인 상태로 토너로 인해 정착기 지저분함, 교체가 필요하나 의원에서 당장의 교체 없이 조금 더 사용해보신다고 합니다. 금일 삼성 엔지니어 통해 부품 고장 여부와 프린터 자체 수동 테스트 페이지 정상 작동되는 점 확인 후 철수하였으며, 원격 접속하여 프린터 드라이버 재설치 진행하여 현재 정상 출력되는 중으로 추후 재발 시 정착기 교체 해보시도록 권장 안내드렸사오니 내용 참고 부탁드립니다",GT 보강 시 재사용 가능,low,처방전 출력 안되어 문의,"드라이버 및 프린터 설정 이슈로 판단되어 
드라이버 재설치 및 프린터 재설정",정상출력되어 종결,resolved,,,,,,
clinic_case,166997,2,166997-002,cust:166997,수지바름의원,166997,3,1,5b049373987ea60af8befb63e5eb5f0f96938e76,hardware,printer_output,프린터/출력,[통화요청] 키오스크 H/W 통화 요청의 件,2026-01-09 16:22,2026-01-13 14:51,3,TRUE,resolved,"{""distributor"": 2, ""ubcare"": 1}","[프린터/출력] 수납 후 처방전 출력 시 토너 잉크 부족 현상으로 지속 문의 주셔서 최신 대응: 해당 의원 금일 제조사 엔지니어가 방문하여 프린터 드라이버 재설치를 진행하였으며, 이후 테스트 페이지 정상 출력 확인되어 조치 완료하였습니다 / 하여, 금일 방문하여 조치한 내용을 토대로 프린터 드라이버 재설치 및 설정 가이드를 정리하여 공유드립니다",수납 후 처방전 출력 시 토너 잉크 부족 현상으로 지속 문의 주셔서,"해당 의원 금일 제조사 엔지니어가 방문하여 프린터 드라이버 재설치를 진행하였으며, 이후 테스트 페이지 정상 출력 확인되어 조치 완료하였습니다 / 하여, 금일 방문하여 조치한 내용을 토대로 프린터 드라이버 재설치 및 설정 가이드를 정리하여 공유드립니다",resolved,high,"안녕하세요 . 유비케어 병원고객팀 안진영입니다 . 수납 후 처방전 출력 시 토너 잉크 부족 현상으로 지속 문의 주셔서 SW 선점검 완료 했습니다 . 확인 시 프린터 IP 구성 및 프린터 드라이버 설치하면서 문제가 생긴 거 같으며 해당 부분 HW 점검 진행이 필요할 거 같습니다 . 바쁘시겠지만, 연락 부탁드립니다","안녕하세요 에이치앤아이디지탈 김유미입니다. 해당 의원 금일 제조사 엔지니어가 방문하여 프린터 드라이버 재설치를 진행하였으며, 이후 테스트 페이지 정상 출력 확인되어 조치 완료하였습니다. 또한 토너 부족 관련 문구도 현재 노출되지 않는 것으로 확인되었습니다. 최근 프린터 관련 이슈 인입 시, 의사랑 고객센터에서 초기 대응으로 원격 접속하여 프린터 드라이버 재설치를 진행해주시는 것으로 확인되고 있습니다. 다만, 드라이버 재설치 과정에서 설정 오류가 발생하여, 프린터가 인식되지 않거나 IP값 오류로 이어진 사례가 있었습니다. 하여, 금일 방문하여 조치한 내용을 토대로 프린터 드라이버 재설치 및 설정 가이드를 정리하여 공유드립니다. 추후 동일한 이슈 대응 시, 가이드를 참고하여 진행해주시면 대응에 도움이 될 것으로 생각됩니다. [프린터 드라이버 재설치 가이드]는 PDF 파일로 첨부하여 전달드리겠습니다.",GT 보강 시 재사용 가능,low,처방전 출력 안되어 문의,"드라이버 및 프린터 설정 이슈로 판단되어 
드라이버 재설치 및 프린터 재설정",정상출력되어 종결,resolved,,,,,,
clinic_case,166997,3,166997-003,cust:166997,수지바름의원,166997,3,1,599b05a6ae8bb04f0f77724825b11b95b233fae3,hardware,printer_output,프린터/출력,[통화요청] 키오스크 H/W 통화 요청의 件,2026-02-04 14:59,2026-02-04 15:31,2,TRUE,in_progress,"{""ubcare"": 1, ""distributor"": 1}","[프린터/출력] 키오스크 프린터에서 문서출력 시 용지가 나오다 걸리는 문제 지속적으로 발생한다고 합니다 최신 대응: 납품 이후부터 꾸준히 재생토너 사용 이력이 있는 곳으로 지난 프린터 AS 점검 시에 부품 교체없이 단순 점검으로만 조치된 것으로 확인됩니다 / 의원에 해당 내용과 함께 금번 부품 교체가 필요할 가능성, 프린터 문제는 1차적으로 삼성 프린터 엔지니어가 점검을 진행하고 있다는 부분 안내드리니 비용 발생 가능성에 부담을 느끼셔 키오스크 담당자를 통해 확인해보시겠다며 방문 취소하셨습니다",키오스크 프린터에서 문서출력 시 용지가 나오다 걸리는 문제 지속적으로 발생한다고 합니다,"납품 이후부터 꾸준히 재생토너 사용 이력이 있는 곳으로 지난 프린터 AS 점검 시에 부품 교체없이 단순 점검으로만 조치된 것으로 확인됩니다 / 의원에 해당 내용과 함께 금번 부품 교체가 필요할 가능성, 프린터 문제는 1차적으로 삼성 프린터 엔지니어가 점검을 진행하고 있다는 부분 안내드리니 비용 발생 가능성에 부담을 느끼셔 키오스크 담당자를 통해 확인해보시겠다며 방문 취소하셨습니다",in_progress,low,안녕하세요 유비케어 병원고객팀 이윤지입니다 . 키오스크 문의내역 전달드립니다 . 구분 내용 고객정보 상호명 수지바름의원 고객명 채병현 요양기관기호 41375386 문의자 이름 원무과 선생님 연락 받으실 번호 [PHONE_REDACTED] 문의 내용 및 요청사항 - 이슈: 키오스크 프린터에서 문서출력 시 용지가 나오다 걸리는 문제 지속적으로 발생한다고 합니다 . 저번에 a/s 받았을 때 용지를 많이 넣어서 그럴 수 있다고 안내 받았으나 그런 것도 아니고 선이랑 용지함 모두 확인 시 이상 없는데 계속 발생한다고 하시며 다시 a/s 점검 요청하셨습니다 .. 해당 내역으로 확인 부 탁 드립니다,"안녕하세요. 에이치앤아이디지탈 김하은입니다. 납품 이후부터 꾸준히 재생토너 사용 이력이 있는 곳으로 지난 프린터 AS 점검 시에 부품 교체없이 단순 점검으로만 조치된 것으로 확인됩니다. 의원에 해당 내용과 함께 금번 부품 교체가 필요할 가능성, 프린터 문제는 1차적으로 삼성 프린터 엔지니어가 점검을 진행하고 있다는 부분 안내드리니 비용 발생 가능성에 부담을 느끼셔 키오스크 담당자를 통해 확인해보시겠다며 방문 취소하셨습니다. 내용 참고 부탁드립니다",최종 상태가 resolved가 아님,medium,처방전 출력 안되어 문의,"드라이버 및 프린터 설정 이슈로 판단되어 
드라이버 재설치 및 프린터 재설정",정상출력되어 종결,resolved,,,,,,
clinic_case,167559,1,167559-001,cust:167559,김경이이비인후과,167559,1,0,ad3a2dd9e2ba1437766ac5ce7609ab12794d0221,hardware,printer_output,프린터/출력,[통화요청] 키오스크 H/W 통화 요청의 件,2025-07-07 17:34,2025-07-08 10:59,3,TRUE,resolved,"{""distributor"": 2, ""ubcare"": 1}","[프린터/출력] 키오스크 두대 사용하시는데 한대만 처방전 출력 시 여러장 출력된다고 문의주셨습니다 최신 대응: 반복 출력 증상의 경우, 프린터 드라이버 재설치한 뒤 정상 출력되는 사례가 있어 우선적으로 드라이버 재설치 진행하였습니다 / 추후 동일한 증상이 반복될 경우 현재 사용 중인 재생토너를 정품 토너로 교체하여 사용해보시는 것을 권장드렸으며, 그래도 해결되지 않을 경우에는 삼성 엔지니어의 방문이 필요할 수 있다는 안내도 함께 드렸습니다",키오스크 두대 사용하시는데 한대만 처방전 출력 시 여러장 출력된다고 문의주셨습니다,"반복 출력 증상의 경우, 프린터 드라이버 재설치한 뒤 정상 출력되는 사례가 있어 우선적으로 드라이버 재설치 진행하였습니다 / 추후 동일한 증상이 반복될 경우 현재 사용 중인 재생토너를 정품 토너로 교체하여 사용해보시는 것을 권장드렸으며, 그래도 해결되지 않을 경우에는 삼성 엔지니어의 방문이 필요할 수 있다는 안내도 함께 드렸습니다",resolved,high,"안녕하세요 . 유비케어 병원고객팀 김지은입니다 . 키오스크 문의내역 전달드립니다 . 구분 내용 고객정보 상호명 김경이이비인후과 고객명 김경이 요양기관기호 21314535 문의자 이름 접수실 선생님 연락 받으실 번호 [PHONE_REDACTED] 문의 내용 및 요청사항 키오스크 두대 사용하시는데 한대만 처방전 출력 시 여러장 출력된다고 문의주셨습니다 . 이전에도 같은 증상으로 두번 문의주셨다하시며 원격 받으면 해결되지만 얼마 되지 않아 문제 재발한다하십니다 . 매수설정확인, 스풀재구동, 프린터 재구동 하면 정상적으로 한장만 출력되는게 확인되나 사용 중 같은 증상 재발한다며 방문 점검 요청하셨습니다 . 해당 내역으로 확인부 탁드립니다","안녕하세요 에이치앤아이디지탈 김유미입니다. 해당 의원과 금일 통화하여 조치한 내용 공유드립니다. 최근 간헐적으로 2~3장씩 반복 출력되는 증상이 발생하여 의사랑에 두 차례 정도 접수를 진행한 이력이 있다고 하시며, 당시 의사랑에서 원격으로 프린터 설정 점검해주신 것으로 전달받았습니다. 그러나 이후에도 동일 증상이 재발하여 전일 추가 접수 하셨다고 합니다. 반복 출력 증상의 경우, 프린터 드라이버 재설치한 뒤 정상 출력되는 사례가 있어 우선적으로 드라이버 재설치 진행하였습니다. 추후 동일한 증상이 반복될 경우 현재 사용 중인 재생토너를 정품 토너로 교체하여 사용해보시는 것을 권장드렸으며, 그래도 해결되지 않을 경우에는 삼성 엔지니어의 방문이 필요할 수 있다는 안내도 함께 드렸습니다. 의원에서는 우선 당분간 더 사용해보시겠다고 하셨으니, 참고 부탁드립니다",GT 보강 시 재사용 가능,low,처방전 출력 안되어 문의,"드라이버 및 프린터 설정 이슈로 판단되어 
드라이버 재설치 및 프린터 재설정",정상출력되어 종결,resolved,,,,,,
clinic_case,16760,1,16760-001,cust:16760,박응원미모아소아청소년과의원,16760,4,0,05c4e69d801d4b727de70de4731cb5114e5c21b8,hardware,printer_output,프린터/출력,[점검요청] 키오스크 H/W 점검 요청의 件,2025-06-09 16:28,2025-06-17 09:46,3,TRUE,resolved,"{""distributor"": 3}","[프린터/출력] 에러코드 및 반복출력 증상에 대해 대부분 제조사를 통한 셋탑 점검으로 진행되고 있습니다 최신 대응: 박응원미모아소아청소년과 금일 제조사 엔지니어 방문드린 결과, 현장에서 특이사항 없이 정상 작동되던 상태로 반복출력에 대해 상세 원인 파악이 어렵다고 합니다 / 일반적으로 프린터 반복출력의 경우 드라이버 충돌로 인한 오류일 가능성을 염두에 두고 드라이버 재설치를 시도해보곤 하나, 이전에도 말씀드린 바와 같이 드라이버 재설치는 일시적인 방안으로 재발 사례가 많아, 기본 점검 항목으로 보기는 어려운 부분입니다",에러코드 및 반복출력 증상에 대해 대부분 제조사를 통한 셋탑 점검으로 진행되고 있습니다,"박응원미모아소아청소년과 금일 제조사 엔지니어 방문드린 결과, 현장에서 특이사항 없이 정상 작동되던 상태로 반복출력에 대해 상세 원인 파악이 어렵다고 합니다 / 일반적으로 프린터 반복출력의 경우 드라이버 충돌로 인한 오류일 가능성을 염두에 두고 드라이버 재설치를 시도해보곤 하나, 이전에도 말씀드린 바와 같이 드라이버 재설치는 일시적인 방안으로 재발 사례가 많아, 기본 점검 항목으로 보기는 어려운 부분입니다",resolved,high,"안녕하세요, 에이치앤아이디지탈 김하은입니다. 에러코드 및 반복출력 증상에 대해 대부분 제조사를 통한 셋탑 점검으로 진행되고 있습니다. 의원에서 똑닥K, 의사랑K 전부 발생한다 하시어, 셋탑 점검으로 진행되는 부분과 비용 발생되는 점에 대해 사전 안내드렸습니다. 현재 동의 구한 상태로 제조사 엔지니어 13일(금) 방문드려 2대 점검 예정입니다. 교체 직후 메일 회신드릴 예정으로 영업 담당자를 통한 차트 프로그램 재설치 부탁드립니다","안녕하세요, 에이치앤아이디지탈 김하은입니다. 박응원미모아소아청소년과 금일 제조사 엔지니어 방문드린 결과, 현장에서 특이사항 없이 정상 작동되던 상태로 반복출력에 대해 상세 원인 파악이 어렵다고 합니다. 일반적으로 프린터 반복출력의 경우 드라이버 충돌로 인한 오류일 가능성을 염두에 두고 드라이버 재설치를 시도해보곤 하나, 이전에도 말씀드린 바와 같이 드라이버 재설치는 일시적인 방안으로 재발 사례가 많아, 기본 점검 항목으로 보기는 어려운 부분입니다. 하여, 셋탑 교체를 시도해보고자 했으나 의원에서 셋탑 교체 후에도 동일 증상 재발할 경우를 고려해 금번 부품 교체없이 그냥 사용하기로 하였습니다. 아울러, 해당 의원은 유상 유지보수 만료된 상태로, 의사랑 담당자를 통해 똑닥K와 함께 인입된 케이스로 확인됩니다. 향후 유사 사례 발생 시 똑닥과 의사랑 관련 문의가 명확히 구분될 수 있도록 각 담당 업체",GT 보강 시 재사용 가능,low,키오스크 반복적으로 같은 내용 출력되어 문의,"드라이버 및 프린터 설정 이슈로 판단되어 
드라이버 재설치 및 프린터 재설정 또한 프린터 포트에 의사랑 키오스크 기본 IP 설정 외 다른 포트가 잡혀있으면 간헐적으로 문제 발생하기도 함",정상출력되어 종결,resolved,,,,,,
clinic_case,16760,2,16760-002,cust:16760,박응원미모아소아청소년과의원,16760,4,0,7815c57ad13ce4ea62a5b374811e739be770f25b,hardware,payment_card_reader,카드결제/리더기,[통화요청] 키오스크 H/W 통화 요청의 건,2025-07-24 12:52,2025-07-25 10:41,3,TRUE,resolved,"{""distributor"": 2, ""ubcare"": 1}",[카드결제/리더기] 의사랑 키오스크 카드단말기 결제 실패 현상 최신 대응: 금일 오전 중 제조사 엔지니어 방문드려 카드리더기로 교체 후 정상 작동 확인하였습니다,의사랑 키오스크 카드단말기 결제 실패 현상,금일 오전 중 제조사 엔지니어 방문드려 카드리더기로 교체 후 정상 작동 확인하였습니다,resolved,high,"안녕하세요, 운영기획팀 오창훈 매니저입니다 . 박응원미모아소아청소년과의원 의사랑 키오스크 점검 요청드립니다 . ■ 박응원미모아소아청소년과의원 ( 사용자번호 16760)_ 똑닥 K & 의사랑 풀 (Full)K 각 1 대 사용 1) 인입내용: 의사랑 키오스크 카드단말기 결제 실패 현상 2) 요청사항: 키오스크 카드단말기 IC 결제 실패 증상 있어 대리점 영업자 통해 인입되었습니다 . 3) 연락처: [PHONE_REDACTED]( 병의원 ) 관련하여 점검 부탁드리겠습니다",안녕하세요. 에이치앤아이디지탈 김하은입니다. 금일 오전 중 제조사 엔지니어 방문드려 카드리더기로 교체 후 정상 작동 확인하였습니다,GT 보강 시 재사용 가능,low,무시,,,,,,,,,
clinic_case,16760,3,16760-003,cust:16760,박응원미모아소아청소년과의원,16760,4,0,2ea59ef26a6dcf049500851e3653ddaeda4943df,software,printer_output,프린터/출력,[통화요청] 키오스크 H/W 프린터 교체 관련 상담 요청件,2025-11-10 15:38,2025-11-14 15:04,5,TRUE,resolved,"{""distributor"": 3, ""ubcare"": 2}","[프린터/출력] 프린터 교체해주셨는데 빨간불 깜빡거리기도하고 출력물도 늦게 나온다며 금일 프린트 교체해주셨던 기사님과 통화 요청주셨습니다 최신 대응: 의사랑 프린터의 경우, 의원에서 ‘연결이 불안정합니다’라는 문구가 노출된다고 하였으나, 이는 일시적인 인터넷 장애였던 것으로 확인되어 추가 점검 없이 정상 출력 여부만 확인하였습니다 / 다만 이지프린터 프로그램이 실행되지 않아 프로그램 재설치 및 재설정을 진행하였고 이후 엔지니어가 현장 방문드려 프린터 드라이버 재설치 및 이지프린터 재설정을 추가로 진행 후 실 환자 접수/수납 시 인쇄 지연 없이 정상적으로 출력되는 것을 확인하였습니다",프린터 교체해주셨는데 빨간불 깜빡거리기도하고 출력물도 늦게 나온다며 금일 프린트 교체해주셨던 기사님과 통화 요청주셨습니다,"의사랑 프린터의 경우, 의원에서 ‘연결이 불안정합니다’라는 문구가 노출된다고 하였으나, 이는 일시적인 인터넷 장애였던 것으로 확인되어 추가 점검 없이 정상 출력 여부만 확인하였습니다 / 다만 이지프린터 프로그램이 실행되지 않아 프로그램 재설치 및 재설정을 진행하였고 이후 엔지니어가 현장 방문드려 프린터 드라이버 재설치 및 이지프린터 재설정을 추가로 진행 후 실 환자 접수/수납 시 인쇄 지연 없이 정상적으로 출력되는 것을 확인하였습니다",resolved,high,안녕하세요 유비케어 병원고객팀 김환복입니다 . 키오스크 문의내역 전달드립니다 . 구분 내용 고객정보 상호명 박응원미모아소아청소년과의원 고객명 박응원 요양기관기호 37319043 문의자 이름 원장선생님 연락 받으실 번호 [PHONE_REDACTED] 문의 내용 및 요청사항 - 문의: 키오스크 프린터 교체 원장 선생님님께 전화 드려 프린터 교체 관련 상담 요청 드립니다,"안녕하세요, 오창훈 매니저님 에이치앤아이디지탈 김하은입니다. 금일 오후 2시경 제조사 엔지니어가 방문하여 똑닥 프린터와 의사랑 프린터를 각각 교체 및 재설치하였습니다. 의사랑 프린터의 경우, 의원에서 ‘연결이 불안정합니다’라는 문구가 노출된다고 하였으나, 이는 일시적인 인터넷 장애였던 것으로 확인되어 추가 점검 없이 정상 출력 여부만 확인하였습니다. 똑닥 프린터는 처방전이 밀려 출력되는 증상이 있다고 하여 방문 전 원격 점검을 진행하였으며, 인쇄 대기열에는 이상이 없는 점 확인하였습니다. 다만 이지프린터 프로그램이 실행되지 않아 프로그램 재설치 및 재설정을 진행하였고 이후 엔지니어가 현장 방문드려 프린터 드라이버 재설치 및 이지프린터 재설정을 추가로 진행 후 실 환자 접수/수납 시 인쇄 지연 없이 정상적으로 출력되는 것을 확인하였습니다. 금일 프린터 드라이버 또는 이지프린터 프로그램 오류로 예측",GT 보강 시 재사용 가능,low,프린터 간헐적으로 빨간불 깜박거리고 출력물 늦게 나옴,"드라이버 및 프린터 설정 이슈로 판단되어 
드라이버 재설치 및 프린터 재설정 또한 프린터 포트에 의사랑 키오스크 기본 IP 설정 외 다른 포트가 잡혀있으면 간헐적으로 문제 발생하기도 함",정상출력되어 종결,resolved,,,,,,
clinic_case,16760,4,16760-004,cust:16760,박응원미모아소아청소년과의원,16760,4,0,abf700b14a5b0aa0708db7e54e87aaf2d9f46163,hardware,printer_output,프린터/출력,[유비케어] 똑닥 키오스크 유지보수 문의 인입 건,2025-11-17 14:47,2025-11-17 14:47,1,TRUE,resolved,"{""ubcare"": 1}",[프린터/출력] 똑닥 키오스크 유지보수 관련 문의 접수된 건 전달드리오니 확인 부탁드리겠습니다 최신 대응: 37319043) 의사랑 K 및 똑닥 K 각 1 대씩 사용하는 고객으로 똑닥키오스크 프린터 교체 후 인쇄 지연 현상 있어 엔지니어 대응 완료했습니다 / ( 프린터 드라이버 재설치 및 이지프린터 재설정 ) 헌데 금일 오후부터 인쇄 지연 현상 재 발생되어 대리점 담당직원 통해 인입되어 내용 전달드립니다,똑닥 키오스크 유지보수 관련 문의 접수된 건 전달드리오니 확인 부탁드리겠습니다,37319043) 의사랑 K 및 똑닥 K 각 1 대씩 사용하는 고객으로 똑닥키오스크 프린터 교체 후 인쇄 지연 현상 있어 엔지니어 대응 완료했습니다 / ( 프린터 드라이버 재설치 및 이지프린터 재설정 ) 헌데 금일 오후부터 인쇄 지연 현상 재 발생되어 대리점 담당직원 통해 인입되어 내용 전달드립니다,resolved,high,"안녕하십니까, 유비케어 운영기획팀 오창훈 매니저입니다 . 똑닥 키오스크 유지보수 관련 문의 접수된 건 전달드리오니 확인 부탁드리겠습니다 . 박응원미모아소아청소년과의원 ( 요양기관번호 37319043) 의사랑 K 및 똑닥 K 각 1 대씩 사용하는 고객으로 똑닥키오스크 프린터 교체 후 인쇄 지연 현상 있어 엔지니어 대응 완료했습니다 . ( 프린터 드라이버 재설치 및 이지프린터 재설정 ) 헌데 금일 오후부터 인쇄 지연 현상 재 발생되어 대리점 담당직원 통해 인입되어 내용 전달드립니다","안녕하십니까, 유비케어 운영기획팀 오창훈 매니저입니다 . 똑닥 키오스크 유지보수 관련 문의 접수된 건 전달드리오니 확인 부탁드리겠습니다 . 박응원미모아소아청소년과의원 ( 요양기관번호 37319043) 의사랑 K 및 똑닥 K 각 1 대씩 사용하는 고객으로 똑닥키오스크 프린터 교체 후 인쇄 지연 현상 있어 엔지니어 대응 완료했습니다 . ( 프린터 드라이버 재설치 및 이지프린터 재설정 ) 헌데 금일 오후부터 인쇄 지연 현상 재 발생되어 대리점 담당직원 통해 인입되어 내용 전달드립니다",GT 보강 시 재사용 가능,low,프린터 간헐적으로 빨간불 깜박거리고 출력물 늦게 나옴,"드라이버 및 프린터 설정 이슈로 판단되어 
드라이버 재설치 및 프린터 재설정 또한 프린터 포트에 의사랑 키오스크 기본 IP 설정 외 다른 포트가 잡혀있으면 간헐적으로 문제 발생하기도 함",정상출력되어 종결,resolved,,,,,,
clinic_case,168699,1,168699-001,cust:168699,평촌센트럴소아과,168699,12,8,ba74b037a03da4b3b0e0f5aeb602b1c51f0d381a,software,payment_card_reader,카드결제/리더기,[긴급][병원고객팀] 의사랑 키오스크 결제 멈춤 현상 확인 요청 件,2025-05-07 13:30,2025-05-07 13:30,1,FALSE,in_progress,"{""ubcare"": 1}",[카드결제/리더기] 전달주신 내용의 경우 메모리를 할당과 해제하는 과정중에서 발생한 문제로 보여집니다 최신 대응: 전달주신 내용의 경우 메모리를 할당과 해제하는 과정중에서 발생한 문제로 보여집니다 / 해당내용을 보강한 파일을 전달을 드리며 이 후에도 계속된 이슈가 발생이 될 경우 DB 서버와 키오스크간의 네트워크 ( 하드웨어 ) 통신 장애로 예상이 되고 있습니다,전달주신 내용의 경우 메모리를 할당과 해제하는 과정중에서 발생한 문제로 보여집니다,전달주신 내용의 경우 메모리를 할당과 해제하는 과정중에서 발생한 문제로 보여집니다 / 해당내용을 보강한 파일을 전달을 드리며 이 후에도 계속된 이슈가 발생이 될 경우 DB 서버와 키오스크간의 네트워크 ( 하드웨어 ) 통신 장애로 예상이 되고 있습니다,in_progress,low,안녕하세요 제약부가개발팀 이승호입니다 . 전달주신 내용의 경우 메모리를 할당과 해제하는 과정중에서 발생한 문제로 보여집니다 . 해당내용을 보강한 파일을 전달을 드리며 이 후에도 계속된 이슈가 발생이 될 경우 DB 서버와 키오스크간의 네트워크 ( 하드웨어 ) 통신 장애로 예상이 되고 있습니다,안녕하세요 제약부가개발팀 이승호입니다 . 전달주신 내용의 경우 메모리를 할당과 해제하는 과정중에서 발생한 문제로 보여집니다 . 해당내용을 보강한 파일을 전달을 드리며 이 후에도 계속된 이슈가 발생이 될 경우 DB 서버와 키오스크간의 네트워크 ( 하드웨어 ) 통신 장애로 예상이 되고 있습니다,최종 상태가 resolved가 아님,medium,흰화면 발생 및 터치불가 현상,"보완패치로 해결, 현재 일어나지 않는 현상",종결,resolved,,,,,,
clinic_case,168699,2,168699-002,cust:168699,평촌센트럴소아과,168699,12,8,4475a0931285699fb2e27e6632a3c99b16f89402,hardware,device_power_display,전원/화면,[통화요청] 키오스크 H/W 통화 요청의 件,2025-06-09 17:18,2025-06-09 17:18,1,TRUE,in_progress,"{""distributor"": 1}","[전원/화면] 해당 의원의 경우, 키오스크 2대 모두 지난 4월 16일(수) 흰 화면 이슈로 인해 셋탑을 새 제품으로 교체하였습니다 최신 대응: 해당 의원의 경우, 키오스크 2대 모두 지난 4월 16일(수) 흰 화면 이슈로 인해 셋탑을 새 제품으로 교체하였습니다 / 이전에 제조사 엔지니어가 현장 방문하여 HW 점검을 진행하였고, 셋탑 역시 모두 신규로 교체된 상태이므로 SW 부분 다시 한 번 점검 부탁드립니다","해당 의원의 경우, 키오스크 2대 모두 지난 4월 16일(수) 흰 화면 이슈로 인해 셋탑을 새 제품으로 교체하였습니다","해당 의원의 경우, 키오스크 2대 모두 지난 4월 16일(수) 흰 화면 이슈로 인해 셋탑을 새 제품으로 교체하였습니다 / 이전에 제조사 엔지니어가 현장 방문하여 HW 점검을 진행하였고, 셋탑 역시 모두 신규로 교체된 상태이므로 SW 부분 다시 한 번 점검 부탁드립니다",in_progress,low,"안녕하세요 에이치앤아이디지탈 김유미입니다. 해당 의원의 경우, 키오스크 2대 모두 지난 4월 16일(수) 흰 화면 이슈로 인해 셋탑을 새 제품으로 교체하였습니다. 이후 별다른 문제가 없는 것으로 알고 있었으나, 금일 두 대 모두 다시 흰 화면 현상이 발생하여 재인입된 상황입니다. 이전에 제조사 엔지니어가 현장 방문하여 HW 점검을 진행하였고, 셋탑 역시 모두 신규로 교체된 상태이므로 SW 부분 다시 한 번 점검 부탁드립니다","안녕하세요 에이치앤아이디지탈 김유미입니다. 해당 의원의 경우, 키오스크 2대 모두 지난 4월 16일(수) 흰 화면 이슈로 인해 셋탑을 새 제품으로 교체하였습니다. 이후 별다른 문제가 없는 것으로 알고 있었으나, 금일 두 대 모두 다시 흰 화면 현상이 발생하여 재인입된 상황입니다. 이전에 제조사 엔지니어가 현장 방문하여 HW 점검을 진행하였고, 셋탑 역시 모두 신규로 교체된 상태이므로 SW 부분 다시 한 번 점검 부탁드립니다",최종 상태가 resolved가 아님,medium,흰화면 발생 및 터치불가 현상,"보완패치로 해결, 현재 일어나지 않는 현상",종결,resolved,,,,,,
clinic_case,168699,3,168699-003,cust:168699,평촌센트럴소아과,168699,12,8,4626326867a5ab5620ea77f82d6c59cc014256d7,hardware,printer_output,프린터/출력,FYI:(4) FW: [긴급] [유비케어] 평촌센트럴소아과 2번기기 프린터 교체 요청 件_동시 현장 방문 요청 사유,2025-07-15 16:20,2025-07-15 16:20,1,TRUE,in_progress,"{""ubcare"": 1}","[프린터/출력] 평촌센트럴 진짜 이상함 최신 대응: 창훈매, 평촌센트럴 소아과 과거 히스토리 공유드립니다 / 평촌센트럴 진짜 이상함",평촌센트럴 진짜 이상함,"창훈매, 평촌센트럴 소아과 과거 히스토리 공유드립니다 / 평촌센트럴 진짜 이상함",in_progress,low,"창훈매, 평촌센트럴 소아과 과거 히스토리 공유드립니다 . 아래 메일 주고받은거 참고해주세요 . 평촌센트럴 진짜 이상함 …","창훈매, 평촌센트럴 소아과 과거 히스토리 공유드립니다 . 아래 메일 주고받은거 참고해주세요 . 평촌센트럴 진짜 이상함 …",최종 상태가 resolved가 아님; 이슈 요약 근거가 약함,medium,흰화면 발생 및 터치불가 현상,"보완패치로 해결, 현재 일어나지 않는 현상",종결,resolved,,,,,,
clinic_case,168699,4,168699-004,cust:168699,평촌센트럴소아과,168699,12,8,b7e051137b9b1610b4a500b27aaef0f3baca115a,hardware,printer_output,프린터/출력,[긴급][통화요청] 키오스크 H/W 통화 요청의 건,2025-07-15 16:35,2025-07-16 13:56,4,TRUE,in_progress,"{""ubcare"": 2, ""distributor"": 2}","[프린터/출력] 키오스크 H/W 오류 > 1 번 기기 카드리더기 오류 발생 (IC 카드 결제 불가, 마그네틱만 가능 ) > 2 번 기기 프린터 오류 발생 ( 지속적으로 용지걸림 발생, 이후 자동으로 전원 꺼짐, 전원 재연결하여도 전원 연결이 불가하다는 팝업 실행 ) 최신 대응: 교체 (유비케어 대납으로 HW 유지보수 처리내역서 미기재) 2번기기 프린터의 경우, 현장에서 ip주소 설정이 되어 있지 않아 출력이 불가하던 상태로 재설정으로 조치하고자 하였으나, 이전 내역을 바탕으로 프린터 내 소모품의 사용량이 초과됐을 것으로 예상되어 빠른 처리를 위해 부품 전체 교체로 진행된 점 전달드립니다 / 더불어, 금일 오전 의원 측에서 똑닥K 접수라고 안내 받았으나 기존 똑닥에서 의사랑으로 사용전환한 곳으로 의원에서도 착각해 오안내를 주신 것으로 확","키오스크 H/W 오류 > 1 번 기기 카드리더기 오류 발생 (IC 카드 결제 불가, 마그네틱만 가능 ) > 2 번 기기 프린터 오류 발생 ( 지속적으로 용지걸림 발생, 이후 자동으로 전원 꺼짐, 전원 재연결하여도 전원 연결이 불가하다는 팝업 실행 )","교체 (유비케어 대납으로 HW 유지보수 처리내역서 미기재) 2번기기 프린터의 경우, 현장에서 ip주소 설정이 되어 있지 않아 출력이 불가하던 상태로 재설정으로 조치하고자 하였으나, 이전 내역을 바탕으로 프린터 내 소모품의 사용량이 초과됐을 것으로 예상되어 빠른 처리를 위해 부품 전체 교체로 진행된 점 전달드립니다 / 더불어, 금일 오전 의원 측에서 똑닥K 접수라고 안내 받았으나 기존 똑닥에서 의사랑으로 사용전환한 곳으로 의원에서도 착각해 오안내를 주신 것으로 확",in_progress,low,"안녕하십니까, 운영기획팀 오창훈 매니저입니다 . 평촌센트럴소아과 H/W 이슈 관련하여 점검 요청 드립니다 . 평촌센트럴소아과 _ 풀 K 2 대 사용처 인입내용: 키오스크 H/W 오류 > 1 번 기기 카드리더기 오류 발생 (IC 카드 결제 불가, 마그네틱만 가능 ) > 2 번 기기 프린터 오류 발생 ( 지속적으로 용지걸림 발생, 이후 자동으로 전원 꺼짐, 전원 재연결하여도 전원 연결이 불가하다는 팝업 실행 ) 요청사항: 프린터 이슈 발생한 2 번 기기는 프린터 전체 교체 없이 일부 부품 교체로 대응 후 무상 AS 기간이 종료된 점 확인하였습니다 . 워낙 사용량이 많은 의원이다 보니 프린터 노후화로 인한 자연스러운 증상으로 예상되나 자세한 원인에 대해 HW 점검을 요청드립니다 . 연락처: [PHONE_REDACTED] 현재 문제 발생 중인 해당 의원은 이전부터 프린터 관련 이슈가 지속되어 요주의 고","안녕하세요. 에이치앤아이디지탈 김하은입니다. 금일 제조사 엔지니어 방문드려 아래와 같이 점검 진행하였습니다. - 1번기기 카드리더기 교체 (의원 비용 청구) - 2번기기 처방전 프린터 및 2단 급지함 교체 (유비케어 대납으로 HW 유지보수 처리내역서 미기재) 2번기기 프린터의 경우, 현장에서 ip주소 설정이 되어 있지 않아 출력이 불가하던 상태로 재설정으로 조치하고자 하였으나, 이전 내역을 바탕으로 프린터 내 소모품의 사용량이 초과됐을 것으로 예상되어 빠른 처리를 위해 부품 전체 교체로 진행된 점 전달드립니다. 더불어, 금일 오전 의원 측에서 똑닥K 접수라고 안내 받았으나 기존 똑닥에서 의사랑으로 사용전환한 곳으로 의원에서도 착각해 오안내를 주신 것으로 확인되어 공유드리오니 참고 부탁드립니다",최종 상태가 resolved가 아님,medium,"리더기 IC카드 인식불가
프린터 2번기기 용지걸림",리더기 고장으로 판단 교체 / 프린터 2번기기 전체 교체,종결,resolved,,,,,,
clinic_case,168699,5,168699-005,cust:168699,평촌센트럴소아과,168699,12,8,2b728ff1b538f0200cb7b250ee525c0dcb13512c,payment,payment_cancel_refund,결제취소/중복결제,[유비케어] 의사랑 키오스크 KSCAT 민생회복포인트 문의,2025-07-25 08:06,2025-07-25 08:06,1,TRUE,resolved,"{""ubcare"": 1}",[결제취소/중복결제] 이후 금일 동일 카드로 결제 취소를 시도했으나 실패하였습니다 최신 대응: 의사랑 키오스크 사용처에서 신용카드에 지급된 민생회복포인트로 결제를 완료하였습니다 / 혹시 이 현상에 관하여 대응방안을 가이드 받을 수 있을지 요청드립니다,이후 금일 동일 카드로 결제 취소를 시도했으나 실패하였습니다,의사랑 키오스크 사용처에서 신용카드에 지급된 민생회복포인트로 결제를 완료하였습니다 / 혹시 이 현상에 관하여 대응방안을 가이드 받을 수 있을지 요청드립니다,resolved,high,안녕하세요 . 유비케어 정재원입니다 . 의사랑 키오스크 사용처에서 신용카드에 지급된 민생회복포인트로 결제를 완료하였습니다 . 이후 금일 동일 카드로 결제 취소를 시도했으나 실패하였습니다 . 혹시 이 현상에 관하여 대응방안을 가이드 받을 수 있을지 요청드립니다 . 아래는 주요 로그입니다 . 원본 로그파일은 첨부하였습니다 . [ 주요 로그 ] [KSCAT - v2.4.0.7 (ver.20250716)] [2025-07-25 11: 51: 39.858][00244] ▷ 거래요청 응답 [0454 [1] IC010430NUBCARE0109 000000000000X70020035250725115137C 매입완료 승인취소불가 689340882685 188978293 04 삼성체크카드 04 삼성카드사 32A7D924071895BC40000000000000000000000000000000000000TEL)154,안녕하세요 . 유비케어 정재원입니다 . 의사랑 키오스크 사용처에서 신용카드에 지급된 민생회복포인트로 결제를 완료하였습니다 . 이후 금일 동일 카드로 결제 취소를 시도했으나 실패하였습니다 . 혹시 이 현상에 관하여 대응방안을 가이드 받을 수 있을지 요청드립니다 . 아래는 주요 로그입니다 . 원본 로그파일은 첨부하였습니다 . [ 주요 로그 ] [KSCAT - v2.4.0.7 (ver.20250716)] [2025-07-25 11: 51: 39.858][00244] ▷ 거래요청 응답 [0454 [1] IC010430NUBCARE0109 000000000000X70020035250725115137C 매입완료 승인취소불가 689340882685 188978293 04 삼성체크카드 04 삼성카드사 32A7D924071895BC40000000000000000000000000000000000000TEL)154,GT 보강 시 재사용 가능,low,민생지원금 결제건 취소안됨,카드사 거절로 키오스크 문제는 아님,안내드리고 종결,resolved,,,,,,
clinic_case,168699,6,168699-006,cust:168699,평촌센트럴소아과,168699,12,8,2684fbe328f5323005a57d0f6268c3dbb86d78b2,payment,payment_cancel_refund,결제취소/중복결제,키오스크 수납분 결제취소요청건입니다.- 아이튼튼소아청소년과,2025-07-31 14:36,2025-07-31 14:38,2,FALSE,in_progress,"{""ubcare"": 2}",[결제취소/중복결제] 다름이 아니라 아래 고객께서 키오스크 결제시 오류가 나서 카드 단말기로 재결제를 하셔서요 최신 대응: 혹시 그림안보일까봐서 파일로 첨부드립니다 / 수고하세요,다름이 아니라 아래 고객께서 키오스크 결제시 오류가 나서 카드 단말기로 재결제를 하셔서요,혹시 그림안보일까봐서 파일로 첨부드립니다 / 수고하세요,in_progress,low,"안녕하세요.병원고객팀 김연희입니다. 다름이 아니라 아래 고객께서 키오스크 결제시 오류가 나서 카드 단말기로 재결제를 하셔서요. 아래 그림의 키오스크 결제분을 승인취소 요청하십니다. 상호명: 청주시 아이튼튼소아청소년과(이지은원장님) 연락처: [PHONE_REDACTED] 아래 33, 300원 승인건입니다. 취소부탁드립니다. 수고하세요",혹시 그림안보일까봐서 파일로 첨부드립니다. 수고하세요,최종 상태가 resolved가 아님,medium,민생지원금 결제건 취소안됨,카드사 거절로 키오스크 문제는 아님,안내드리고 종결,resolved,,,,,,
clinic_case,168699,7,168699-007,cust:168699,평촌센트럴소아과,168699,12,8,345b5e6d259e8dedc554597a0ca8b2624f55ca5b,hardware,payment_card_reader,카드결제/리더기,[통화요청] 키오스크 H/W 통화 요청의 件,2025-08-19 10:37,2025-08-21 11:20,3,TRUE,resolved,"{""distributor"": 2, ""ubcare"": 1}",[카드결제/리더기] : 이전에 키오스크 결제가 안되면 단말기 안에 작은 칩을 해체 후 다시 조립하시도록 안내받으셨다고 합니다. 금일 위에 조치 취하셨는데 단말기 안에 작은 칩이 조립이 안된다고 하셔서 연락주셨습니다 최신 대응: 해당 의원 금일 제조사 엔지니어 방문하여 1번기기 카드리더기 교체 완료하였습니다 / 7/16(수) 리더기 교체 이력이 있어 워런티 기간에 해당하여 무상으로 조치하였습니다,: 이전에 키오스크 결제가 안되면 단말기 안에 작은 칩을 해체 후 다시 조립하시도록 안내받으셨다고 합니다. 금일 위에 조치 취하셨는데 단말기 안에 작은 칩이 조립이 안된다고 하셔서 연락주셨습니다,해당 의원 금일 제조사 엔지니어 방문하여 1번기기 카드리더기 교체 완료하였습니다 / 7/16(수) 리더기 교체 이력이 있어 워런티 기간에 해당하여 무상으로 조치하였습니다,resolved,high,안녕하세요 유비케어 병원고객팀 김민수 매니저입니다 . 키오스크 문의내역 전달드립니다 . 구분 내용 고객정보 상호명 평촌센트럴소아과 고객명 김현오 요양기관기호 41377940 문의자 이름 원무과 연락 받으실 번호 [PHONE_REDACTED] 문의 내용 및 요청사항 - 이슈: 이전에 키오스크 결제가 안되면 단말기 안에 작은 칩을 해체 후 다시 조립하시도록 안내받으셨다고 합니다. 금일 위에 조치 취하셨는데 단말기 안에 작은 칩이 조립이 안된다고 하셔서 연락주셨습니다. 해당 내역으로 확인 부 탁 드립니다,안녕하세요 에이치앤아이디지탈 김유미입니다. 해당 의원 금일 제조사 엔지니어 방문하여 1번기기 카드리더기 교체 완료하였습니다. 7/16(수) 리더기 교체 이력이 있어 워런티 기간에 해당하여 무상으로 조치하였습니다,GT 보강 시 재사용 가능,low,민생지원금 결제건 취소안됨,카드사 거절로 키오스크 문제는 아님,안내드리고 종결,resolved,,,,,,
clinic_case,168699,8,168699-008,cust:168699,평촌센트럴소아과,168699,12,8,6aca9c024c4bd8fecc0c8452b4fbd9ae1d0e71d5,hardware,payment_card_reader,카드결제/리더기,[운영기획팀] 의사랑 키오스크 이슈관련 점검 요청의 건,2025-08-28 16:17,2025-08-28 16:17,1,TRUE,in_progress,"{""ubcare"": 1}",[카드결제/리더기] 로그 상 복호화 오류는 카드 리더기에 내장된 암복호화 모듈 이슈로 기기교체로 대응했던 것으로 알고 있습니다 최신 대응: 로그 상 복호화 오류는 카드 리더기에 내장된 암복호화 모듈 이슈로 기기교체로 대응했던 것으로 알고 있습니다 / 우선 로그상 복호화 오류 발생했다고 hnid 전달하여 단말 점검 요청 부탁 드립니다,로그 상 복호화 오류는 카드 리더기에 내장된 암복호화 모듈 이슈로 기기교체로 대응했던 것으로 알고 있습니다,로그 상 복호화 오류는 카드 리더기에 내장된 암복호화 모듈 이슈로 기기교체로 대응했던 것으로 알고 있습니다 / 우선 로그상 복호화 오류 발생했다고 hnid 전달하여 단말 점검 요청 부탁 드립니다,in_progress,low,"안녕하세요, 모바일페이개발팀 정웅기입니다 . 로그 상 복호화 오류는 카드 리더기에 내장된 암복호화 모듈 이슈로 기기교체로 대응했던 것으로 알고 있습니다 . 그리고, 단말기 포트는 기본값이 아닌 것은 좀 이상하긴 한데, KSKAT 밴 모듈에서 자동검색 및 테스트 진행해서 문제 없다면 상관 없을 듯 합니다 . 우선 로그상 복호화 오류 발생했다고 hnid 전달하여 단말 점검 요청 부탁 드립니다","안녕하세요, 모바일페이개발팀 정웅기입니다 . 로그 상 복호화 오류는 카드 리더기에 내장된 암복호화 모듈 이슈로 기기교체로 대응했던 것으로 알고 있습니다 . 그리고, 단말기 포트는 기본값이 아닌 것은 좀 이상하긴 한데, KSKAT 밴 모듈에서 자동검색 및 테스트 진행해서 문제 없다면 상관 없을 듯 합니다 . 우선 로그상 복호화 오류 발생했다고 hnid 전달하여 단말 점검 요청 부탁 드립니다",최종 상태가 resolved가 아님,medium,IC칩 인식불가 및 로그상 복호화오류 발생,복호화오류경우 리더기 오류로 교체로 대응 중 ,교체안내 종결,resolved,,,,,,
clinic_case,168699,9,168699-009,cust:168699,평촌센트럴소아과,168699,12,8,b8ab681134cfda17ed1cdc356ba18b614f70fd6c,payment,payment_card_reader,카드결제/리더기,[유비케어] 의사랑 키오스크 Smartro 모듈 문의,2025-09-16 16:51,2025-09-16 16:51,1,FALSE,resolved,"{""ubcare"": 1}",[카드결제/리더기] 만원 이상 결제 건의 경우 최신 대응: 실제 키오스크 사용처에서 일정 시간이 지나 타임아웃 된 후 서명이 완료되는 현상이 발생했습니다 / 이 현상에 대한 가이드가 있는지 확인 부탁드립니다,만원 이상 결제 건의 경우,실제 키오스크 사용처에서 일정 시간이 지나 타임아웃 된 후 서명이 완료되는 현상이 발생했습니다 / 이 현상에 대한 가이드가 있는지 확인 부탁드립니다,resolved,high,"안녕하세요, 유비케어 정재원입니다 . 현재 의사랑 키오스크에서 아래와 같이 ocx 모듈을 통해 승인 요청을 하고 있습니다 . [ 승인 요청 ] SendToVCat(""[IP_REDACTED]"", 13855, 55); 이후, 5 만원 이상 결제 건의 경우 VCAT 전용 서명패드가 표시되어 사용자가 서명합니다 . 위처럼 승인 요청 시 일정 시간 이후 타임아웃이 발생하는데, 이때 서명을 받지 못하게 서명창을 닫을 수 있는지 문의드립니다 . 실제 키오스크 사용처에서 일정 시간이 지나 타임아웃 된 후 서명이 완료되는 현상이 발생했습니다 . 이 현상에 대한 가이드가 있는지 확인 부탁드립니다","안녕하세요, 유비케어 정재원입니다 . 현재 의사랑 키오스크에서 아래와 같이 ocx 모듈을 통해 승인 요청을 하고 있습니다 . [ 승인 요청 ] SendToVCat(""[IP_REDACTED]"", 13855, 55); 이후, 5 만원 이상 결제 건의 경우 VCAT 전용 서명패드가 표시되어 사용자가 서명합니다 . 위처럼 승인 요청 시 일정 시간 이후 타임아웃이 발생하는데, 이때 서명을 받지 못하게 서명창을 닫을 수 있는지 문의드립니다 . 실제 키오스크 사용처에서 일정 시간이 지나 타임아웃 된 후 서명이 완료되는 현상이 발생했습니다 . 이 현상에 대한 가이드가 있는지 확인 부탁드립니다",이슈 요약 근거가 약함,low,이중결제 취소요청,이중결제 발생,운영기획팀 담당자에게 이중결제 취소요청 진행,resolved,,,,,,
clinic_case,168699,10,168699-010,cust:168699,평촌센트럴소아과,168699,12,8,e2598435cccfe905bb4baac51de8970d0fa1ed31,payment,payment_cancel_refund,결제취소/중복결제,[병원고객팀]에이플소아청소년과 키오스크 중복 결제 취소 요청 件,2025-12-02 10:51,2025-12-02 10:51,1,FALSE,resolved,"{""ubcare"": 1}","[결제취소/중복결제] 에이플소아청소년과 (198506), 일체형 키오스크 사용하는 고객으로 사용 중 고객 이중결제 발생하여 취소요청 인입되었습니다 최신 대응: 198506), 일체형 키오스크 사용하는 고객으로, 사용 중 고객 이중결제 발생하여 취소요청 인입되었습니다 / 로그 송부드리오니 정상 수납처리된 결제건 이외에 중복 결제 발생한 건의 승인번호 확인하여 주시면 밴사에 취소요청 진행하겠습니다","에이플소아청소년과 (198506), 일체형 키오스크 사용하는 고객으로 사용 중 고객 이중결제 발생하여 취소요청 인입되었습니다","198506), 일체형 키오스크 사용하는 고객으로, 사용 중 고객 이중결제 발생하여 취소요청 인입되었습니다 / 로그 송부드리오니 정상 수납처리된 결제건 이외에 중복 결제 발생한 건의 승인번호 확인하여 주시면 밴사에 취소요청 진행하겠습니다",resolved,high,"안녕하십니까, 운영기획팀 오창훈 매니저입니다 . 에이플소아청소년과 (198506), 일체형 키오스크 사용하는 고객으로, 사용 중 고객 이중결제 발생하여 취소요청 인입되었습니다 . 로그 송부드리오니 정상 수납처리된 결제건 이외에 중복 결제 발생한 건의 승인번호 확인하여 주시면 밴사에 취소요청 진행하겠습니다","안녕하십니까, 운영기획팀 오창훈 매니저입니다 . 에이플소아청소년과 (198506), 일체형 키오스크 사용하는 고객으로, 사용 중 고객 이중결제 발생하여 취소요청 인입되었습니다 . 로그 송부드리오니 정상 수납처리된 결제건 이외에 중복 결제 발생한 건의 승인번호 확인하여 주시면 밴사에 취소요청 진행하겠습니다",GT 보강 시 재사용 가능,low,이중결제 취소요청,이중결제 발생,운영기획팀 담당자에게 이중결제 취소요청 진행,resolved,,,,,,
clinic_case,168699,11,168699-011,cust:168699,평촌센트럴소아과,168699,12,8,85c144e11642c4d0072988dfc6e273c29cb96e2a,hardware,printer_output,프린터/출력,[하프키오스크]하프키오스크 프록시 설정 문의,2025-12-03 18:11,2025-12-03 18:11,1,FALSE,unknown,"{""ubcare"": 1}","[프린터/출력] 특정 고객 인터넷 공유기 교체 후 하프키오스크에서 출력 시 토너가 없다고 뜨는 현상이 발생합니다 최신 대응: 특정 고객 인터넷 공유기 교체 후 하프키오스크에서 출력 시 토너가 없다고 뜨는 현상이 발생합니다 / ( 하기 메일 참조 ) 하프키오스크의 프록시 설정 방법과, 저희가 원격으로 처리 가능한 부분인지 문의 드립니다",특정 고객 인터넷 공유기 교체 후 하프키오스크에서 출력 시 토너가 없다고 뜨는 현상이 발생합니다,"특정 고객 인터넷 공유기 교체 후 하프키오스크에서 출력 시 토너가 없다고 뜨는 현상이 발생합니다 / ( 하기 메일 참조 ) 하프키오스크의 프록시 설정 방법과, 저희가 원격으로 처리 가능한 부분인지 문의 드립니다",unknown,low,"안녕하세요 유비케어 강보득솔입니다 . 특정 고객 인터넷 공유기 교체 후 하프키오스크에서 출력 시 토너가 없다고 뜨는 현상이 발생합니다 . 기존 코모키이비인후과와 동일 케이스로 예상 됩니다 ( 하기 메일 참조 ) 하프키오스크의 프록시 설정 방법과, 저희가 원격으로 처리 가능한 부분인지 문의 드립니다","안녕하세요 유비케어 강보득솔입니다 . 특정 고객 인터넷 공유기 교체 후 하프키오스크에서 출력 시 토너가 없다고 뜨는 현상이 발생합니다 . 기존 코모키이비인후과와 동일 케이스로 예상 됩니다 ( 하기 메일 참조 ) 하프키오스크의 프록시 설정 방법과, 저희가 원격으로 처리 가능한 부분인지 문의 드립니다",최종 상태가 resolved가 아님,medium,하프키오스크 공유기 교체 시 토너없음으로 뜸,하프키오스크의 경우 지정프린터 사용하지 않으면서 HW설정에서 지정프린터 선택할 경우 인쇄시 토너잔량 점검이 불가하여 토너부족 메시지 발생함,지정프린터 여부 확인하고 재설정하여 종결,resolved,,,,,,
clinic_case,168699,12,168699-012,cust:168699,평촌센트럴소아과,168699,12,8,a91c8bb85e988e00c1eb8ec71e2e3428a080a453,hardware,printer_output,프린터/출력,[통화요청] 키오스크 H/W 통화 요청의 件,2026-02-13 16:07,2026-02-13 16:07,1,FALSE,in_progress,"{""ubcare"": 1}",[프린터/출력] 키오스크 처방전 출력 안되는 증상 발생합니다 최신 대응: 프린터 드라이버 새로 설치하여 프린터 자체를 다시 설치해 봐도 같은 현상으로 작년에 롤러를 교체해서 동일한 증상 처리 받았다고 하십니다 / 해당 내역으로 확인 부 탁 드립니다,키오스크 처방전 출력 안되는 증상 발생합니다,프린터 드라이버 새로 설치하여 프린터 자체를 다시 설치해 봐도 같은 현상으로 작년에 롤러를 교체해서 동일한 증상 처리 받았다고 하십니다 / 해당 내역으로 확인 부 탁 드립니다,in_progress,low,안녕하세요 유비케어 병원고객팀 이예지 입니다 . 키오스크 문의내역 전달 드립니다 . 구분 내용 고객정보 상호명 평촌센트럴소아과 고객명 김현오 요양기관기호 41377940 문의자 이름 접수실 여자 선생님 연락 받으실 번호 [PHONE_REDACTED] 문의 내용 및 요청사항 - 이슈: 키오스크 처방전 출력 안되는 증상 발생합니다 . 테스트페이지 출력 시에도 용지걸림 오류가 발생하면서 출력되지 않습니다 . 실제로 프린터 자체에서는 용지가 걸리지 않았다고 하십니다 . 프린터 전면 열었다가 닫고 용지함에 용지 다시 넣고 프린터 재부팅 등 시도해 봤으나 같은 현상입니다 . 프린터 드라이버 새로 설치하여 프린터 자체를 다시 설치해 봐도 같은 현상으로 작년에 롤러를 교체해서 동일한 증상 처리 받았다고 하십니다 . 위의 작업을 진행해봐도 테스트 페이지가 나오지 않아 H/W 확인이 필요해보여 전달드립니다 . 해,안녕하세요 유비케어 병원고객팀 이예지 입니다 . 키오스크 문의내역 전달 드립니다 . 구분 내용 고객정보 상호명 평촌센트럴소아과 고객명 김현오 요양기관기호 41377940 문의자 이름 접수실 여자 선생님 연락 받으실 번호 [PHONE_REDACTED] 문의 내용 및 요청사항 - 이슈: 키오스크 처방전 출력 안되는 증상 발생합니다 . 테스트페이지 출력 시에도 용지걸림 오류가 발생하면서 출력되지 않습니다 . 실제로 프린터 자체에서는 용지가 걸리지 않았다고 하십니다 . 프린터 전면 열었다가 닫고 용지함에 용지 다시 넣고 프린터 재부팅 등 시도해 봤으나 같은 현상입니다 . 프린터 드라이버 새로 설치하여 프린터 자체를 다시 설치해 봐도 같은 현상으로 작년에 롤러를 교체해서 동일한 증상 처리 받았다고 하십니다 . 위의 작업을 진행해봐도 테스트 페이지가 나오지 않아 H/W 확인이 필요해보여 전달드립니다 . 해,최종 상태가 resolved가 아님,medium,용지걸림 오류 발생,"용지걸림은 기본적으로 프린터 기기적 고장, 새 프린터에 용지걸림 발생하는 경우 셋탑과 프린터 간 통신오류가 원인일 수 있음",,,,,,,,
clinic_case,169267,1,169267-001,cust:169267,벗이비인후과의원 건대입구점,169267,3,0,65ab35ccbd68f355be00b229bac0637a34b3c5f4,software,payment_card_reader,카드결제/리더기,[긴급][병원고객팀] 의사랑 키오스크 결제 멈춤 현상 확인 요청 件,2025-05-07 12:10,2025-05-07 17:56,3,TRUE,resolved,"{""ubcare"": 3}",[카드결제/리더기] 키오스크 신규 납품 고객에게서 결제 시 다음으로 넘어가지 않는 현상이 발생하여 확인 요청 드립니다 최신 대응: pc 정보 8 글자로 변경 및 진료 기록도 수정하였습니다 / 빠른 확인 해주셔서 감사합니다,키오스크 신규 납품 고객에게서 결제 시 다음으로 넘어가지 않는 현상이 발생하여 확인 요청 드립니다,pc 정보 8 글자로 변경 및 진료 기록도 수정하였습니다 / 빠른 확인 해주셔서 감사합니다,resolved,medium,안녕하세요 병원고객팀 강보득솔입니다 . 키오스크 신규 납품 고객에게서 결제 시 다음으로 넘어가지 않는 현상이 발생하여 확인 요청 드립니다 . -. 고객정보 상호: 벗이비인후과의원 건대입구점 고객번호: 169267 납품을 3 대 진행 했으나 2 대에서 발생하여 나머지 한대는 사용하지 않고 계십니다 . 신규 납품건이라 빠른 확인이 필요할 거 같습니다 . 현상은 다음과 같습니다 . 결제 - 주민등록번호 or 핸드폰 번호 입력 후 다음으로 넘어가지 않음 동영상 및 log 첨부드립니다 . 바쁘시겠지만 빠른 확인 부탁드립니다,안녕하세요 병원고객팀 강보득솔입니다 . pc 정보 8 글자로 변경 및 진료 기록도 수정하였습니다 . 빠른 확인 해주셔서 감사합니다,GT 보강 시 재사용 가능,low,수납결제시 다음으로 넘어가지 않는 현상,의사랑 PC정보 8글자 초과 시 오류 발생함,PC정보 8글자 이내로 변경 및 진료기록 수정,resolved,,,,,,
clinic_case,169267,2,169267-002,cust:169267,벗이비인후과의원 건대입구점,169267,3,0,a57956656a5376c2837c124c64f3827ffe10b77f,hardware,payment_cancel_refund,결제취소/중복결제,[통화요청] 키오스크 H/W 통화 요청의 件,2025-09-29 10:51,2025-09-30 10:10,3,TRUE,resolved,"{""distributor"": 2, ""ubcare"": 1}","[결제취소/중복결제] 키오스크에서 처방전 출력시 백지로 나온다고 하십니다. 스풀재시작, 드라이버 재설치해도 제어판에서 테스트 페이지 출력시 백지로 나옵니다 최신 대응: 금일 의원에서 정상 작동으로 방문 취소 요청주셨습니다","키오스크에서 처방전 출력시 백지로 나온다고 하십니다. 스풀재시작, 드라이버 재설치해도 제어판에서 테스트 페이지 출력시 백지로 나옵니다",금일 의원에서 정상 작동으로 방문 취소 요청주셨습니다,resolved,high,"안녕하세요 유비케어 병원고객팀 홍민영입니다 . 키오스크 문의내역 전달드립니다 . 구분 내용 고객정보 상호명 벗이비인후과의원 건대입구점 고객명 김용운 요양기관기호 12399213 문의자 이름 접수실 선생님 연락 받으실 번호 [PHONE_REDACTED] / 연락안되는경우 [PHONE_REDACTED] 문의 내용 및 요청사항 - 이슈: 키오스크에서 처방전 출력시 백지로 나온다고 하십니다 . 스풀재시작, 드라이버 재설치해도 제어판에서 테스트 페이지 출력시 백지로 나옵니다 . 해당 내역으로 확인 부 탁 드립니다",안녕하세요. 에이치앤아이디지탈 김하은입니다. 금일 의원에서 정상 작동으로 방문 취소 요청주셨습니다,GT 보강 시 재사용 가능,low,무시,,,,,,,,,
clinic_case,169267,3,169267-003,cust:169267,벗이비인후과의원 건대입구점,169267,3,0,75d7e17411705490ada315a9fbcf34c9f4c27186,hardware,payment_card_reader,카드결제/리더기,[통화요청] 키오스크 H/W 통화 요청의 件,2026-01-13 13:32,2026-02-02 16:11,15,TRUE,resolved,"{""ubcare"": 8, ""distributor"": 7}","[카드결제/리더기] 키오스크 출력이 안되서 프린터를 봤더니 프린터기계에 용지걸림이 없는데도 주황색불이 들어와 있고 그냥 뚜껑만 열었다 닫았더니 출력 되었다함 최신 대응: 금일 제조사 엔지니어 방문하여 셋탑 포맷 완료하였습니다 / 당초 대리점 담당자(서준영 대리)와 동행 예정이었으나 일정이 맞지 않아, 제조사 엔지니어가 먼저 셋탑 포맷을 진행하였고 이후 대리점 담당자가 원격으로 프로그램 설치를 진행하였다고 합니다",키오스크 출력이 안되서 프린터를 봤더니 프린터기계에 용지걸림이 없는데도 주황색불이 들어와 있고 그냥 뚜껑만 열었다 닫았더니 출력 되었다함,"금일 제조사 엔지니어 방문하여 셋탑 포맷 완료하였습니다 / 당초 대리점 담당자(서준영 대리)와 동행 예정이었으나 일정이 맞지 않아, 제조사 엔지니어가 먼저 셋탑 포맷을 진행하였고 이후 대리점 담당자가 원격으로 프로그램 설치를 진행하였다고 합니다",resolved,high,안녕하세요 . 유비케어 병원고객팀 황정안 입니다 . 키오스크 문의 내역 전달 드립니다 . 구분 내용 고객정보 상호명 벗이비인후과의원 건대입구점 고객명 김용운 요양기관기호 12399213 문의자 이름 접수선생님 연락 받으실 번호 [PHONE_REDACTED] 문의 내용 및 요청사항 키오스크 출력이 안되서 프린터를 봤더니 프린터기계에 용지걸림이 없는데도 주황색불이 들어와 있고 그냥 뚜껑만 열었다 닫았더니 출력 되었다함 . 몇일전부터 출력이 되다 안되다 하능 증상으로 기기 점검 요청하심 ( 지금은 출력 이상없음 ) 확인 부탁드립니다,"안녕하세요 에이치앤아이디지탈 김유미입니다. 금일 제조사 엔지니어 방문하여 셋탑 포맷 완료하였습니다. 당초 대리점 담당자(서준영 대리)와 동행 예정이었으나 일정이 맞지 않아, 제조사 엔지니어가 먼저 셋탑 포맷을 진행하였고 이후 대리점 담당자가 원격으로 프로그램 설치를 진행하였다고 합니다. 현재 의원에서 금일 오후까지 결제 테스트를 진행해보시고, 이후 결과에 따라 대리점 담당자와 추가로 소통하기로 하였다고 합니다. 참고 부탁드립니다",GT 보강 시 재사용 가능,low,주황불 점등 뚜껑만 여닫았는데 출력,용지걸림 혹은 경고등은 프린터와 키오스크 간 통신이상으로 추정되기도 하여 셋탑포맷으로 해결해보기로함,포맷 후 재설치,resolved,,,,,,
clinic_case,171591,1,171591-001,cust:171591,365수원튼튼의원,171591,2,0,09589882a3bacce7ce4e9c1dbaaa1eac740d1e8d,hardware,printer_output,프린터/출력,[통화요청] 키오스크 H/W 통화 요청의 件,2025-07-28 09:24,2025-08-01 13:29,3,TRUE,resolved,"{""distributor"": 2, ""ubcare"": 1}","[프린터/출력] 납품 일주일도 안되어 토너 용량부족 출력불가 알림이 표시되는 문제로 인입되었습니다 최신 대응: 장착되어있는 토너로 약 130매 정도 출력된 것으로 카운팅되었으며, 출력 매수에 비해 토너 부족 오류 문구가 발생하는 점으로 보아 토너 불량 가능성이 있어, 엔지니어가 지참한 정품 토너로 교체 후 철수하였습니다 / 이후에도 동일 증상이 반복될 경우 추가 점검이 필요할 수 있으니 참고 부탁드립니다",납품 일주일도 안되어 토너 용량부족 출력불가 알림이 표시되는 문제로 인입되었습니다,"장착되어있는 토너로 약 130매 정도 출력된 것으로 카운팅되었으며, 출력 매수에 비해 토너 부족 오류 문구가 발생하는 점으로 보아 토너 불량 가능성이 있어, 엔지니어가 지참한 정품 토너로 교체 후 철수하였습니다 / 이후에도 동일 증상이 반복될 경우 추가 점검이 필요할 수 있으니 참고 부탁드립니다",resolved,medium,"안녕하세요, 유비케어 운영기획팀 오창훈 매니저입니다 . 365 수원튼튼의원 ( 수원시 권선구 ) 의사랑 하프 키오스크 프린터 점검 요청드립니다 . ■ 365 수원튼튼의원 ( 수원시 권선구 )_ 의사랑 하프 K 1 대 사용 1) 인입내용: 7/21( 월 ) 에 하프 K+1 단 프린터 납품한 의원으로, 납품 일주일도 안되어 토너 용량부족 출력불가 알림이 표시되는 문제로 인입되었습니다 . 2) 요청사항: 최초 대리점 담당자 통해 본 건이 접수되었을 때, 프린터 토너는 소모품으로 사용에 따라 소진 시 별도 구매가 필요하다는 점은 충분히 안내드렸습니다 . 하지만 병원측에서 토너가 예상보다 너무 빨리 소진되었다며, 재생품 또는 중고품이 의심된다고 클레임을 제기하였습니다 . 해당 의원, 3 인 원장 체제에 연중무휴 오전 8 시 30 분부터 오후 8 시까지 진료를 하는 특성상 프린터 사용량이 많아 토너가 빠르","안녕하세요 에이치앤아이디지탈 김유미입니다. 금일 삼성 엔지니어가 방문하여 프린터 점검을 진행하였습니다. 장착되어있는 토너로 약 130매 정도 출력된 것으로 카운팅되었으며, 출력 매수에 비해 토너 부족 오류 문구가 발생하는 점으로 보아 토너 불량 가능성이 있어, 엔지니어가 지참한 정품 토너로 교체 후 철수하였습니다. 이후에도 동일 증상이 반복될 경우 추가 점검이 필요할 수 있으니 참고 부탁드립니다",GT 보강 시 재사용 가능,low,하프키오스크 토너 정상인데 토너 용량부족 출력불가 알림 표출,"키오스크-프린터 간 통신 불량할 경우나, 삼성프린터 사용하고 있지 않은데 HW설정상 삼성프린터 사용으로 표기된 경우 토너모듈과 통신이 안되어 토너부족 알림이 뜸",우선 삼성 프린터 드라이버가 삭제되어 있어 통신불가의 원인이 될 수 있기에 재설치 후 정상적으로 출력되는 점 확인,unresolved,,,,,,
clinic_case,171591,2,171591-002,cust:171591,365수원튼튼의원,171591,2,0,7ce16d3404edf18ccc0e9eb55c080a94333fdec7,hardware,printer_output,프린터/출력,[통화요청] 키오스크 H/W 통화 요청의 件,2025-11-03 16:32,2025-11-10 13:36,9,TRUE,resolved,"{""distributor"": 6, ""ubcare"": 3}","[프린터/출력] 키오스크에서 토너 없다고 팝업 뜨며 출력 안되는 경우 점검 요청하셨습니다 최신 대응: 삭제된 사유는 명확히 확인되지 않았으나 지난 5일(수) 삼성 엔지니어를 통한 점검 당시에는 프린터가 정상 작동하였음을 의원 관계자 통해 확인했기에 점검 이후 삭제된 것으로 추정됩니다 / 현장에서 부품 교체 가능성을 고려하여 AS용 셋탑 및 프린터를 지참하였으나, 상세 원인 파악 없이 교체를 진행할 경우 동일 문제가 재발할 우려가 있어, 우선적으로 프린터 드라이버 재설치를 진행하였고 정상 출력까지 확인하였습니다",키오스크에서 토너 없다고 팝업 뜨며 출력 안되는 경우 점검 요청하셨습니다,"삭제된 사유는 명확히 확인되지 않았으나 지난 5일(수) 삼성 엔지니어를 통한 점검 당시에는 프린터가 정상 작동하였음을 의원 관계자 통해 확인했기에 점검 이후 삭제된 것으로 추정됩니다 / 현장에서 부품 교체 가능성을 고려하여 AS용 셋탑 및 프린터를 지참하였으나, 상세 원인 파악 없이 교체를 진행할 경우 동일 문제가 재발할 우려가 있어, 우선적으로 프린터 드라이버 재설치를 진행하였고 정상 출력까지 확인하였습니다",resolved,high,"안녕하세요 유비케어 병원고객팀 홍민영입니다 . 키오스크 문의내역 전달드립니다 . 구분 내용 고객정보 상호명 365 수원튼튼의원 고객명 김성은 요양기관기호 42300207 문의자 이름 병원직원 연락 받으실 번호 [PHONE_REDACTED] 문의 내용 및 요청사항 - 이슈: 키오스크에서 토너 없다고 팝업 뜨며 출력 안되는 경우 점검 요청하셨습니다 . 간헐적으로 발생하며, 정상 출력 될 때에 토너 잔량 확인 하면 정상적으로 보여서 토너 인식 문제 점검 요청하셨습니다 . 해당 내역으로 확인 부 탁 드립니다","안녕하세요. 에이치앤아이디지탈 김하은입니다. 금일 제조사 엔지니어 점검 결과, 제어판 내 삼성 프린터 드라이버가 설치되어 있지 않았다고 합니다. 삭제된 사유는 명확히 확인되지 않았으나 지난 5일(수) 삼성 엔지니어를 통한 점검 당시에는 프린터가 정상 작동하였음을 의원 관계자 통해 확인했기에 점검 이후 삭제된 것으로 추정됩니다. 현장에서 부품 교체 가능성을 고려하여 AS용 셋탑 및 프린터를 지참하였으나, 상세 원인 파악 없이 교체를 진행할 경우 동일 문제가 재발할 우려가 있어, 우선적으로 프린터 드라이버 재설치를 진행하였고 정상 출력까지 확인하였습니다. 위와 별개로 의원 측에서 프린터 이슈가 지속 발생하는 부분에 대해 '허브 문제로 예상되니 키오스크와 처방전 프린터의 허브를 별도로 분리해달라'고 요청하시어 허브 추가 설치 작업도 함께 진행됐습니다. 금번 점검사항은 최초 납품과 다르게 재작업이 필요",GT 보강 시 재사용 가능,low,하프키오스크 토너 정상인데 토너 용량부족 출력불가 알림 표출,"키오스크-프린터 간 통신 불량할 경우나, 삼성프린터 사용하고 있지 않은데 HW설정상 삼성프린터 사용으로 표기된 경우 토너모듈과 통신이 안되어 토너부족 알림이 뜸",우선 삼성 프린터 드라이버가 삭제되어 있어 통신불가의 원인이 될 수 있기에 재설치 후 정상적으로 출력되는 점 확인,unresolved,,,,,,
clinic_case,17220,1,17220-001,cust:17220,조은이비인후과의원,17220,2,0,d9d19712ddd608de72fdfe8c11cec2cc3479c90b,hardware,printer_output,프린터/출력,[통화요청] 키오스크 H/W 통화 요청의 件,2025-12-02 10:53,2025-12-02 11:02,2,TRUE,resolved,"{""ubcare"": 1, ""distributor"": 1}","[프린터/출력] 키오스크 프린터 빨간불 들어왔고 프린트기가 안된다고 합니다. 자주 용지걸리는 현상이 있긴 했었는데 이번에는 용지 다 빼고 다시 해도 빨간불만 뜨고 정상적으로 되지 않는다며 프린트 점검 요청하셨습니다 최신 대응: 하기 의원은 전일 의사랑 고객센터 접수 과정에서 공급사 연락처를 안내 받아 직접 인입되었던 곳입니다 / 하여, 의사랑 고객센터로 재접수 안내드린 바 있으며 현재는 정상 작동으로 방문 요청 취소하였습니다",키오스크 프린터 빨간불 들어왔고 프린트기가 안된다고 합니다. 자주 용지걸리는 현상이 있긴 했었는데 이번에는 용지 다 빼고 다시 해도 빨간불만 뜨고 정상적으로 되지 않는다며 프린트 점검 요청하셨습니다,"하기 의원은 전일 의사랑 고객센터 접수 과정에서 공급사 연락처를 안내 받아 직접 인입되었던 곳입니다 / 하여, 의사랑 고객센터로 재접수 안내드린 바 있으며 현재는 정상 작동으로 방문 요청 취소하였습니다",resolved,high,안녕하세요 유비케어 병원고객팀 유맑은샘 입니다 . 키오스크 문의내역 전달드립니다 . 구분 내용 고객정보 상호명 조은이비인후과의원 고객명 한동희 요양기관기호 41336607 문의자 이름 접수선생님 연락 받으실 번호 [PHONE_REDACTED] 문의 내용 및 요청사항 - 이슈: 키오스크 프린터 빨간불 들어왔고 프린트기가 안된다고 합니다. 자주 용지걸리는 현상이 있긴 했었는데 이번에는 용지 다 빼고 다시 해도 빨간불만 뜨고 정상적으로 되지 않는다며 프린트 점검 요청하셨습니다. 해당 내역으로 확인 부 탁 드립니다,"안녕하세요. 에이치앤아이디지탈 김하은입니다. 하기 의원은 전일 의사랑 고객센터 접수 과정에서 공급사 연락처를 안내 받아 직접 인입되었던 곳입니다. 하여, 의사랑 고객센터로 재접수 안내드린 바 있으며 현재는 정상 작동으로 방문 요청 취소하였습니다. 참고 부탁드립니다",GT 보강 시 재사용 가능,low,"키오스크 출력시 급지가 되지 않고 용지가 바로 걸림, 프린터에서 소음 발생",2단급지함 고장 의심,처방전 프린터와 2단급지함 연결케이블 빠져있어 연결하고 종료,resolved,,,,,,
clinic_case,17220,2,17220-002,cust:17220,조은이비인후과의원,17220,2,0,8ca47c64d817bb583ac1c8c5fb74afc6b57f8ae7,hardware,printer_output,프린터/출력,[통화요청] 키오스크 H/W 통화 요청의 件,2026-01-26 16:06,2026-02-02 09:32,7,TRUE,resolved,"{""distributor"": 5, ""ubcare"": 2}","[프린터/출력] <p style=""font-family: 굴림, Gulim, ""맑은 고딕"", AppleGothic, sans-serif; font-size: 12px; line-height: 14.4pt; color: rgb(51, 51 최신 대응: 해당 의원 금일 방문 예정이었으나, 삼성 엔지니어 1/31(토) 방문하여 조치 완료된 점 확인되었습니다 / 점검 결과, 처방전 프린터와 2단 급지함을 연결하는 케이블이 빠져있어 현장에서 케이블 재장착 후 정상 작동되었다고 합니다","<p style=""font-family: 굴림, Gulim, ""맑은 고딕"", AppleGothic, sans-serif; font-size: 12px; line-height: 14.4pt; color: rgb(51, 51","해당 의원 금일 방문 예정이었으나, 삼성 엔지니어 1/31(토) 방문하여 조치 완료된 점 확인되었습니다 / 점검 결과, 처방전 프린터와 2단 급지함을 연결하는 케이블이 빠져있어 현장에서 케이블 재장착 후 정상 작동되었다고 합니다",resolved,high,안녕하세요 유비케어 병원고객팀 장유나 입니다. 키오스크 문의내역 전달드립니다. 구분 내용 고객정보 상호명 조은이비인후과의원 고객명 한동희 요양기관기호 41336607 문의자 이름 접수선생님 연락 받으실 번호 [PHONE_REDACTED] 문의 내용 및 요청사항 - 이슈: 키오스크2 / 키오스크에서 출력시 급지가 되지 않고 용지가 바로 걸린다고 합니다. 두달가량 용지 걸린거 수동으로 빼면서 사용하셨는데 얼마전 부터는 프린터에서 이상한 소리가 같이 난다고 합니다. 점검 부탁드립니다. 해당 내역으로 확인 부 탁 드립니다. 감사합니다,"안녕하세요 에이치앤아이디지탈 김유미입니다. 해당 의원 금일 방문 예정이었으나, 삼성 엔지니어 1/31(토) 방문하여 조치 완료된 점 확인되었습니다. 점검 결과, 처방전 프린터와 2단 급지함을 연결하는 케이블이 빠져있어 현장에서 케이블 재장착 후 정상 작동되었다고 합니다. 금번 방문 시 원래 출장비가 발생하나, 삼성 엔지니어께서 무상으로 처리해주셨습니다.. 참고 부탁드립니다",GT 보강 시 재사용 가능,low,"키오스크 출력시 급지가 되지 않고 용지가 바로 걸림, 프린터에서 소음 발생 , 2단급지함 출력 불가",2단급지함 고장 의심,처방전 프린터와 2단급지함 연결케이블 빠져있어 연결하고 종료,resolved,,,,,,
clinic_case,177331,1,177331-001,cust:177331,온가족비뇨의학과의원,177331,1,0,6c3205c9a51dcc451b2f04a9dfd98e492da87066,software,software_update_or_log,SW업데이트/로그,[사업기획팀] 의사랑 키오스크 점검 요청 件,2025-06-25 15:44,2025-06-25 16:56,3,TRUE,resolved,"{""ubcare"": 3}","[SW업데이트/로그] 재진 / 초진 환자 모두 키오스크 접수 후 ‘ 수진자자격조회 ’ 가 안됨 최신 대응: 오창주 매니저님과 함께 원격 지원한 결과 공유드립니다 / 위 설정 이후, 정상적으로 수진자 자격조회가 성공하는 것을 확인했습니다",재진 / 초진 환자 모두 키오스크 접수 후 ‘ 수진자자격조회 ’ 가 안됨,"오창주 매니저님과 함께 원격 지원한 결과 공유드립니다 / 위 설정 이후, 정상적으로 수진자 자격조회가 성공하는 것을 확인했습니다",resolved,high,"안녕하십니까, 사업기획팀 최미선입니다 . 온가족비뇨의학과 의사랑 키오스크 원격 점검 요청드립니다 . 온가족비뇨의학과의원 ( 사용자번호 1777331)_ 풀 K 사용처 인입내용: 재진 / 초진 환자 모두 키오스크 접수 후 ‘ 수진자자격조회 ’ 가 안됨 요청사항: 키오스크 內 요양기관번호 정상 등록되어있는지 확인 요청 참고자료 연락처: [PHONE_REDACTED]( 병의원 ) 전일 (6/24) 키오스크 신규 설치 의원으로, 금일 갑자기 수진자자격조회가 되지 않아 대리점에서 급히 문의주시어 사업에서 점검 요청 이관드리는 점 양해 부탁드립니다","안녕하세요 모바일페이개발팀 정재원입니다 . 오창주 매니저님과 함께 원격 지원한 결과 공유드립니다 . 해당 의원의 경우, “ 의사랑 환경설정 >PC 정보 ” 에 등록된 일부 진료실들에 대하여 관리자 ( 부 ) 가 미지정 상태였습니다 . 의사랑 키오스크에서 접수 진행 시, 선택한 진료실의 PC 정보를 불러와 수진자 자격조회를 진행하기에 해당 진료실의 관리자 ( 부 ) 설정이 필수입니다 . 위 설정 이후, 정상적으로 수진자 자격조회가 성공하는 것을 확인했습니다",GT 보강 시 재사용 가능,low,키오스크 수진자 자격조회 안됨,의사랑 환경설정>PC정보 상 일부 진료실에 관리자(부) 가 미지정된 상태였음. 선택한 진료실 PC정보를 불러와 수진자 자격조회를 진행하므로 해당진료실 관리자(정)및 관리자(부) 설정 필수,전 진료실 관리자(정) 및 관리자(부) 설정 후 정상적으로 수진자 자격조회 성공,resolved,,,,,,
clinic_case,177614,1,177614-001,cust:177614,신통가정의학과의원,177614,1,0,44b1612175ece0d16ca4aaf02739631b894d6958,hardware,payment_card_reader,카드결제/리더기,[통화요청] 키오스크 H/W 통화 요청의 件,2025-08-28 11:08,2025-08-28 18:00,2,TRUE,resolved,"{""distributor"": 2}","[카드결제/리더기] 다만, 전체 환자에 대해 “사용할 수 없는 카드입니다” 라는 오류가 발생하는 점에 대해 의아한 부분이 있어, 최신 대응: 해당 의원의 기존 양도·양수 이력 및 TID 재발급 여부에 대한 사전 공유가 없어, 이전에 매니저님께서 전달주신 로그 점검 진행 사실을 근거로 제조사 방문을 요청드렸습니다 / 현재 아우어시스템즈 지원을 통해 정상 결제가 이루어지는 점을 확인하였으며, 따라서 엔지니어 방문 점검은 불필요한 것으로 판단됩니다","다만, 전체 환자에 대해 “사용할 수 없는 카드입니다” 라는 오류가 발생하는 점에 대해 의아한 부분이 있어,","해당 의원의 기존 양도·양수 이력 및 TID 재발급 여부에 대한 사전 공유가 없어, 이전에 매니저님께서 전달주신 로그 점검 진행 사실을 근거로 제조사 방문을 요청드렸습니다 / 현재 아우어시스템즈 지원을 통해 정상 결제가 이루어지는 점을 확인하였으며, 따라서 엔지니어 방문 점검은 불필요한 것으로 판단됩니다",resolved,high,"안녕하세요, 서수민 매니저님 에이치앤아이디지탈 김하은입니다. 하기 의원 오창훈 매니저님 통해 키오스크 양수 받은 의원으로 최근 캣아이디 신규 발급되어 대리점 담당자 통한 가맹점 등록 여부 확인 중이라고 회신 받았습니다. 하여 확인 후 h/w 방문 여부와 함께 내용 회신주시면 감사하겠습니다. 김하은 드림 ------------------------------------------ 김 하 은 사원 | ㈜에이치앤아이디지탈 www.hnid.co.kr 서울 금천구 디지털로10길 78 가산테라타워 1441호 Tel [PHONE_REDACTED] Fax [PHONE_REDACTED] Mobile [PHONE_REDACTED] E-mail he2625 @hnid.co.kr ------------------------------------------","안녕하세요, 매니저님 에이치앤아이디지탈 김하은입니다. 해당 의원의 기존 양도·양수 이력 및 TID 재발급 여부에 대한 사전 공유가 없어, 이전에 매니저님께서 전달주신 로그 점검 진행 사실을 근거로 제조사 방문을 요청드렸습니다. 다만, 전체 환자에 대해 “사용할 수 없는 카드입니다” 라는 오류가 발생하는 점에 대해 의아한 부분이 있어, 아우어시스템즈 측으로부터 결제 실패 상세 로그 내역을 확인하였습니다. 아래 캡처본과 같이 오류 메시지: “거래정지 가맹점, 정보등록요망” 으로 확인되었으며, 이는 카드리더기 자체 문제가 아닌 사업자 변경에 따른 TID 재발급 연동 불완전이 원인으로 판단됩니다. 현재 아우어시스템즈 지원을 통해 정상 결제가 이루어지는 점을 확인하였으며, 따라서 엔지니어 방문 점검은 불필요한 것으로 판단됩니다. 추후, 하프형 키오스크뿐만 아니라 일체형 기기 사용처에서 카드리더기 관련 이",GT 보강 시 재사용 가능,low,"하프키오스크 결제 시도 시 ""거래 정지 가맹점, 정보등록요망"" 오류 발생",사업자번호 변경되었으나 CAT ID 재발급 절차가 누락되었을때 발생,변경된 사업자등록번호로 CAT ID 재발급 및 재등록 실시하여 정상결제 확인,resolved,,,,,,
clinic_case,180077,1,180077-001,cust:180077,유앤미산부인과의원,180077,4,0,8880525aeb9a09ba340428ca62bdc711ca24f70d,hardware,device_power_display,전원/화면,키오스크 H/W점검 방문 일자 공유드립니다,2025-10-28 11:26,2025-11-05 15:34,5,TRUE,resolved,"{""distributor"": 3, ""ubcare"": 2}","[전원/화면] 풀K 2대 모두 하루에 1회 이상 전원 꺼짐 또는 재부팅 현상 최신 대응: 병원 연락드렸으나, 랜선이 빠져있었고 랜선 연결후 해결되었다고 합니다",풀K 2대 모두 하루에 1회 이상 전원 꺼짐 또는 재부팅 현상,"병원 연락드렸으나, 랜선이 빠져있었고 랜선 연결후 해결되었다고 합니다",resolved,high,"안녕하세요 에이치앤아이디지탈 김유미입니다. 유앤미산부인과의원(남양주) 에서 저희 쪽으로 직접 인입된 내용 공유드립니다. 해당 의원은 10/13(월) 납품된 의원 으로, 풀K 2대 모두 하루에 1회 이상 전원 꺼짐 또는 재부팅 현상 이 발생하고 있다고 합니다. 하여, 금일 오후 제조사 엔지니어 방문 예정 입니다. 참고로 의원 측에 접수 절차를 안내드리면서, “ 의사랑 고객센터로 먼저 접수하시면 프로그램 및 원격 점검 후, H/W 점검이 필요한 경우 저희에게 이관된다 ” 고 설명드렸는데요, 의원에서는 의사랑 고객센터에 접수 시, HNID 연락처를 알려주시며 ‘키오스크 유지보수 업체이니 직접 전화해주세요’ 라는 안내를 받았다고 합니다. 이 부분은 향후 혼선을 줄이기 위해 기존 절차에 따라 의사랑에서 1차 접수 및 점검 후 필요 시 저희에게 메일로 이관하는 방식으로 진행 부탁드립니다. 절차가 지켜지지 ","안녕하십니까, 병원고객팀 오창주입니다 . 병원 연락드렸으나, 랜선이 빠져있었고 랜선 연결후 해결되었다고 합니다 . 이상입니다",GT 보강 시 재사용 가능,low,키오스크 하루 1회이상 전원꺼짐 혹은 재부팅증상,키오스크 랜선이 빠져있었음,랜선 재연결후 해결,resolved,,,,,,
clinic_case,180077,2,180077-002,cust:180077,유앤미산부인과의원,180077,4,0,f23eb0ba8c346131eb5269271d5c5b9fcd7752c2,hardware,device_power_display,전원/화면,[통화요청] 키오스크 H/W 통화 요청의 件,2025-12-05 11:20,2025-12-08 14:36,3,TRUE,resolved,"{""distributor"": 2, ""ubcare"": 1}","[전원/화면] 유사 증상에 따른 타 의원 점검 내역을 바탕으로, 전원 꺼짐 현상은 셋탑 및 케이블 불량 가능성이 있어 현장 교체가 필요할 수 있다는 점을 안내드리니 최신 대응: 금일 엔지니어 방문드려 1번기기 점검한 결과, HDMI 케이블 접촉불량으로 포트 1번 → 2번으로 변경 장착하니 기기 전원꺼짐 없이 정상 작동된다고 합니다 / 하여, SW 점검과 함께 의원 확인 부탁드립니다","유사 증상에 따른 타 의원 점검 내역을 바탕으로, 전원 꺼짐 현상은 셋탑 및 케이블 불량 가능성이 있어 현장 교체가 필요할 수 있다는 점을 안내드리니","금일 엔지니어 방문드려 1번기기 점검한 결과, HDMI 케이블 접촉불량으로 포트 1번 → 2번으로 변경 장착하니 기기 전원꺼짐 없이 정상 작동된다고 합니다 / 하여, SW 점검과 함께 의원 확인 부탁드립니다",resolved,high,안녕하세요 유비케어 병원고객팀 김선민 입니다 . 키오스크 문의내역 전달드립니다 . 구분 내용 고객정보 상호명 유앤미산부인과의원 고객명 조유미 요양기관기호 41381963 문의자 이름 여자 선생님 연락 받으실 번호 [PHONE_REDACTED] 문의 내용 및 요청사항 - 이슈: 키오스크 2 대중 1 대만 갑자기 기기 종료되는 증상이 지속적으로 발생하여 점검 요청하셨습니다 . 키오스크 사용중에 갑자기 종료되고 재부팅이 되신다고 합니다 . 키오스크 H/W 설정 – 종료시간은 설정되어있지 않음 확인했습니다 . 해당 내역으로 확인 부 탁 드립니다,"안녕하세요. 에이치앤아이디지탈 김하은입니다. 금일 엔지니어 방문드려 1번기기 점검한 결과, HDMI 케이블 접촉불량으로 포트 1번 → 2번으로 변경 장착하니 기기 전원꺼짐 없이 정상 작동된다고 합니다. 다만, 변경 후에도 프로그램 상에서 주소 입력 및 검색 버튼 클릭 후 다음으로 넘어가는 과정에서 의사랑 프로그램이 바탕화면으로 튕기는 증상이 간헐적으로 발생된다 하여, SW 점검과 함께 의원 확인 부탁드립니다",GT 보강 시 재사용 가능,low,화면 깜빡거림/ 전원 꺼짐 이슈,HNID 이관 / HDMI단자 및 랜선이슈 의심,선 재 연결 및 네트워크 재설정으로 해결,resolved,,,,,,
clinic_case,180077,3,180077-003,cust:180077,유앤미산부인과의원,180077,4,0,80eb4171417df456086caaa65e5d5a02f74c4f64,software,network_connection,네트워크/IP,[병원고객팀] 유앤미산부인과의원(41381963) 키오스크 사용 중 간혈적 종료 현상 확인 요청 件,2025-12-19 09:41,2025-12-30 19:36,6,TRUE,resolved,"{""ubcare"": 6}","[네트워크/IP] 발생 의원 오류 Log] 하루에 1~2 회 정도 발생한다고 하시며 증상 지속적으로 발생 하셔서 키오스크 교체 요청 하고 있어 빠른 확인 필요 최신 대응: 여러 증상이 복합적으로 나타나고 있어 정리를 해보자면, 네트워크 문제 à DB 연결 실패 및 앱 종료 현상 유발 가능 à 이벤트 로그 상 NIC 오류 빈발하여 셋탑 교체 검토 요망 à 원내 다른 PC 에서도 동일 이벤트로그가 빈발하는 경우 연결된 공유기 점검 요망 앱 실행 실패 à 런처 로그 확인 필요 / à 기존 구성요소 손상 가능성 à 지속적으로 발생하는 상황이 아니라면 실행 시점에 일시적으로 해당 구성요소가 제대로 로드되지 않았을 수도 있음 전반적인 상태 ",발생 의원 오류 Log] 하루에 1~2 회 정도 발생한다고 하시며 증상 지속적으로 발생 하셔서 키오스크 교체 요청 하고 있어 빠른 확인 필요,"여러 증상이 복합적으로 나타나고 있어 정리를 해보자면, 네트워크 문제 à DB 연결 실패 및 앱 종료 현상 유발 가능 à 이벤트 로그 상 NIC 오류 빈발하여 셋탑 교체 검토 요망 à 원내 다른 PC 에서도 동일 이벤트로그가 빈발하는 경우 연결된 공유기 점검 요망 앱 실행 실패 à 런처 로그 확인 필요 / à 기존 구성요소 손상 가능성 à 지속적으로 발생하는 상황이 아니라면 실행 시점에 일시적으로 해당 구성요소가 제대로 로드되지 않았을 수도 있음 전반적인 상태 ",resolved,medium,"안녕하세요 . 병원고객팀 오태민 입니다 . [ 발생 의원 ] [ 오류 Log] 하루에 1~2 회 정도 발생한다고 하시며, 증상 지속적으로 발생 하셔서 키오스크 교체 요청 하고 있어 빠른 확인 필요 할 것 같습니다","안녕하세요, 모바일페이개발팀 정웅기입니다 . 해당 의원은 네트워크 장애가 꾸준히 발생하고 있는 것으로 보입니다 . 그리고, 첨부해주신 영상의 팝업은 런처에서 스마트로 VAN 모듈 설치에 실패하는 경우 발생합니다 . 공유해 주신 로그에 런처 로그는 없어서 상세 오류메세지는 확인을 못했지만, 권한이나 기존 설치된 구성요소가 손상되었을 수 있어 보입니다 . 마지막으로 이미지 첨부해주신 흰화면 상태는 원본 사진을 확인 가능할까요 ? 지난 번 24 일 로그 기준으로는 DB 연결 도중 오류발생으로 인한 앱 종료 현상이었는데, 옆 기기의 시간 값을 식별 가능하다면 해당 시간대의 로그로 마지막 사용자 동작을 확인 가능합니다 . 여러 증상이 복합적으로 나타나고 있어 정리를 해보자면, 네트워크 문제 à DB 연결 실패 및 앱 종료 현상 유발 가능 à 이벤트 로그 상 NIC 오류 빈발하여 셋탑 교체 검토 요망 à ",GT 보강 시 재사용 가능,low,화면 깜빡거림/ 전원 꺼짐 이슈,HNID 이관 / HDMI단자 및 랜선이슈 의심,선 재 연결 및 네트워크 재설정으로 해결,resolved,,,,,,
clinic_case,180077,4,180077-004,cust:180077,유앤미산부인과의원,180077,4,0,b127da9a2a587036e797fcc62d21822b3686d68d,hardware,device_power_display,전원/화면,[통화요청] 키오스크 H/W 통화 요청의 件,2025-12-31 13:12,2026-01-07 11:18,13,TRUE,resolved,"{""ubcare"": 7, ""distributor"": 6}","[전원/화면] 네트워크 끊김 현상으로 인한 프로그램 비정상 종료 상황으로 보여집니다 최신 대응: 일반적으로 화면 깜빡거림 이슈로 방문 점검 시 케이블이 헐겁거나 과도하게 타이트하게 장착되어 있던 경우가 많으나 본 의원의 경우 특이사항이 없어 별도의 교체 없이 점검 마무리하였습니다 / 설정 누락 / 의사랑 H/W 내 ‘점자 미부착’ 설정됨과 같이 캣아이디만 정상 기재되고, 기타 설정이 정상적으로 마무리되지 않은 점 전달 받아 각 지역별 대리점 담당자에게 가이드 재공지 요청드립니다",네트워크 끊김 현상으로 인한 프로그램 비정상 종료 상황으로 보여집니다,"일반적으로 화면 깜빡거림 이슈로 방문 점검 시 케이블이 헐겁거나 과도하게 타이트하게 장착되어 있던 경우가 많으나 본 의원의 경우 특이사항이 없어 별도의 교체 없이 점검 마무리하였습니다 / 설정 누락 / 의사랑 H/W 내 ‘점자 미부착’ 설정됨과 같이 캣아이디만 정상 기재되고, 기타 설정이 정상적으로 마무리되지 않은 점 전달 받아 각 지역별 대리점 담당자에게 가이드 재공지 요청드립니다",resolved,high,"안녕하세요 . 유비케어 병원고객팀 오창주 입니다 . 키오스크 H/W 및 네트워크 방문 점검이 필요해보여 이관드립니다 . 구분 내용 고객정보 상호명 유앤미산부인과의원 고객명 조유미 요양기관기호 41381963 문의자 이름 여자 직원 연락 받으실 번호 [PHONE_REDACTED] 문의 내용 및 요청사항 - 이슈: 키오스크 2 대 사용중이며, 두대 모두 사용중 간헐적으로 프로그램이 비정상 종료되는 현상으로 문의 주셨었습니다 . 키오스크 자체 로그, 이벤트 뷰어 등 다방면으로 S/W 원격 확인 결과, 네트워크 끊김 현상으로 인한 프로그램 비정상 종료 상황으로 보여집니다 .( 이벤트뷰어 로그 존재, 원격지원 또한 간헐적 끊김 등 ) 키오스크 2 대 모두 네트워크 링크 끊김 오류 로그가 있습니다 ( 같은 공유기 사용중인 다른 PC 는 문제 없음 ) 또한 다른 의원 장비에서는 잘 보이지 않는 스로틀링 관련","안녕하세요. 에이치앤아이디지탈 김하은입니다. 금일 오전 점검 내용 회신드립니다. 1. 화면 블랙아웃 이슈와 관련하여 HDMI 케이블을 포함한 전반적인 점검을 실시하였으나, 정상적으로 장착되어 있으며 케이블 불량으로 보이지는 않는다는 판단입니다. 의원 측에서도 영상 녹화된 환자 1명 외에는 동일 증상이 발생한 사례가 없는 점 확인하였습니다. 일반적으로 화면 깜빡거림 이슈로 방문 점검 시 케이블이 헐겁거나 과도하게 타이트하게 장착되어 있던 경우가 많으나 본 의원의 경우 특이사항이 없어 별도의 교체 없이 점검 마무리하였습니다. 2. 네트워크 관련 조치사항 엔지니어와 의원 관계자분이 직접 소통하여 협의한 부분입니다. 의원 내 포트가 간호사실 왼쪽 부근에 위치해 있으나 라벨링이 전혀 되어 있지 않아 포트를 하나씩 확인해야 하는 상황이며 현재 의원 영업 중인 관계로, 임의 조작 시 의원 전체 네트워크 마비",GT 보강 시 재사용 가능,low,화면 깜빡거림/ 전원 꺼짐 이슈,HNID 이관 / HDMI단자 및 랜선이슈 의심,선 재 연결 및 네트워크 재설정으로 해결,resolved,,,,,,
clinic_case,181838,3,181838-003,cust:181838,연세햇님소아청소년과의원,181838,3,2,5adb20b9f2b84fd0daf512b74aaacd6a27eba971,hardware,printer_output,프린터/출력,[현장지원요청][사업기획팀] 키오스크 프린터 교체 지원 요청 件,2025-06-04 17:43,2025-06-04 17:43,1,TRUE,in_progress,"{""ubcare"": 1}","[프린터/출력] ■ 풀 키오스크 사용 중 1) 병의원 요청 병의원 사용 중인 프린터 브라더 HL-L5200DW) 로 교체 요청 2) 하부장 프린터 장착 어려움 사유 병의원에서 요청한 프린터 사이즈가 커서 하부장에 안 들어감 3) 대응 방안 교체 희망하는 프린터를 외부에서 키오스크와 연결 프린터 IP 설정 고정 및 키오스크 설정값 (HW 환경설정 반영 (+ 테스트출력 위 사유로 주임님께 최신 대응: 1) 병의원 요청: 병의원 사용 중인 프린터 ( 브라더 HL-L5200DW) 로 교체 요청 / 3) 대응 방안: 교체 희망하는 프린터를 외부에서 키오스크와 연결 > 프린터 IP 설정 ( 고정 ) 및 키오스크 설정값 (HW 환경설정 ) 반영 (+ 테스트출력 ) 위 사유로, 주임님께 부득이하게 현장 지원 요청드리오니 양해 부탁드리며, 병의원과 소통해주시",■ 풀 키오스크 사용 중 1) 병의원 요청 병의원 사용 중인 프린터 브라더 HL-L5200DW) 로 교체 요청 2) 하부장 프린터 장착 어려움 사유 병의원에서 요청한 프린터 사이즈가 커서 하부장에 안 들어감 3) 대응 방안 교체 희망하는 프린터를 외부에서 키오스크와 연결 프린터 IP 설정 고정 및 키오스크 설정값 (HW 환경설정 반영 (+ 테스트출력 위 사유로 주임님께,"1) 병의원 요청: 병의원 사용 중인 프린터 ( 브라더 HL-L5200DW) 로 교체 요청 / 3) 대응 방안: 교체 희망하는 프린터를 외부에서 키오스크와 연결 > 프린터 IP 설정 ( 고정 ) 및 키오스크 설정값 (HW 환경설정 ) 반영 (+ 테스트출력 ) 위 사유로, 주임님께 부득이하게 현장 지원 요청드리오니 양해 부탁드리며, 병의원과 소통해주시면 감사하겠습니다",in_progress,low,"안녕하십니까, 사업기획팀 최미선입니다 . 연세햇님소아청소년과의원 프린터 교체 지원 요청드립니다 . 상기 의원에서 “ 프린터 교체 ” 를 희망하시어, 아래와 같이 전달드리오니 명일 (6/5) 오전 중 병의원 통화 / 현장 지원 부탁드립니다 . ■ 연세햇님소아청소년과의원 _ 풀 키오스크 사용 중 1) 병의원 요청: 병의원 사용 중인 프린터 ( 브라더 HL-L5200DW) 로 교체 요청 2) 이 슈: 하부장 內 프린터 장착 어려움 ( 사유: 병의원에서 요청한 프린터 사이즈가 커서 하부장에 안 들어감 ) 3) 대응 방안: 교체 희망하는 프린터를 외부에서 키오스크와 연결 > 프린터 IP 설정 ( 고정 ) 및 키오스크 설정값 (HW 환경설정 ) 반영 (+ 테스트출력 ) 위 사유로, 주임님께 부득이하게 현장 지원 요청드리오니 양해 부탁드리며, 병의원과 소통해주시면 감사하겠습니다 . 위 관련 히스토리는 하기 ","안녕하십니까, 사업기획팀 최미선입니다 . 연세햇님소아청소년과의원 프린터 교체 지원 요청드립니다 . 상기 의원에서 “ 프린터 교체 ” 를 희망하시어, 아래와 같이 전달드리오니 명일 (6/5) 오전 중 병의원 통화 / 현장 지원 부탁드립니다 . ■ 연세햇님소아청소년과의원 _ 풀 키오스크 사용 중 1) 병의원 요청: 병의원 사용 중인 프린터 ( 브라더 HL-L5200DW) 로 교체 요청 2) 이 슈: 하부장 內 프린터 장착 어려움 ( 사유: 병의원에서 요청한 프린터 사이즈가 커서 하부장에 안 들어감 ) 3) 대응 방안: 교체 희망하는 프린터를 외부에서 키오스크와 연결 > 프린터 IP 설정 ( 고정 ) 및 키오스크 설정값 (HW 환경설정 ) 반영 (+ 테스트출력 ) 위 사유로, 주임님께 부득이하게 현장 지원 요청드리오니 양해 부탁드리며, 병의원과 소통해주시면 감사하겠습니다 . 위 관련 히스토리는 하기 ",최종 상태가 resolved가 아님,medium,"키오스크 내장 프린터, 병원 사용 프린터로 교체 요청","IP프린터 지원기종만 가능하며, HNID에서 지원하지 않는 사항으로 유비케어/대리점 직접지원 필요",대리점 IP프린터 설치지원하여 해결,resolved,,,,,,
clinic_case,182032,1,182032-001,cust:182032,더바른소아청소년과의원,182032,1,0,42ab1e09721788e9eaf20df60278cf4369914eba,hardware,device_replacement,장비교체,[통화요청] 키오스크 H/W 통화 요청의 件,2025-06-18 09:15,2025-06-20 12:59,4,TRUE,resolved,"{""distributor"": 3, ""ubcare"": 1}","[장비교체] 키오스크 기기 전원이 안켜져 문의주셨습니다. 선 재연결 해도 동일하다고 합니다. 바쁘시겠지만 점검 부탁드립니다 최신 대응: 금일 재점검 결과 셋탑 전원부 고장으로 확인되어 셋탑 교체 진행하였으니, 원격으로 의사랑 프로그램 재설치 부탁드립니다 / 0037) 의원 측에서 오늘 중으로 꼭 연락을 달라고 하였으니 원격으로 프로그램을 설치해주시거나, 만약 영업 담당자 방문 예정이시라면 방문 일정도 함께 안내부탁드립니다",키오스크 기기 전원이 안켜져 문의주셨습니다. 선 재연결 해도 동일하다고 합니다. 바쁘시겠지만 점검 부탁드립니다,"금일 재점검 결과 셋탑 전원부 고장으로 확인되어 셋탑 교체 진행하였으니, 원격으로 의사랑 프로그램 재설치 부탁드립니다 / 0037) 의원 측에서 오늘 중으로 꼭 연락을 달라고 하였으니 원격으로 프로그램을 설치해주시거나, 만약 영업 담당자 방문 예정이시라면 방문 일정도 함께 안내부탁드립니다",resolved,medium,안녕하세요 . 유비케어 병원고객팀 이낙진입니다 . 키오스크 문의내역 전달드립니다 . 구분 내용 고객정보 상호명 더바른소아청소년과의원 고객명 노지현 요양기관기호 41383087 문의자 이름 접수실 여자 직원 연락 받으실 번호 [PHONE_REDACTED] 문의 내용 및 요청사항 - 이슈: 키오스크 기기 전원이 안켜져 문의주셨습니다 . 선 재연결 해도 동일하다고 합니다 . 바쁘시겠지만 점검 부탁드립니다,"안녕하세요 에이치앤아이디지탈 김유미입니다. 해당 의원 전일 제조사 엔지니어가 방문하여 셋탑 어댑터 재장착 후 정상 작동되었으나, 금일 오전 전원이 켜지지 않는 문제로 저희쪽에 재인입되어 제조사 엔지니어가 방문하였습니다. 금일 재점검 결과 셋탑 전원부 고장으로 확인되어 셋탑 교체 진행하였으니, 원격으로 의사랑 프로그램 재설치 부탁드립니다. ( CatID: UBCARE0037) 의원 측에서 오늘 중으로 꼭 연락을 달라고 하였으니 원격으로 프로그램을 설치해주시거나, 만약 영업 담당자 방문 예정이시라면 방문 일정도 함께 안내부탁드립니다. 금일 중으로 의원에 연락하시어 원격 설치 또는 방문 일정을 조율해 주시길 부탁드립니다",GT 보강 시 재사용 가능,low,키오스크 전원 안 켜짐,셋탑 고장으로 의심되어 HNID 이관,전원부 고장으로 셋탑 교체,resolved,,,,,,
clinic_case,187669,1,187669-001,cust:187669,감일키즈소아청소년과의원,187669,1,1,7630fe5a61deea396dc7cfea5803679cde10857f,hardware,printer_output,프린터/출력,[통화요청] 키오스크 H/W 통화 요청의 件,2026-02-12 14:24,2026-02-12 15:00,2,TRUE,in_progress,"{""ubcare"": 2}","[프린터/출력] <p class=""MsoNormal"" style=""margin: 0cm; font-family: 굴림; font-size: 12pt; line-height: 16pt; color: rgb(51, 51, 51); text-overflow: 최신 대응: 구분 내용 고객정보 상호명 감일키즈소아청소년과의원 고객명 김보령 요양기관기호 41387236 문의자 이름 간호사님 연락 받으실 번호 [PHONE_REDACTED] 문의 내용 및 요청사항 - 이슈: 2월 10일 콜센터로 인입되었던 고객입니다.키오스크에서 처방전출력시 잉크가 번져서 출력되어 잉크를 교체했지만 번져서 출력되어 의사랑 담당자가 방문하셔서 키오스크 점검을 해드렸는데요 / 담당자가 방문하여 드라이버 재설치, 스풀 폴더내 빈폴더 확인, 스풀서비스 확인하여 재","<p class=""MsoNormal"" style=""margin: 0cm; font-family: 굴림; font-size: 12pt; line-height: 16pt; color: rgb(51, 51, 51); text-overflow:","구분 내용 고객정보 상호명 감일키즈소아청소년과의원 고객명 김보령 요양기관기호 41387236 문의자 이름 간호사님 연락 받으실 번호 [PHONE_REDACTED] 문의 내용 및 요청사항 - 이슈: 2월 10일 콜센터로 인입되었던 고객입니다.키오스크에서 처방전출력시 잉크가 번져서 출력되어 잉크를 교체했지만 번져서 출력되어 의사랑 담당자가 방문하셔서 키오스크 점검을 해드렸는데요 / 담당자가 방문하여 드라이버 재설치, 스풀 폴더내 빈폴더 확인, 스풀서비스 확인하여 재",in_progress,low,"안녕하세요, 유비케어 병원고객팀 김연희입니다. 키오스크 문의내역 전달 드립니다. 구분 내용 고객정보 상호명 감일키즈소아청소년과의원 고객명 김보령 요양기관기호 41387236 문의자 이름 간호사님 연락 받으실 번호 [PHONE_REDACTED] 문의 내용 및 요청사항 - 이슈: 2월 10일 콜센터로 인입되었던 고객입니다.키오스크에서 처방전출력시 잉크가 번져서 출력되어 잉크를 교체했지만 번져서 출력되어 의사랑 담당자가 방문하셔서 키오스크 점검을 해드렸는데요. 담당자가 방문하여 드라이버 재설치, 스풀 폴더내 빈폴더 확인, 스풀서비스 확인하여 재시작했으나 출력물에 얼룩이 묻어서 출력이 된다고 합니다.삼성 서비스센터를 통해 서비스도 받아보았으나 삼성서비스센터에서도 키오스크 자체 하드웨어 문제를 점검해보는게 좋을 것 같다는 답변을 해주신 상태입니다. 1차로 의사랑 담당자가 방문하여 기기 점검을 한후 접수된","안녕하세요. 에이치앤아이디지탈 김하은입니다. 원내 관계자분과 통화해보니, 의사랑 담당자만 방문 점검하였고 삼성 서비스는 점검 받아보신 적 없다고 합니다. 출력품질 저하 관련해 의원에서 재생토너 사용 중이라고 하시어, 자체적으로 롤러 청소 및 정품토너로 교체 하시기로 하였습니다. 감사합니다. ------------------------------------------ - 김 하 은 사원 | ㈜에이치앤아이디지탈 www.hnid.co.kr 서울 금천구 디지털로10길 78 가산테라타워 1441호 Tel [PHONE_REDACTED] Fax [PHONE_REDACTED] Mobile [PHONE_REDACTED] E-mail [EMAIL_REDACTED] ------------------------------------------ - ------------Original Message-----------",최종 상태가 resolved가 아님,medium,"키오스크 출력물 잉크가 번져서 출력됨, 출력물에 얼룩이 묻어서 출력됨",재생토너 사용 시 롤러 오염되어 출력품질 저하 및 오염물 묻어나올 수 있음,"정품토너 사용안내, 의원 자체적으로 롤러 청소 실시하는 것으로 종결",resolved,,,,,,
clinic_case,190389,1,190389-001,cust:190389,꽃소아청소년과의원,190389,2,1,ffda535f9af32018e6802c5481ce9539af0a3a21,hardware,printer_output,프린터/출력,[통화요청] 키오스크 H/W 통화 요청의 件,2025-11-28 15:51,2025-12-22 16:12,14,TRUE,resolved,"{""distributor"": 10, ""ubcare"": 4}","[프린터/출력] <p style=""font-family: 굴림, Gulim, ""맑은 고딕"", AppleGothic, sans-serif; font-size: 12px; line-height: 14.4pt; color: rgb(51, 51 최신 대응: 위 점검 내용을 토대로 원장님께 추후 동일 증상 시 프린터 전체 교체를 안내드렸다고 하니 참고 부탁드립니다 / 현장에서 환자 여러명 정상 출력 확인 후 점검 마무리하였습니다","<p style=""font-family: 굴림, Gulim, ""맑은 고딕"", AppleGothic, sans-serif; font-size: 12px; line-height: 14.4pt; color: rgb(51, 51",위 점검 내용을 토대로 원장님께 추후 동일 증상 시 프린터 전체 교체를 안내드렸다고 하니 참고 부탁드립니다 / 현장에서 환자 여러명 정상 출력 확인 후 점검 마무리하였습니다,resolved,high,안녕하세요 유비케어 병원고객팀 김연희 입니다. 키오스크 문의내역 전달드립니다. 구분 내용 고객정보 상호명 꽃소아청소년과의원 고객명 정지영 요양기관기호 13308653 문의자 이름 간호사선생님 연락 받으실 번호 [PHONE_REDACTED] 문의 내용 및 요청사항 - 이슈: 키오스크에서 처방전 출력시 토너가 부족하다고 나와서 11월 24일에 토너를 교체했는데요.그 이후에도 간헐적으로 키오스크에서 수납후 처방전출력하면요 프린터 토너가 부족합니다라고 뜨고 처방전출력이 안된다고 합니다.키오스크를 재부팅하면 또 출력이 되는 현상이 반복된다고합니다.키오스크 점검부탁드립니다. 해당 내역으로 확인 부 탁 드립니다. 감사합니다,안녕하세요. 오창훈 매니저님 에이치앤아이디지탈 김하은입니다. 금일 오후 3시경 대리점 담당자(이승환 부장님) 방문드려 점검 진행하였습니다. 1) PIN 번호 노출로 1~8 숫자 입력 후 프린터와 키오스크 간 연결선 전반적인 점검 시 이상 없음 2) 프린터 절전모드 1분 → 120분 설정 3) 프린터 메인보드 손상으로 인해 절전모드 → 정상 모드 전환 시 초기화 진행되어 고유 주소값이 소실되는 것으로 추정됨 위 점검 내용을 토대로 원장님께 추후 동일 증상 시 프린터 전체 교체를 안내드렸다고 하니 참고 부탁드립니다. 현장에서 환자 여러명 정상 출력 확인 후 점검 마무리하였습니다,GT 보강 시 재사용 가능,low,토너 충분한데 간헐적으로 처방전 출력 시도 시 토너가 부족하다는 알림이 뜨며 출력 불가,"키오스크와 프린터 간 연결이 불안정 할 경우 토너 잔량 측정이 불가하여 토너잔량 부족 알림이 나올 수 있음.
본 건의 경우 프린터 본체 점검결과 PIN 번호 입력하라고 나오는 것으로 미루어 볼 때 프린터 메인보드 손상으로 인해 절전모드 진입 후 복귀 시 고유 주소값이 소실되어 초기화되고, 초기화되며 키오스크와의 연결이 끊김에 따라 통신 불가로 토너부족 알림이 발생되는 것으로 추정","프린터 자체 설정에서 절전모드 진입시간 120분으로 조정, 동일 증상 지속 발생 시 프린터 전체 교체 필요한 점 안내하고 종결",resolved,,,,,,
clinic_case,190664,1,190664-001,cust:190664,연세퍼스트이비인후과,190664,1,0,d43f07e906849ba3d66f4780ecd9c6f5830fb284,hardware,printer_output,프린터/출력,[통화요청] 키오스크 H/W 통화 요청의 件,2025-06-11 17:06,2025-06-16 14:08,3,TRUE,resolved,"{""distributor"": 2, ""ubcare"": 1}","[프린터/출력] <p class="""" style=""margin: 0cm 0cm 0.0001pt; font-family: 굴림; font-size: 12pt; line-height: 16pt; color: rgb(51, 51, 51); text-overfl 최신 대응: 금일 삼성 엔지니어 방문하여 프린터 2대 점검 진행하였습니다 / 1번기기는 방문 당시 정상 작동중으로 점검만 진행하였으며, 2번기기는 정착기 고장으로 유상으로 교체 완료하였습니다","<p class="""" style=""margin: 0cm 0cm 0.0001pt; font-family: 굴림; font-size: 12pt; line-height: 16pt; color: rgb(51, 51, 51); text-overfl","금일 삼성 엔지니어 방문하여 프린터 2대 점검 진행하였습니다 / 1번기기는 방문 당시 정상 작동중으로 점검만 진행하였으며, 2번기기는 정착기 고장으로 유상으로 교체 완료하였습니다",resolved,high,안녕하세요. 유비케어 병원고객팀 김연희입니다. 키오스크 문의내역 전달드립니다. 구분 내용 고객정보 상호명 연세퍼스트이비인후과 고객명 김민기 요양기관기호 13309846 문의자 이름 간호사님 연락 받으실 번호 [PHONE_REDACTED] 문의 내용 및 요청사항 - 이슈: 키오스크에서 처방전출력시 토너가 번져서 출력되어 청소를 해도 계속 번져서 출력된다고 합니다.방문하셔서 점검부탁하십니다. 해당 내역으로 확인부 탁드립니다. 감사합니다,"안녕하세요 에이치앤아이디지탈 김유미입니다. 금일 삼성 엔지니어 방문하여 프린터 2대 점검 진행하였습니다. 1번기기는 방문 당시 정상 작동중으로 점검만 진행하였으며, 2번기기는 정착기 고장으로 유상으로 교체 완료하였습니다. 비용은 총 23만원(출장비 포함) 발생하였습니다. 참고 부탁드립니다",GT 보강 시 재사용 가능,low,"처방전 출력 시 용지가 번져서 출력이 되고, 내부 청소를 해도 동일하게 번져서 출력됨",롤러 청소 이후에도 출력물 번짐현상이 반복될 경우 HNID 이관하여 정착기 등 타 부품 점검 필요,점검결과 정착기 고장으로 판명되어 교체 진행,resolved,,,,,,
clinic_case,191403,3,191403-003,cust:191403,아이웰소아청소년과의원,191403,3,3,7a72c9d651b01380e9a3aaf395d246a0189980c6,hardware,network_connection,네트워크/IP,[통화요청] 키오스크 H/W 통화 요청의 件,2025-12-20 09:19,2025-12-22 11:08,3,TRUE,in_progress,"{""distributor"": 2, ""ubcare"": 1}","[네트워크/IP] 추가로 의원에서 환자 접수 시 수진자 조회 실패 불가 발생한다 하여 해당 문의는 의사랑 고객센터로 접수 안내드렸사오니 참고 부탁드립니다 최신 대응: 엔지니어 방문 전 대리점 담당자가 먼저 방문하여 프록시 설정 비활처리 했으나 동일 증상인 점 확인하여 제조사 방문으로 이어졌습니다 / 점검 결과, 원내에서 잦은 기기 이동으로 인해 랜 커플러가 파손되었던 상태로, 커플러 교체와 케이블 꺾임 방지 가이드에 대한 안내드린 후 철수하였습니다",추가로 의원에서 환자 접수 시 수진자 조회 실패 불가 발생한다 하여 해당 문의는 의사랑 고객센터로 접수 안내드렸사오니 참고 부탁드립니다,"엔지니어 방문 전 대리점 담당자가 먼저 방문하여 프록시 설정 비활처리 했으나 동일 증상인 점 확인하여 제조사 방문으로 이어졌습니다 / 점검 결과, 원내에서 잦은 기기 이동으로 인해 랜 커플러가 파손되었던 상태로, 커플러 교체와 케이블 꺾임 방지 가이드에 대한 안내드린 후 철수하였습니다",in_progress,low,안녕하세요 . 유비케어 병원고객팀 김지은입니다 . 키오스크 문의내역 전달드립니다 . 구분 내용 고객정보 상호명 아이웰소아청소년과의원 고객명 이혜영 요양기관기호 12311987 문의자 이름 접수선생님 연락 받으실 번호 [PHONE_REDACTED] 문의 내용 및 요청사항 - 이슈: 금일 아침부터 키오스크 인터넷 연결이 되지않는다는 팝업뜨고 실행안된다고 문의주셨습니다. 키오스크 랜선 재연결해도 동일하게 인터넷 연결안된다는 팝업뜬다며 방문점검 요청하셨습니다. 축다로 환자 많은 병원이라며 최대한 빠른 연락 요청하셨습니다. 해당 내역으로 확인 부 탁 드립니다,"안녕하세요. 에이치앤아이디지탈 김하은입니다. 금일 점검 내용 공유드립니다. 엔지니어 방문 전 대리점 담당자가 먼저 방문하여 프록시 설정 비활처리 했으나 동일 증상인 점 확인하여 제조사 방문으로 이어졌습니다. 점검 결과, 원내에서 잦은 기기 이동으로 인해 랜 커플러가 파손되었던 상태로, 커플러 교체와 케이블 꺾임 방지 가이드에 대한 안내드린 후 철수하였습니다. 추가로 의원에서 환자 접수 시 수진자 조회 실패 불가 발생한다 하여 해당 문의는 의사랑 고객센터로 접수 안내드렸사오니 참고 부탁드립니다. 김하은 드림. ------------------------------------------ 김 하 은 사원 | ㈜에이치앤아이디지탈 www.hnid.co.kr 서울 금천구 디지털로10길 78 가산테라타워 1441호 Tel [PHONE_REDACTED] Fax [PHONE_REDACTED] Mobile [PH",최종 상태가 resolved가 아님,medium,키오스크 인터넷 연결이 안됨,원내 잦은 기기 이동으로 랜 커플러가 파손되었던 상태임을 확인,커플러 교체 및 케이블 꺾임방지 가이드 장착,resolved,,,,,,
clinic_case,191964,8,191964-008,cust:191964,서현365의원,191964,8,2,553a0fb76a0fec7060b2febc3e98057e0c7a98fb,hardware,payment_card_reader,카드결제/리더기,[통화요청] 키오스크 H/W 통화 요청의 件,2026-01-27 15:13,2026-01-27 16:57,3,TRUE,resolved,"{""ubcare"": 2, ""distributor"": 1}","[카드결제/리더기] 키오스크 정상 사용이 불가한 상황으로 추정되어 가급적 빠르게 대응해 주시면 감사하겠습니다 최신 대응: 서현 365 의원 요양기관번호: 41389808 대표번호: [PHONE_REDACTED] 금요일 방문 예정이라는 안내를 받았으나, 방문 시간에 대한 안내를 받지 못하셨다고 합니다 / 방문 시간 확인을 위해 재연락 요청하셔서 해당 건 이관드립니다",키오스크 정상 사용이 불가한 상황으로 추정되어 가급적 빠르게 대응해 주시면 감사하겠습니다,"서현 365 의원 요양기관번호: 41389808 대표번호: [PHONE_REDACTED] 금요일 방문 예정이라는 안내를 받았으나, 방문 시간에 대한 안내를 받지 못하셨다고 합니다 / 방문 시간 확인을 위해 재연락 요청하셔서 해당 건 이관드립니다",resolved_but_needs_verification,high,"안녕하십니까, 유비케어 운영기획팀 오창훈 매니저입니다 . 경기도 성남시 분당구 소재, 풀 키오스크 1 대 사용중이신 서현 365 의원 ( 요양기관번호 41389808, 대표번호 [PHONE_REDACTED]), 키오스크 이슈 인입되어 내용 전달드립니다 . l 이슈내용 키오스크 전면 카드 리더기 물리부 파손된 것으로 전달받아 HW 점검 위해 이관드립니다 . 키오스크 정상 사용이 불가한 상황으로 추정되어 가급적 빠르게 대응해 주시면 감사하겠습니다","안녕하세요 . 유비케어 병원고객팀 김선민입니다 . 키오스크 관련 문의 건 전달드립니다 . 서현 365 의원 요양기관번호: 41389808 대표번호: [PHONE_REDACTED] 금요일 방문 예정이라는 안내를 받았으나, 방문 시간에 대한 안내를 받지 못하셨다고 합니다 . 방문 시간 확인을 위해 재연락 요청하셔서 해당 건 이관드립니다 . 확인 후 통화 부탁드립니다",최종 조치가 예정/요청 단계로 보임,low,키오스크 전면 카드 리더기 파손,HNID 이관하여 수리요청 진행,수리완료,resolved,,,,,,
clinic_case,192124,1,192124-001,cust:192124,도도소아청소년과,192124,1,0,0f1309ed3ae8e32fd6f26c50d0dddf83a621bec2,payment,setup_configuration,설치/설정,키오스크 H/W 통화 요청의 件,2026-02-06 17:32,2026-02-09 09:39,2,TRUE,resolved,"{""ubcare"": 1, ""distributor"": 1}",[설치/설정] 설정 및 의사랑 환경설정은 이상 없으며 최신 대응: 해당 의원 상세 증상 확인 차 연락드렸으나 금요일에 의사랑 고객센터 원격 지원을 통해 조치 완료되었다고 전달받았습니다,설정 및 의사랑 환경설정은 이상 없으며,해당 의원 상세 증상 확인 차 연락드렸으나 금요일에 의사랑 고객센터 원격 지원을 통해 조치 완료되었다고 전달받았습니다,resolved,high,"안녕하세요 . 유비케어 병원고객팀 강보득솔입니다 . 키오스크 문의 내역 전달 드립니다 . 구분 내용 고객정보 상호명 도도소아청소년과 고객명 김도우 요양기관기호 38354594 문의자 이름 의사랑 담당자 통해 인입 / 유형근 주임 연락 받으실 번호 [PHONE_REDACTED] 문의 내용 및 요청사항 오후부터 모든 환자의 키오스크 결제가 되지 않습니다 . Kscat 설정 및 의사랑 환경설정은 이상 없으며, 카드 인식 없이 0 원으로 수납시에는 잘 넘어갑니다 . 단말기 문제로 추정되어 확인 부탁드립니다 . 방문 일정 고객 안내 부탁드립니다 . 확인 부탁드립니다",안녕하세요 에이치앤아이디지탈 김유미입니다. 해당 의원 상세 증상 확인 차 연락드렸으나 금요일에 의사랑 고객센터 원격 지원을 통해 조치 완료되었다고 전달받았습니다,GT 보강 시 재사용 가능,low,"모든 환자의 키오스크 결제가 되지 않고, 카드 인식 없이 0원으로 수납시에는 잘 넘어감","키오스크 IP설정이 불안정한 경우 수납이 되지 않거나, 수납직후 취소되기도 하며, 0원일 경우 정상 수납되는 증상 있음",키오스크 고정IP 설정 및 진료실 정/부 설정 점검하여 해결,resolved,,,,,,
clinic_case,197481,3,197481-003,cust:197481,365연합소아청소년과의원,197481,3,1,9a55ea129ae18d735264169a02927fc0aca1657c,hardware,payment_card_reader,카드결제/리더기,[통화요청] 키오스크 H/W 통화 요청의 件,2025-12-03 15:29,2025-12-03 15:54,2,TRUE,in_progress,"{""ubcare"": 1, ""distributor"": 1}",[카드결제/리더기] 카드영수증 인쇄가 고르게 출력되지 않아 최신 대응: 의원에서 영수증 롤 용지 교체 후 뚜껑을 제대로 닫지 않아 발생했던 것으로 확인하였습니다,카드영수증 인쇄가 고르게 출력되지 않아,의원에서 영수증 롤 용지 교체 후 뚜껑을 제대로 닫지 않아 발생했던 것으로 확인하였습니다,in_progress,low,안녕하세요 유비케어 병원고객팀 김홍비 입니다 . 키오스크 문의내역 전달드립니다 . 구분 내용 고객정보 상호명 365 연합소아청소년과의원 고객명 이강욱 요양기관기호 38354888 문의자 이름 접수선생님 연락 받으실 번호 01056193365 문의 내용 및 요청사항 - 이슈: 카드영수증 인쇄가 고르게 출력되지 않아 ( 특정부분 희미하게 출력된다고 표현하심 ) 점검 요청하셨습니다 . 해당 내역으로 확인 부 탁 드립니다,안녕하세요. 에이치앤아이디지탈 김하은입니다. 의원에서 영수증 롤 용지 교체 후 뚜껑을 제대로 닫지 않아 발생했던 것으로 확인하였습니다,최종 상태가 resolved가 아님,medium,카드 영수증이 특정부분만 희미하게 출력됨,감열지프린터 용지교체 후 파란색 뚜껑 체결상태 불량으로 제대로 인쇄되지 않고 있었음,뚜껑 강하게 재 체결하여 정상 인쇄 확인하고 종결,resolved,,,,,,
clinic_case,197673,5,197673-005,cust:197673,루원튼튼365소아청소년과의원,197673,5,1,213006afd8291b3c4dd1f4b0377c8f84c554a6e6,hardware,payment_card_reader,카드결제/리더기,[통화요청] 키오스크 H/W 통화 요청의 件,2026-01-12 15:07,2026-01-13 13:26,3,TRUE,resolved,"{""distributor"": 2, ""ubcare"": 1}",[카드결제/리더기] 카드 리딩이 안되는 현상이 발생하였습니다 최신 대응: 금일 제조사 엔지니어 방문드려 카드리더기 교체 진행하였습니다 / 정상 결제까지 확인 후 점검 마무리되었사오니 참고 부탁드립니다,카드 리딩이 안되는 현상이 발생하였습니다,금일 제조사 엔지니어 방문드려 카드리더기 교체 진행하였습니다 / 정상 결제까지 확인 후 점검 마무리되었사오니 참고 부탁드립니다,resolved,high,"안녕하세요 . 유비케어 병원고객팀 안수찬입니다 . 키오스크 문의내역 전달드립니다 . 구분 내용 고객정보 상호명 루원튼튼 365 소아청소년과의원 고객명 고영빈 요양기관기호 41392434 문의자 이름 접수실 선생님 연락 받으실 번호 [PHONE_REDACTED] 문의 내용 및 요청사항 - 이슈: 결제 시 IC 카드 리딩이 안되는 현상이 발생하였습니다 .(IC 결제 시 마다 발생 ) 삼성페이 등 결제는 정상이며, 단말기 확인 요청드립니다 해당 내역으로 확인 부 탁 드립니다",안녕하세요. 에이치앤아이디지탈 김하은입니다. 금일 제조사 엔지니어 방문드려 카드리더기 교체 진행하였습니다. 정상 결제까지 확인 후 점검 마무리되었사오니 참고 부탁드립니다,GT 보강 시 재사용 가능,low,"IC칩 인식 불가, 삼성페이는 정상결제됨",단말기 IC칩 리딩부 노후화로 인한 인식불량 의심,단말기 교체 진행,resolved,,,,,,
clinic_case,198447,1,198447-001,cust:198447,바른소아청소년과의원,198447,1,0,fcb253e75588204de3b9310f6611547a0fc84ad9,hardware,printer_output,프린터/출력,[통화요청] 키오스크(하프) H/W 통화 요청의 件,2025-12-29 16:20,2026-01-02 13:47,3,TRUE,resolved,"{""distributor"": 2, ""ubcare"": 1}","[프린터/출력] 하프 키오스크 영수증 출력 시 백지만 출력됨 최신 대응: 금일 제조사 엔지니어 점검 결과 의원에서 영수증 롤 용지를 반대로 장착해 사용 중이었으며, 영수증 프린터 설정 또한 풀려 있어 재설정 조치하였습니다",하프 키오스크 영수증 출력 시 백지만 출력됨,"금일 제조사 엔지니어 점검 결과 의원에서 영수증 롤 용지를 반대로 장착해 사용 중이었으며, 영수증 프린터 설정 또한 풀려 있어 재설정 조치하였습니다",resolved,medium,"안녕하세요 병원고객팀 김환복입니다 . 키오스크 문의내역 전달드립니다 . - 하프 키오스크 영수증 출력 시 백지만 출력됨 ㄴ지난 12/19 부터 발생 했으며, 현재 사용 불편으로 빠른 점검 요청 하셨습니다 . 구분 내용 고객정보 상호명 바른소아청소년과의원 고객명 진민지 요양기관기호 13323105 문의자 이름 접수선생님 연락 받으실 번호 [PHONE_REDACTED], 전화 연결안되는 경우 [PHONE_REDACTED]( 외래선생님 ) 문의 내용 및 요청사항 - 이슈: 하프 키오스크에서 수납 시 영수증 출력하면 백지 출력 ㄴ 시험인쇄 정상 출력 됨 ㄴ 키오스크에서 외래접수실 실행 영수증 출력 시 정상 출력 됨 해당 병원 전화 통화하여 빠른 점검 일정 협의 요청 드립니다","안녕하세요. 에이치앤아이디지탈 김하은입니다. 금일 제조사 엔지니어 점검 결과 의원에서 영수증 롤 용지를 반대로 장착해 사용 중이었으며, 영수증 프린터 설정 또한 풀려 있어 재설정 조치하였습니다",GT 보강 시 재사용 가능,low,카드 영수증 백지만 출력됨,"영수증 롤 용지가 바른 방향으로 장착되어 있는지 확인 필요, 반대로 장착되어 있으면 열을 받지 못해 백지로 인쇄됨",영수증 롤 용지가 반대로 장착되어 있어 정 위치 장착 후 정상 인쇄되는 점 확인하고 종결,resolved,,,,,,
clinic_case,198566,2,198566-002,cust:198566,서울우림365의원,198566,3,1,e0a0aac7ba2df8025609e99684fd6d9524ddbca1,hardware,device_power_display,전원/화면,[통화요청] 키오스크 H/W 방문 요청 서울우림365의원(중랑),2025-04-18 16:14,2025-04-18 16:14,1,TRUE,resolved,"{""distributor"": 1}","[전원/화면] 제조사 엔지니어 점검 결과, 프록시 설정이 활성화 되어 있어 인터넷 연결이 되지 않았다고 합니다 최신 대응: 제조사 엔지니어 점검 결과, 프록시 설정이 활성화 되어 있어 인터넷 연결이 되지 않았다고 합니다 / 하여, 설정 비활성화 후 재부팅하여 정상 작동되는 점 확인 후 점검 마쳤사오니 참고 부탁드립니다","제조사 엔지니어 점검 결과, 프록시 설정이 활성화 되어 있어 인터넷 연결이 되지 않았다고 합니다","제조사 엔지니어 점검 결과, 프록시 설정이 활성화 되어 있어 인터넷 연결이 되지 않았다고 합니다 / 하여, 설정 비활성화 후 재부팅하여 정상 작동되는 점 확인 후 점검 마쳤사오니 참고 부탁드립니다",resolved,high,"안녕하세요 이윤지 매니저님 에이치앤아이디지탈 김하은입니다. 제조사 엔지니어 점검 결과, 프록시 설정이 활성화 되어 있어 인터넷 연결이 되지 않았다고 합니다. 하여, 설정 비활성화 후 재부팅하여 정상 작동되는 점 확인 후 점검 마쳤사오니 참고 부탁드립니다","안녕하세요 이윤지 매니저님 에이치앤아이디지탈 김하은입니다. 제조사 엔지니어 점검 결과, 프록시 설정이 활성화 되어 있어 인터넷 연결이 되지 않았다고 합니다. 하여, 설정 비활성화 후 재부팅하여 정상 작동되는 점 확인 후 점검 마쳤사오니 참고 부탁드립니다",GT 보강 시 재사용 가능,low,,,,,,,,,,
clinic_case,198566,3,198566-003,cust:198566,서울우림365의원,198566,3,1,bd389451e84d37c08104c8768a22a1a85796f562,hardware,network_connection,네트워크/IP,[통화요청] 키오스크 H/W 방문 요청 서울우림365의원(중랑),2025-09-02 10:42,2025-09-05 13:26,3,TRUE,resolved,"{""distributor"": 2, ""ubcare"": 1}","[네트워크/IP] 키오스크 인터넷 불가 문제 재발생하여 병원고객팀 통해 인입되었습니다 최신 대응: 금일 제조사 엔지니어가 해당 의원 방문하여 확인한 내용 공유드립니다 / 이 문제는 H/W가 아닌 의사랑 프로그램 자체의 문제로 확인되어, 엔지니어가 별도 조치는 하지 않았으며 현재는 정상 작동 중입니다",키오스크 인터넷 불가 문제 재발생하여 병원고객팀 통해 인입되었습니다,"금일 제조사 엔지니어가 해당 의원 방문하여 확인한 내용 공유드립니다 / 이 문제는 H/W가 아닌 의사랑 프로그램 자체의 문제로 확인되어, 엔지니어가 별도 조치는 하지 않았으며 현재는 정상 작동 중입니다",resolved,high,"안녕하십니까, 유비케어 운영기획팀 오창훈 매니저입니다, . 중랑구 서울우림 365 의원, 키오스크 인터넷 불가 문제 재발생하여 병원고객팀 통해 인입되었습니다 . 키오스크 인터넷이 불가하여 병원고객팀에서 별도 점검을 진행하지 못한 점 참고 부탁드리며, 25 년 4 월에 네트워크 설정 변경 통해 정상 작동한 점 고려하여 HW 점검 요청드리오니 확인 및 대응을 부탁드리고자 합니다","안녕하세요 에이치앤아이디지탈 김유미입니다. 금일 제조사 엔지니어가 해당 의원 방문하여 확인한 내용 공유드립니다. 최초 인입 당시 의원에서 간헐적으로 증상이 나타나 지금은 정상 작동 중이라고 하셨습니다. 의원 관계자(남자 선생님) 말씀하신 증상은 바탕화면에 ‘인터넷 불가’ 표시가 보인다는 내용이었고, 이에 따라 엔지니어 방문을 진행하였습니다. 그런데 금일 제조사 엔지니어가 의원 관계자(여자 선생님)와 확인한 결과, 실제 증상은 이와 다른 부분으로 확인되었습니다. 의원에서는 의사랑 프로그램의 ‘접수’ 기능만 사용 중인데, 환자 개인정보 입력 후 ‘다음’ 단계로 넘어가는 과정에서 간헐적으로 진행이 되지 않는 현상이 발생한다고 합니다. 이 문제는 H/W가 아닌 의사랑 프로그램 자체의 문제로 확인되어, 엔지니어가 별도 조치는 하지 않았으며 현재는 정상 작동 중입니다. 다만 증상이 간헐적으로 발생하고 있어",GT 보강 시 재사용 가능,low,,,,,,,,,,
clinic_case,198647,1,198647-001,cust:198647,연세도우리소아청소년과의원,198647,7,1,b2d7d3984b1b8b38861f859c4f44a8864ec6c238,hardware,printer_output,프린터/출력,[통화요청] 키오스크 H/W 통화 요청의 件,2025-06-16 14:46,2025-06-16 15:08,2,TRUE,resolved,"{""ubcare"": 1, ""distributor"": 1}","[프린터/출력] 대 중 한대에서만 테스트페이지도 출력 안되는 증상 발생 최신 대응: 원격 점검 결과, 172 포트 프린터 드라이버 오프라인 상태 확인 및 제어판 내 설정된 프린터 드라이버와 의사랑 H/W 설정된 드라이버가 상이한 점 확인했습니다 / 더불어, 172포트 프린터 드라이버 오프라인 상태로 노출되어 이더넷 확인 시, IP 주소값이 설정되어 있지 않아 재설정 후 키오스크 전원 재부팅하니 테스트 페이지 2장 정상 출력되는 점 확인하였습니다",대 중 한대에서만 테스트페이지도 출력 안되는 증상 발생,"원격 점검 결과, 172 포트 프린터 드라이버 오프라인 상태 확인 및 제어판 내 설정된 프린터 드라이버와 의사랑 H/W 설정된 드라이버가 상이한 점 확인했습니다 / 더불어, 172포트 프린터 드라이버 오프라인 상태로 노출되어 이더넷 확인 시, IP 주소값이 설정되어 있지 않아 재설정 후 키오스크 전원 재부팅하니 테스트 페이지 2장 정상 출력되는 점 확인하였습니다",resolved,high,"안녕하세요 . 유비케어 병원고객팀 윤혜수입니다 . 키오스크 문의내역 전달드립니다 . 구분 내용 고객정보 상호명 연세도우리소아청소년과의원 고객명 김진우 요양기관기호 13313444 문의자 이름 접수실 남자 직원 연락 받으실 번호 [PHONE_REDACTED] 문의 내용 및 요청사항 - 이슈: 키오스크 2 대 중 한대에서만 테스트페이지도 출력 안되는 증상 발생, 의원측에서 USB 재연결 시도하였고, 드라이버 재설치하여도 출력 불가로 s/w 이슈는 아닌 것으로 확인 해당 내역으로 확인부 탁드립니다","안녕하세요, 에이치앤아이디지탈 김하은입니다. 원격 점검 결과, 172 포트 프린터 드라이버 오프라인 상태 확인 및 제어판 내 설정된 프린터 드라이버와 의사랑 H/W 설정된 드라이버가 상이한 점 확인했습니다. 더불어, 172포트 프린터 드라이버 오프라인 상태로 노출되어 이더넷 확인 시, IP 주소값이 설정되어 있지 않아 재설정 후 키오스크 전원 재부팅하니 테스트 페이지 2장 정상 출력되는 점 확인하였습니다. 단순 IP 주소값 오류로 예상되어 의원에는 금일 점검 내용과 함께 안내드렸으니 참고 부탁드립니다",GT 보강 시 재사용 가능,low,"프린터 연결 안됨, 테스트페이지도 출력이 불가한 증상","프린터 드라이버는 키오스크 내에 내장된 드라이버를 사용해야 하며
매뉴얼에 기재된 IP값으로 세팅하여야 함",매뉴얼 대로 설치하여 정상 인쇄되는 점 확인 및 종결,resolved,,,,,,
clinic_case,198647,2,198647-002,cust:198647,연세도우리소아청소년과의원,198647,7,1,2bb76afb65870489db77b13b50ec677be50c9916,hardware,payment_card_reader,카드결제/리더기,[통화요청] 키오스크 H/W 통화 요청의 件,2025-09-19 16:25,2025-09-22 13:33,3,TRUE,resolved,"{""distributor"": 2, ""ubcare"": 1}",[카드결제/리더기] 키오스크2대 쓰시는데 한곳에서만 카드 리더기에서 ic 칩 인식을 못한다고 합니다. 카드 리더기 점검 및 교체 요청 주셨습니다 최신 대응: 해당 의원 금일 제조사 엔지니어 방문하여 카드리더기 교체 완료하였습니다 / 참고 부탁드립니다,키오스크2대 쓰시는데 한곳에서만 카드 리더기에서 ic 칩 인식을 못한다고 합니다. 카드 리더기 점검 및 교체 요청 주셨습니다,해당 의원 금일 제조사 엔지니어 방문하여 카드리더기 교체 완료하였습니다 / 참고 부탁드립니다,resolved,high,안녕하세요 유비케어 병원고객팀 유맑은샘입니다 . 키오스크 문의내역 전달드립니다 . 구분 내용 고객정보 상호명 연세도우리소아청소년과의원 고객명 김진우 요양기관기호 13313444 문의자 이름 접수실 선생님 연락 받으실 번호 02+459-2024 문의 내용 및 요청사항 - 이슈: 키오스크2대 쓰시는데 한곳에서만 카드 리더기에서 ic 칩 인식을 못한다고 합니다. 카드 리더기 점검 및 교체 요청 주셨습니다. 해당 내역으로 확인 부 탁 드립니다,안녕하세요 에이치앤아이디지탈 김유미입니다. 해당 의원 금일 제조사 엔지니어 방문하여 카드리더기 교체 완료하였습니다. 참고 부탁드립니다,GT 보강 시 재사용 가능,low,,,,,,,,,,
clinic_case,198647,3,198647-003,cust:198647,연세도우리소아청소년과의원,198647,7,1,8cc78e83543b1b02a2f504b55929a140c6ef7eb4,hardware,printer_output,프린터/출력,[통화요청] 키오스크 H/W 통화 요청의 件,2025-11-10 10:54,2025-11-11 13:36,3,TRUE,resolved,"{""distributor"": 2, ""ubcare"": 1}",[프린터/출력] 프린터 자체 출력은 정상이나 화면에 '픽업롤러 교체' 문구가 지속적으로 노출되고 있습니다 최신 대응: 해당 의원 금일 삼성 엔지니어 방문하여 픽업롤러 교체 완료하였습니다 / 픽업롤러 교체 + 출장비 포함,프린터 자체 출력은 정상이나 화면에 '픽업롤러 교체' 문구가 지속적으로 노출되고 있습니다,해당 의원 금일 삼성 엔지니어 방문하여 픽업롤러 교체 완료하였습니다 / 픽업롤러 교체 + 출장비 포함,resolved,high,"안녕하세요 유비케어 병원고객팀 서수민입니다 . 키오스크 문의내역 전달드립니다 . 구분 내용 고객정보 상호명 연세도우리소아청소년과의원 고객명 김진우 요양기관기호 13313444 문의자 이름 남자 선생님 연락 받으실 번호 [PHONE_REDACTED] 문의 내용 및 요청사항 - 이슈: 키오스크 프린터 우하단에 주황불로 깜박거리고, 기기에 ‘ 픽업롤러를 교체하십시오 ’ 라고 지속적으로 떠서 점검요청 주셨습니다 . 테스트페이지는 잘 나오고, 기기 재부팅하면 초록불 되었다가 바로 주황불로 돌아오는 현상 반복됩니다 . 해당 내역으로 확인 부 탁 드립니다","안녕하세요 에이치앤아이디지탈 김유미입니다. 해당 의원 금일 삼성 엔지니어 방문하여 픽업롤러 교체 완료하였습니다. 픽업롤러 교체 + 출장비 포함 총 비용은 62, 000원 발생하였습니다. 참고 부탁드립니다",GT 보강 시 재사용 가능,low,,,,,,,,,,
clinic_case,198647,4,198647-004,cust:198647,연세도우리소아청소년과의원,198647,7,1,d0b00c8852bf286ac1808111a0d5b34422dcad91,payment,payment_cancel_refund,결제취소/중복결제,[병원고객팀] 키오스크 로그 수집 및 전달 件,2025-11-24 11:58,2025-11-24 15:15,3,TRUE,resolved,"{""ubcare"": 3}","[결제취소/중복결제] 상호명 요양기관번호(면허번호) 13313444 (118689) 고객(사용자번호) 김진우(198647) 사업자번호 734-90-01855 고객전화번호 병원대표번호 고객 휴대폰 담당자 최현용2 담당대리점 담당자연락처 주소 서울특별시 강남구 삼성로 14 개포자이 프레지던스 216호 해당 병원 11월 23일(일), 차트번호 18384, 오후 12시 14분 ~ 17분 최신 대응: 전달주신 로그 확인결과, 정상 승인요청이 두번 요청된 것으로 확인됩니다 / 요청 들의 실행 순서가 꼬이지 않는 것으로 보아 카드를 꽂은 채로 전 단계로 갔다가 다시 다음으로 결제실행이 된 것으로 보입니다","상호명 요양기관번호(면허번호) 13313444 (118689) 고객(사용자번호) 김진우(198647) 사업자번호 734-90-01855 고객전화번호 병원대표번호 고객 휴대폰 담당자 최현용2 담당대리점 담당자연락처 주소 서울특별시 강남구 삼성로 14 개포자이 프레지던스 216호 해당 병원 11월 23일(일), 차트번호 18384, 오후 12시 14분 ~ 17분","전달주신 로그 확인결과, 정상 승인요청이 두번 요청된 것으로 확인됩니다 / 요청 들의 실행 순서가 꼬이지 않는 것으로 보아 카드를 꽂은 채로 전 단계로 갔다가 다시 다음으로 결제실행이 된 것으로 보입니다",resolved,high,"안녕하십니까. 병원고객팀 이동기입니다. 상호명 연세도우리소아청소년과의원 요양기관번호(면허번호) 13313444 (118689) 고객(사용자번호) 김진우(198647) 사업자번호 734-90-01855 고객전화번호 [PHONE_REDACTED] 병원대표번호 [PHONE_REDACTED] 고객 휴대폰 [PHONE_REDACTED] 담당자 [사원] 최현용2 담당대리점 유비케어(강남) ( 1644-2969 ) 담당자연락처 [PHONE_REDACTED] 주소 서울특별시 강남구 삼성로 14 개포자이 프레지던스 216호 해당 병원 11월 23일(일), 차트번호 18384, 오후 12시 14분 ~ 17분경 중복 결제건으로 문의 주셨습니다. 1. 단말기 프로그램 내 중복결제 및 환자 문자 2번 수신 확인 2. 이후 결제 취소하였으나 1건만 결제 취소 진행됨. 3. 하여 단말기 프로그램 내에서는 결제 2번, 취소","안녕하세요, 모바일페이개발팀 정웅기입니다 . 전달주신 로그 확인결과, 정상 승인요청이 두번 요청된 것으로 확인됩니다 . 요청 들의 실행 순서가 꼬이지 않는 것으로 보아 카드를 꽂은 채로 전 단계로 갔다가 다시 다음으로 결제실행이 된 것으로 보입니다 . 뒤로가기로 인한 결제오동작 이슈로 등록해주시면 관련 기능 개선 방안 논의하여 제품에 적용하겠습니다",GT 보강 시 재사용 가능,low,,,,,,,,,,
clinic_case,198647,5,198647-005,cust:198647,연세도우리소아청소년과의원,198647,7,1,88bc647dbc63f3732386a72202d2a11a34f71c46,hardware,printer_output,프린터/출력,[통화요청] 키오스크 H/W 통화 요청의 件,2025-12-04 09:46,2025-12-04 11:03,4,TRUE,resolved,"{""ubcare"": 2, ""distributor"": 2}",[프린터/출력] 현재 의원 연락이 닿지 않아 기기 확인 불가한 상태로 현장에서 삼성 기사님을 통해 확인할 예정입니다 최신 대응: 금일 삼성 엔지니어 오전 중 방문드려 걸린 용지 제거 후 정상 작동 확인하여 마쳤습니다,현재 의원 연락이 닿지 않아 기기 확인 불가한 상태로 현장에서 삼성 기사님을 통해 확인할 예정입니다,금일 삼성 엔지니어 오전 중 방문드려 걸린 용지 제거 후 정상 작동 확인하여 마쳤습니다,resolved,high,"안녕하세요 유비케어 병원고객팀 장헤정입니다 . 키오스크 문의내역 전달드립니다 . 구분 내용 고객정보 상호명 연세도우리소아청소년과의원 고객명 김진우 요양기관기호 13313444 문의자 이름 남자 선생님 연락 받으실 번호 [PHONE_REDACTED] 문의 내용 및 요청사항 - 이슈: 11/23 부터 키오스크 프린터 용지 걸림 지속 발생, 걸려있는 용지제거 시도 했으나 일부 남아있는 용지조각이 제거되지 않아 점검 요청하셨습니다 . 확인 부탁드립니다 . 해당 내역으로 확인 부 탁 드립니다",안녕하세요. 에이치앤아이디지탈 김하은입니다. 금일 삼성 엔지니어 오전 중 방문드려 걸린 용지 제거 후 정상 작동 확인하여 마쳤습니다,GT 보강 시 재사용 가능,low,,,,,,,,,,
clinic_case,198647,6,198647-006,cust:198647,연세도우리소아청소년과의원,198647,7,1,583ffe17a130e724e6f82329d02f680389c5003f,hardware,payment_cancel_refund,결제취소/중복결제,[통화요청] 키오스크 H/W 통화 요청의 件,2026-01-10 12:14,2026-01-12 09:32,3,TRUE,resolved,"{""ubcare"": 2, ""distributor"": 1}",[결제취소/중복결제] 키오스크 프린터 출력 시 백지만 나옵니다 최신 대응: 현재 원내 담당자분이 계시지 않아 상세 확인은 어려우나 주말 동안 정상 작동되어 방문 취소하셨습니다 / 의사랑 고객센터로도 취소 접수하셨다고 하니 참고 부탁드립니다,키오스크 프린터 출력 시 백지만 나옵니다,현재 원내 담당자분이 계시지 않아 상세 확인은 어려우나 주말 동안 정상 작동되어 방문 취소하셨습니다 / 의사랑 고객센터로도 취소 접수하셨다고 하니 참고 부탁드립니다,resolved,high,"안녕하세요 . 유비케어 병원고객팀 김초원입니다 . 키오스크 문의내역 전달드립니다 . 구분 내용 고객정보 상호명 연세도우리소아청소년과의원 고객명 김진우 요양기관기호 13313444 문의자 이름 원무과 직원 연락 받으실 번호 024592024 문의 내용 및 요청사항 - 이슈: 키오스크 프린터 출력 시 백지만 나옵니다 . 드라이버 재설치, 스풀러 재실행, 프린터 재부팅 후에도 동일하며 프린터 오류도 없어서 점검 요청드립니다 . 해당 내역으로 확인 부 탁드립니다",안녕하세요. 에이치앤아이디지탈 김하은입니다. 현재 원내 담당자분이 계시지 않아 상세 확인은 어려우나 주말 동안 정상 작동되어 방문 취소하셨습니다. 의사랑 고객센터로도 취소 접수하셨다고 하니 참고 부탁드립니다,GT 보강 시 재사용 가능,low,,,,,,,,,,
clinic_case,198647,7,198647-007,cust:198647,연세도우리소아청소년과의원,198647,7,1,49c45e4119206bba227901d075487d2c030fcaf9,software,payment_card_reader,카드결제/리더기,[병원고객팀] 키오스크 오류 로그 확인 件,2026-01-22 08:47,2026-01-22 08:47,1,TRUE,in_progress,"{""ubcare"": 1}","[카드결제/리더기] 해당 환자 수납건의 경우 똑닥 결제방식이 현장결제 인 것으로 확인되었습니다 최신 대응: 차트 불러오기 ( 성공 ) 수납가능 차트 여부 필터링 ( 성공 ) 일반 수납 / 모바일 수납 확인 à 이 단계에서 “ 현장결제 ” 방식의 수납 건이 누락 처리됨 / 수납 내역을 합쳐 화면에 렌더링 ( 화면에 표시할 내역이 없음 ) 똑닥에서 정의되는 결제방식은 “ 모바일 ” / “ 현장 ” / “ 계좌이체 ” 세 가지 방법이 코드상 정의되어 있으나, 실제 프로그램에서 대응하는 방식은 “ 모바일 ” 코드에 한정해서 대응하고 있습니다",해당 환자 수납건의 경우 똑닥 결제방식이 현장결제 인 것으로 확인되었습니다,"차트 불러오기 ( 성공 ) 수납가능 차트 여부 필터링 ( 성공 ) 일반 수납 / 모바일 수납 확인 à 이 단계에서 “ 현장결제 ” 방식의 수납 건이 누락 처리됨 / 수납 내역을 합쳐 화면에 렌더링 ( 화면에 표시할 내역이 없음 ) 똑닥에서 정의되는 결제방식은 “ 모바일 ” / “ 현장 ” / “ 계좌이체 ” 세 가지 방법이 코드상 정의되어 있으나, 실제 프로그램에서 대응하는 방식은 “ 모바일 ” 코드에 한정해서 대응하고 있습니다",in_progress,low,"안녕하세요, 병원부가개발팀 정웅기입니다 . 해당 환자 수납건의 경우, 똑닥 결제방식이 “ 현장결제 ” 인 것으로 확인되었습니다 . 현재 의사랑 키오스크에서는 “ 모바일결제 ” 에 대해서만 인식하고 있어 다음 순서로 렌더링에 실패했습니다 . 차트 불러오기 ( 성공 ) 수납가능 차트 여부 필터링 ( 성공 ) 일반 수납 / 모바일 수납 확인 à 이 단계에서 “ 현장결제 ” 방식의 수납 건이 누락 처리됨 수납 내역을 합쳐 화면에 렌더링 ( 화면에 표시할 내역이 없음 ) 똑닥에서 정의되는 결제방식은 “ 모바일 ” / “ 현장 ” / “ 계좌이체 ” 세 가지 방법이 코드상 정의되어 있으나, 실제 프로그램에서 대응하는 방식은 “ 모바일 ” 코드에 한정해서 대응하고 있습니다 . 현재 모바일결제에 한정하여 똑닥 측에 현장결제로 전환요청을 하는 프로세스가 있습니다 . 초기 요건에서부터 정책적으로 모바일 결제만 사","안녕하세요, 병원부가개발팀 정웅기입니다 . 해당 환자 수납건의 경우, 똑닥 결제방식이 “ 현장결제 ” 인 것으로 확인되었습니다 . 현재 의사랑 키오스크에서는 “ 모바일결제 ” 에 대해서만 인식하고 있어 다음 순서로 렌더링에 실패했습니다 . 차트 불러오기 ( 성공 ) 수납가능 차트 여부 필터링 ( 성공 ) 일반 수납 / 모바일 수납 확인 à 이 단계에서 “ 현장결제 ” 방식의 수납 건이 누락 처리됨 수납 내역을 합쳐 화면에 렌더링 ( 화면에 표시할 내역이 없음 ) 똑닥에서 정의되는 결제방식은 “ 모바일 ” / “ 현장 ” / “ 계좌이체 ” 세 가지 방법이 코드상 정의되어 있으나, 실제 프로그램에서 대응하는 방식은 “ 모바일 ” 코드에 한정해서 대응하고 있습니다 . 현재 모바일결제에 한정하여 똑닥 측에 현장결제로 전환요청을 하는 프로세스가 있습니다 . 초기 요건에서부터 정책적으로 모바일 결제만 사",최종 상태가 resolved가 아님,medium,,,,,,,,,,
clinic_case,198647/198506,1,198647/198506-001,cust:198647/198506,연세도우리소아청소년과 / 에이플소아청소년과의원,198647/198506,1,1,226360af2fb9184eb08a4798e94ca358b54ecb2b,payment,payment_cancel_refund,결제취소/중복결제,[의사랑 키오스크] 카드 승인내역 취소 처리 대응방안 공유,2025-04-11 09:45,2025-04-11 09:45,1,FALSE,in_progress,"{""ubcare"": 1}",[결제취소/중복결제] 파일에는 해당 처리가 안되있어 최신 대응: 키오스크 내부에서 수납관련 이슈건 중 확인이 필요한 부분이 있어 공유드립니다 / 그리고 추가적으로 연세도우리소아청소년과의원과 에이플소아청소년과의원의 경우 원격을 통해 YsrMobileSelfCounter 에 추가로그 적재되는 파일을 교체진행하였어서 현재까지 발생한 로그파일 내용을 공유부탁드립니다,파일에는 해당 처리가 안되있어,키오스크 내부에서 수납관련 이슈건 중 확인이 필요한 부분이 있어 공유드립니다 / 그리고 추가적으로 연세도우리소아청소년과의원과 에이플소아청소년과의원의 경우 원격을 통해 YsrMobileSelfCounter 에 추가로그 적재되는 파일을 교체진행하였어서 현재까지 발생한 로그파일 내용을 공유부탁드립니다,in_progress,low,안녕하세요 제약부가개발팀 이승호입니다 . 키오스크 내부에서 수납관련 이슈건 중 확인이 필요한 부분이 있어 공유드립니다 . 먼저 첫번쨰로 미수환불 금액이 발생되시는 환자분의 경우 현재 배포되있는 YsrMobileSelfCounter 파일에는 해당 처리가 안되있어 수납이슈가 발생됩니다 . 두번쨰로 선택의료급여기관 지정 환자의 경우 지정되지 의원을 방문시 수진자조회 실패로 발생하게 되며 수납이슈가 발생하게 됩니다 . 그리고 추가적으로 연세도우리소아청소년과의원과 에이플소아청소년과의원의 경우 원격을 통해 YsrMobileSelfCounter 에 추가로그 적재되는 파일을 교체진행하였어서 현재까지 발생한 로그파일 내용을 공유부탁드립니다,안녕하세요 제약부가개발팀 이승호입니다 . 키오스크 내부에서 수납관련 이슈건 중 확인이 필요한 부분이 있어 공유드립니다 . 먼저 첫번쨰로 미수환불 금액이 발생되시는 환자분의 경우 현재 배포되있는 YsrMobileSelfCounter 파일에는 해당 처리가 안되있어 수납이슈가 발생됩니다 . 두번쨰로 선택의료급여기관 지정 환자의 경우 지정되지 의원을 방문시 수진자조회 실패로 발생하게 되며 수납이슈가 발생하게 됩니다 . 그리고 추가적으로 연세도우리소아청소년과의원과 에이플소아청소년과의원의 경우 원격을 통해 YsrMobileSelfCounter 에 추가로그 적재되는 파일을 교체진행하였어서 현재까지 발생한 로그파일 내용을 공유부탁드립니다,최종 상태가 resolved가 아님,medium,,,,,,,,,,
clinic_case,198719,1,198719-001,cust:198719,연세오케이정형외과의원,198719,3,1,02f0abb029ecc1720dd9ca5113ba208dd8485fef,hardware,device_power_display,전원/화면,[사업기획팀] 의사랑 키오스크 점검 요청의 건,2025-04-17 09:45,2025-04-29 13:16,11,TRUE,resolved,"{""ubcare"": 6, ""distributor"": 5}","[전원/화면] 키오스크 이름 등록 실패 최신 대응: 해당 고객 금일 키오스크 ( 하프 ) 기기 전체 교체 진행했으나, 키오스크 터치 불가 현상 발생됩니다 / 최신버전 확인 하였으며 창모드로 변경하여 원격으로 모니터링 중 입니다",키오스크 이름 등록 실패,"해당 고객 금일 키오스크 ( 하프 ) 기기 전체 교체 진행했으나, 키오스크 터치 불가 현상 발생됩니다 / 최신버전 확인 하였으며 창모드로 변경하여 원격으로 모니터링 중 입니다",resolved,medium,"안녕하십니까, 유비케어 사업기획팀 오창훈 매니저입니다 . 연세오케이정형외과 의사랑 키오스크 점검 요청드립니다 . ■ 연세오케이정형외과 _ 하프키오스크 1 대 사용 중 1) 인입내용: 4/9( 수 ) 납품된 의원으로 키오스크 사용 중 지속적으로 전원 꺼지는 현상 발생하여 인입 2) 요청사항: HW 부 점검 3) 연락처: [PHONE_REDACTED]( 병의원 ) 상기의원 키오스크 납품으로부터 일주일 정도 지난 의원으로 사용중 지속적인 전원꺼짐 현상으로 대리점 통해 인입되었습니다 . HW 점검 요청드리오니 확인 및 대응 부탁드립니다","안녕하세요 병원고객팀 강보득솔입니다 . 해당 고객 금일 키오스크 ( 하프 ) 기기 전체 교체 진행했으나, 키오스크 터치 불가 현상 발생됩니다 . 최신버전 확인 하였으며 창모드로 변경하여 원격으로 모니터링 중 입니다 . 담당자에게 전달받은 동영상 발송 드립니다 . 화질이 많이 깨져보입니다 . 제가 직접 보지 못했지만, 기존에 이슈 공유드렸던 서울정형외과와 현상으로만 봤을때는 비슷한거 같습니다 . 참고 부탁드립니다",이슈 요약 근거가 약함,low,,,,,,,,,,
clinic_case,198719,2,198719-002,cust:198719,연세오케이정형외과의원,198719,3,1,1432c0a3833ed59497b5d6433396baf71fadce50,hardware,network_connection,네트워크/IP,키오스크 H/W점검 방문 일자 공유드립니다,2025-05-08 16:50,2025-05-09 15:34,4,TRUE,resolved,"{""distributor"": 2, ""ubcare"": 2}","[네트워크/IP] 해당 의원에서 인터넷 연결이 불가하다고 하여 최신 대응: 의사랑은 고정 IP 기반으로 정상적으로 동작되게 되어 있습니다 / 참고로, 인터넷이 되지 않은 상황에서는 별도의 사전 재발 방지 대응은 어려울 것 같습니다",해당 의원에서 인터넷 연결이 불가하다고 하여,"의사랑은 고정 IP 기반으로 정상적으로 동작되게 되어 있습니다 / 참고로, 인터넷이 되지 않은 상황에서는 별도의 사전 재발 방지 대응은 어려울 것 같습니다",resolved,high,"안녕하세요 에이치앤아이디지탈 김유미입니다. 연세오케이정형외과의원(원주) 의원 대리점 담당자를 통해 직접 인입된 내용 공유드립니다. 해당 의원에서 인터넷 연결이 불가하다고 하여 원격으로 확인해보려 하였으나, 접속이 불가하였습니다. 의원 담당자와 통화한 결과, 키오스크 전원은 켜지나 오류 문구가 발생한다고 합니다. 이에 따라 제조사 엔지니어 방문이 필요하다고 판단되어 익일 오전 방문 예정입니다. 또한, 대리점 담당자에게는 추후 인입건은 '의사랑'을 통해 접수해 주시도록 안내하였습니다. 점검 후 결과는 다시 공유드리겠습니다","안녕하십니까 제약부가기획팀 허지운입니다 . 아래 문의사항에 대하여 답변드립니다 . 의사랑은 고정 IP 기반으로 정상적으로 동작되게 되어 있습니다 . 자동 IP 로 진행시 수진자 조회, 수납 오류 등 다른 오류가 발생될 확률이 증가될 수 있습니다 . 이에, 현재 자동 IP 로 되어 있는 IP 를 고정 IP 변경하는게 좋을 것 같습니다 . 참고로, 인터넷이 되지 않은 상황에서는 별도의 사전 재발 방지 대응은 어려울 것 같습니다 . 만약, 고정 IP 를 잡고 충돌이 나는지 확인이 되어야 할 것 같으며, 충돌시 병원내 동시 사용하는 IP 확인이 필요할 것 같습니다 . @ 강보득솔 시매님 - 대리점 담당자를 통하여 고정 IP 로 변경할 수 있도록 부탁드립니다",GT 보강 시 재사용 가능,low,,,,,,,,,,
clinic_case,198719,3,198719-003,cust:198719,연세오케이정형외과의원,198719,3,1,1727c5f9319238d1c2e5c8de17e60696dc7d452a,hardware,generic_check_request,점검/문의,[사업기획팀] 의사랑 키오스크 점검 요청의 건,2025-05-26 09:55,2025-05-26 09:55,1,TRUE,in_progress,"{""ubcare"": 1}","[점검/문의] 터치 불가 현상이 인입되지 않은 것으로 확인되었습니다 최신 대응: 4/29 창모드 세팅 이후, 터치 불가 현상이 인입되지 않은 것으로 확인되었습니다 / 현재 대응 종료로 전환하고, 추후 동일 이슈 인입 시 대응하는 것이 어떨지 의견드립니다",터치 불가 현상이 인입되지 않은 것으로 확인되었습니다,"4/29 창모드 세팅 이후, 터치 불가 현상이 인입되지 않은 것으로 확인되었습니다 / 현재 대응 종료로 전환하고, 추후 동일 이슈 인입 시 대응하는 것이 어떨지 의견드립니다",in_progress,low,"안녕하십니까, 모바일페이개발팀 정재원입니다 . 4/29 창모드 세팅 이후, 터치 불가 현상이 인입되지 않은 것으로 확인되었습니다 . 화면 모드에 따라 기능 차이는 없기에, 일시적으로 발생한 현상으로 판단됩니다 . 현재 대응 종료로 전환하고, 추후 동일 이슈 인입 시 대응하는 것이 어떨지 의견드립니다 . 추가로, 현재 창모드를 전체화면으로 전환 부탁드립니다 . 문의사항 있으시면, 회신 부탁드립니다","안녕하십니까, 모바일페이개발팀 정재원입니다 . 4/29 창모드 세팅 이후, 터치 불가 현상이 인입되지 않은 것으로 확인되었습니다 . 화면 모드에 따라 기능 차이는 없기에, 일시적으로 발생한 현상으로 판단됩니다 . 현재 대응 종료로 전환하고, 추후 동일 이슈 인입 시 대응하는 것이 어떨지 의견드립니다 . 추가로, 현재 창모드를 전체화면으로 전환 부탁드립니다 . 문의사항 있으시면, 회신 부탁드립니다",최종 상태가 resolved가 아님,high,,,,,,,,,,
clinic_case,199617,1,199617-001,cust:199617,우리모두의원,199617,2,0,82c25d8dd91defa2e1763d4e4f2e03bc5921f1c5,hardware,payment_card_reader,카드결제/리더기,[병원고객팀] 키오스크 결제/출력 장애 현상 로그 확인 요청,2025-12-12 10:29,2025-12-12 12:23,4,TRUE,resolved,"{""ubcare"": 4}",[카드결제/리더기] (41394038) 에서 발생한 키오스크 결제 출력 장애 현상에 대한 로그 확인 요청드립니다 최신 대응: 결제 정상 처리 성공 인쇄 요청 성공 로그상으로는 진행에 문제가 없었던 것으로 보입니다 / 혹 결제이슈가 확실하다면 다른 환자였는지 확인 부탁 드립니다,(41394038) 에서 발생한 키오스크 결제 출력 장애 현상에 대한 로그 확인 요청드립니다,결제 정상 처리 성공 인쇄 요청 성공 로그상으로는 진행에 문제가 없었던 것으로 보입니다 / 혹 결제이슈가 확실하다면 다른 환자였는지 확인 부탁 드립니다,resolved,high,"안녕하십니까, 병원고객팀 오창주입니다 . 우리모두의원 (41394038) 에서 발생한 키오스크 결제 / 출력 장애 현상에 대한 로그 확인 요청드립니다 . 해당 의원에서는 2~3 주 전부터 거의 매일 아침 결제가 되지 않거나, 결제는 되었으나 처방전 출력이 되지 않는 문제가 반복되고 있습니다 . 키오스크 전원을 재부팅하면 일시적으로 정상동작하나, 다시 동일 증상이 발생하여 하루 2~3 회 재부팅하는 경우도 있다고 합니다 . 또한 재부팅 후 다음 환자 수납 시 직전에 출력되지 않았던 환자의 처방전도 동시에 출력된다고 합니다 . 장애 발생 비율은 결제 장애와 출력 장애가 50: 50 정도라고 합니다 . 현재 원격 점검 시 동일 증상이 재현되지 않아, 오늘 실제로 발생한 환자 정보와 로그 파일을 첨부드립니다 . 차트번호 69007 환자: 결제 장애 차트번호 25733 환자: 결제는 되었으나 처방전 출력","추가 확인주신 67192 환자 정보입니다 . 결제 정상 처리 성공 인쇄 요청 성공 로그상으로는 진행에 문제가 없었던 것으로 보입니다 . 다만, 이전에 설명드린 것과 같이 프린터에서 인쇄불량이 발생한 경우는 S/W 로그로는 확인이 되지 않아 결제이슈가 아니라 인쇄 문제였다면 이슈가 있었을 수도 있습니다 . 차트번호와 무관하게 VAN 로그 기준으로는 5 건이 실행되고 문제가 없었던 것으로 보입니다 . 혹 결제이슈가 확실하다면 다른 환자였는지 확인 부탁 드립니다",GT 보강 시 재사용 가능,low,,,,,,,,,,
clinic_case,199617,2,199617-002,cust:199617,우리모두의원,199617,2,0,db7fb31a8877ecd9f1430c2dc83940104bd1de17,hardware,payment_card_reader,카드결제/리더기,[통화요청] 키오스크 H/W 통화 요청의 件,2025-12-12 13:06,2025-12-15 08:05,5,TRUE,resolved,"{""ubcare"": 3, ""distributor"": 2}","[카드결제/리더기] 결제는 되었으나 처방전 출력이 되지 않는 문제가 반복되고 있습니다 최신 대응: 이전에 회신 드렸던 로그 스샷 등으로 인쇄요청까지 정상 처리 되었고, 인쇄요청은 윈도우 OS 에 요청을 날릴 뿐 프린터 처리결과 응답을 받지 않기에 인쇄요청 후 완료로 넘어가게 됩니다 / 오창주매니저님 원격 보실 떄 같이 보기로 했었는데, 같이 프린터 로그 남은 것이 있는 지 확인해 볼 예정입니다",결제는 되었으나 처방전 출력이 되지 않는 문제가 반복되고 있습니다,"이전에 회신 드렸던 로그 스샷 등으로 인쇄요청까지 정상 처리 되었고, 인쇄요청은 윈도우 OS 에 요청을 날릴 뿐 프린터 처리결과 응답을 받지 않기에 인쇄요청 후 완료로 넘어가게 됩니다 / 오창주매니저님 원격 보실 떄 같이 보기로 했었는데, 같이 프린터 로그 남은 것이 있는 지 확인해 볼 예정입니다",resolved,high,"안녕하세요 . 유비케어 병원고객팀 오창주 입니다 . 키오스크 문의내역 전달드립니다 . 구분 내용 고객정보 상호명 우리모두의원 고객명 김윤모 요양기관기호 41394038 문의자 이름 여자 직원 연락 받으실 번호 [PHONE_REDACTED] 문의 내용 및 요청사항 - 이슈: 2~3 주 전부터 거의 매일 아침 결제가 되지 않거나, 결제는 되었으나 처방전 출력이 되지 않는 문제가 반복되고 있습니다 . 키오스크 전원을 재부팅하면 일시적으로 정상동작하나, 다시 동일 증상이 발생하여 하루 2~3 회 재부팅하는 경우도 있다고 합니다 . 또한 재부팅 후 다음 환자 수납 시 직전에 출력되지 않았던 환자의 처방전도 동시에 출력된다고 합니다 . 장애 발생 비율은 결제 장애와 출력 장애가 50: 50 정도라고 합니다 . S/W 점검 및 로그 확인했으나, 프린터 기계로 출력 명령은 정상 전달되었습니다 . H/W 점검 ","안녕하세요, 모바일페이개발팀 정웅기입니다 . 최근 인쇄 이슈 관련하여 HNID 측과의 소통이 맴도는 느낌이 있는데, 개발팀 확인이 진행된 후 이관되는 건들은 개발에서 회신 드렸던 내용도 같이 전달해 주시면 좀 더 원활하게 진행이 될 듯 합니다 . 전달 내용에 로그 분석내용이 포함되지 않다 보니 HNID 에서도 저희 쪽에서 내용검토가 부족한 상태라고 느끼는 것 같네요 아래 메일내용 기준으로도 S/W 프로세스는 알지 못하는 상태에서 눈에 보이는 증상 – 결제문자는 수신, 인쇄는 안됨 – 으로 판단을 하다 보니 또다시 추측을 기반으로 재검토 요청을 하는 상황으로 보입니다 . 이전에 회신 드렸던 로그 스샷 등으로 인쇄요청까지 정상 처리 되었고, 인쇄요청은 윈도우 OS 에 요청을 날릴 뿐 프린터 처리결과 응답을 받지 않기에 인쇄요청 후 완료로 넘어가게 됩니다 . S/W 자체적으로 프린터 큐를 저장하는 기",GT 보강 시 재사용 가능,low,,,,,,,,,,
clinic_case,199643,1,199643-001,cust:199643,연세온가족소아청소년과의원,199643,3,0,3d2785f450c19367e9691955448554c7a555728d,hardware,payment_card_reader,카드결제/리더기,[통화요청] 키오스크 H/W 통화 요청의 件,2025-05-03 12:03,2025-05-09 16:14,6,TRUE,resolved,"{""ubcare"": 3, ""distributor"": 3}","[카드결제/리더기] 키오스크 네트워크 끊겼다 연결된 이후로 프린터기 출력 안됩니다 최신 대응: è 풀 키오스크 사용처이고, “프린터대역 IP ” 네트워크 어댑터를 “사용 안 함”으로 설정 후 테스트 시 수납 처리 완료되는 것 확인 ( 프린터 대역을 끊었으므로 출력은 실패 ) 금일 오태민 매니저님 통하여, 해당 의원에서 수납 / 출력 모두 정상 동작하였다고 전달 받음 ( 작일 점검 후, 다른 조치 없었음 ) 수납 처리 시, 키오스크의 IP 와 의사랑 환경설정에 등록된 PC 정보를 비교하여 일치하는 IP 를 추출합니다 / 프린터 대역 IP 가 영향을 줄 수 ",키오스크 네트워크 끊겼다 연결된 이후로 프린터기 출력 안됩니다,"è 풀 키오스크 사용처이고, “프린터대역 IP ” 네트워크 어댑터를 “사용 안 함”으로 설정 후 테스트 시 수납 처리 완료되는 것 확인 ( 프린터 대역을 끊었으므로 출력은 실패 ) 금일 오태민 매니저님 통하여, 해당 의원에서 수납 / 출력 모두 정상 동작하였다고 전달 받음 ( 작일 점검 후, 다른 조치 없었음 ) 수납 처리 시, 키오스크의 IP 와 의사랑 환경설정에 등록된 PC 정보를 비교하여 일치하는 IP 를 추출합니다 / 프린터 대역 IP 가 영향을 줄 수 ",resolved,high,안녕하세요 . 유비케어 병원고객팀 홍민영 입니다 . 키오스크 HW 점검요청 드립니다 . 구분 내용 고객정보 상호명 연세온가족소아청소년과의원 고객명 전진 요양기관기호 41394658 문의자 이름 접수실 선생님 연락 받으실 번호 031- 778-7515 문의 내용 및 요청사항 키오스크 네트워크 끊겼다 연결된 이후로 프린터기 출력 안됩니다 . 드라이버 재설치 시도시 인터넷 연결되어있지 않다고 나오며 연결 불가능합니다 . 해당 내역으로 확인 부탁드립니다,"안녕하십니까, 모바일페이개발팀 정재원입니다 . 작일 오태민 매니저님과 함께 공동으로 확인한 사항 공유드립니다 . Kscat 모듈 결제 승인 / 취소 성공 확인 키오스크 플레이어에서 수납 실패 확인 è 수납 과정에서 "" 현재 PC 정보를 불러오지 못했습니다 ."" 로그 확인함 è 풀 키오스크 사용처이고, “프린터대역 IP ” 네트워크 어댑터를 “사용 안 함”으로 설정 후 테스트 시 수납 처리 완료되는 것 확인 ( 프린터 대역을 끊었으므로 출력은 실패 ) 금일 오태민 매니저님 통하여, 해당 의원에서 수납 / 출력 모두 정상 동작하였다고 전달 받음 ( 작일 점검 후, 다른 조치 없었음 ) 수납 처리 시, 키오스크의 IP 와 의사랑 환경설정에 등록된 PC 정보를 비교하여 일치하는 IP 를 추출합니다 . 프린터 대역 IP 가 영향을 줄 수 있다고 생각하였으나, 이와 별개로 네트워크 IP 자체를 제대로 못 ",GT 보강 시 재사용 가능,low,,,,,,,,,,
clinic_case,199643,2,199643-002,cust:199643,연세온가족소아청소년과의원,199643,3,0,a08fbd8044471777cdc90803d2e5b908bfcf071b,hardware,payment_card_reader,카드결제/리더기,[통화요청] 키오스크 H/W 통화 요청의 件,2025-07-17 09:56,2025-08-05 09:49,12,TRUE,resolved,"{""ubcare"": 8, ""distributor"": 4}","[카드결제/리더기] 키오스크에서 카드결제서명 후 수납실패뜸 최신 대응: 해당 의원 조치 완료되어 내용 공유드립니다 / 이후 IPTIME 회선으로 재연결하면서 정상적으로 작동되었으며, 현재는 키오스크 전원 및 의사랑 프로그램 모두 정상적으로 사용 가능한 상태입니다",키오스크에서 카드결제서명 후 수납실패뜸,"해당 의원 조치 완료되어 내용 공유드립니다 / 이후 IPTIME 회선으로 재연결하면서 정상적으로 작동되었으며, 현재는 키오스크 전원 및 의사랑 프로그램 모두 정상적으로 사용 가능한 상태입니다",resolved,high,안녕하세요 . 유비케어 병원고객팀 황정안입니다 . 키오스크 문의내역 전달드립니다 . 구분 내용 고객정보 상호명 연세온가족소아청소년과의원 고객명 전진 요양기관기호 41394658 문의자 이름 접수실 선생님 연락 받으실 번호 [PHONE_REDACTED] ( 의원 연락처 ) 문의 내용 및 요청사항 키오스크에서 카드결제서명 후 수납실패뜸 . 키오스크 h/w 설정 및 kscat 설정 확인시 이상 없음 해당 내역으로 확인부 탁드립니다,"안녕하세요 에이치앤아이디지탈 김유미입니다. 해당 의원 조치 완료되어 내용 공유드립니다. 의원에서는 현재 두 개의 LAN선(LG, IPTIME)을 사용 중이신데, 최근 키오스크 위치를 이동하면서 LAN선을 변경해 사용한 이후 전원은 켜지나 의사랑 프로그램이 실행되지 않았다고 합니다. 의원 담당자와 통화한 결과, 이동한 위치에서 키오스크와 연결을 시도한 LAN선이 의사랑 프로그램과 연동되지 않은 LG 회선으로 연결되어 있었던 것 같습니다. 이후 IPTIME 회선으로 재연결하면서 정상적으로 작동되었으며, 현재는 키오스크 전원 및 의사랑 프로그램 모두 정상적으로 사용 가능한 상태입니다",GT 보강 시 재사용 가능,low,,,,,,,,,,
clinic_case,199643,3,199643-003,cust:199643,연세온가족소아청소년과의원,199643,3,0,9934be593870a645f34aa688446e88faa6a86afa,hardware,payment_cancel_refund,결제취소/중복결제,[통화요청] 키오스크 H/W 통화 요청의 件,2025-10-10 09:27,2025-10-21 16:35,6,TRUE,resolved,"{""distributor"": 4, ""ubcare"": 2}","[결제취소/중복결제] 프린터 용지 걸림 증상으로 출력 불가 최신 대응: 금일 제조사 엔지니어가 의원에 방문하여 점검 진행하였습니다 / 현장 확인 결과, 현재는 결제가 정상적으로 이루어지고 있었으며 의사랑 프로그램 업데이트로 인해 일시적으로 결제가 불가했던 것으로 추정 됩니다",프린터 용지 걸림 증상으로 출력 불가,"금일 제조사 엔지니어가 의원에 방문하여 점검 진행하였습니다 / 현장 확인 결과, 현재는 결제가 정상적으로 이루어지고 있었으며 의사랑 프로그램 업데이트로 인해 일시적으로 결제가 불가했던 것으로 추정 됩니다",resolved,high,"안녕하세요 유비케어 병원고객팀 김지은 매니저입니다 . 키오스크 문의내역 전달드립니다 . 구분 내용 고객정보 상호명 연세온가족소아청소년과의원 고객명 전진 요양기관기호 41394658 문의자 이름 병원직원 연락 받으실 번호 [PHONE_REDACTED] 문의 내용 및 요청사항 - 이슈: 프린터 용지 걸림 증상으로 출력 불가 . 걸린 용지 제거해도 계속해서 용지 걸린다하시며, 롤러 닦아봐도 반복되고 있어 h/w 점검 요청하심 해당 내역으로 확인 부 탁 드립니다","안녕하세요 에이치앤아이디지탈 김유미입니다. 금일 제조사 엔지니어가 의원에 방문하여 점검 진행하였습니다. 현장 확인 결과, 현재는 결제가 정상적으로 이루어지고 있었으며 의사랑 프로그램 업데이트로 인해 일시적으로 결제가 불가했던 것으로 추정 됩니다. 엔지니어가 키오스크 전반을 점검하였으나 이상은 없었으며, 출장비 66, 000원 발생하였습니다. 참고 부탁드립니다",GT 보강 시 재사용 가능,low,,,,,,,,,,
clinic_case,199679,1,199679-001,cust:199679,백민기 아이사랑 비뇨의학과의원,199679,1,0,f5cc07a3afb93e37e78e0504d823200583618ebd,software,software_update_or_log,SW업데이트/로그,[통화요청] 키오스크 H/W 통화 요청의 件,2025-05-08 17:47,2025-05-16 09:30,6,TRUE,resolved,"{""ubcare"": 4, ""distributor"": 2}",[SW업데이트/로그] 개월 전부터는 키오스크 종료가 안되는 경우가 굉장히 잦게 발생한다고 문의하셨습니다 최신 대응: 업데이트 로그를 수집하기 위한 경로 안내드립니다 / ( 기존 키오스크 로그 수집 경로와 별도 ) [ 로그 수집 경로 ] ~\YSR2000\YSRKiosk\Kiosk\ Launcher \log 위 경로는 앱 로그가 아닌 런처 로그입니다,개월 전부터는 키오스크 종료가 안되는 경우가 굉장히 잦게 발생한다고 문의하셨습니다,업데이트 로그를 수집하기 위한 경로 안내드립니다 / ( 기존 키오스크 로그 수집 경로와 별도 ) [ 로그 수집 경로 ] ~\YSR2000\YSRKiosk\Kiosk\ Launcher \log 위 경로는 앱 로그가 아닌 런처 로그입니다,resolved,medium,"안녕하세요 . 유비케어 병원고객팀 장혜정 입니다 . 키오스크 HW 점검요청 드립니다 . . 구분 내용 고객정보 상호명 백민기 아이사랑 비뇨기의학과의원 고객명 백민기 요양기관기호 13315919 문의자 이름 접수 선생님 연락 받으실 번호 [PHONE_REDACTED], [PHONE_REDACTED] 문의 내용 및 요청사항 병원에서 처음 키오스크를 구매하셨을 때부터 키오스크 종료가 잘 안됐었고 최근 3 개월 전부터는 키오스크 종료가 안되는 경우가 굉장히 잦게 발생한다고 문의하셨습니다 . 원격으로 점검 위해 안내드렸으나 원격으로 들어가는 설정도 언제부터 안된다고 하셔 원격 자체가 불가능한 상황입니다 . 바쁘시겠지만 점검 부탁드리겠습니다","안녕하십니까, 모바일페이개발팀 정재원입니다 . “ 관리자 화면 진입 안됨 ” 현상의 경우, 지난 정기 2 차에 자동 업데이트 실패 시 재시도하는 기능을 추가했습니다 . 해당 의원에선 보완 기능이 들어갔음에도 자동 업데이트 시, 관리자 쪽 파일이 누락된 것으로 보이며 로그 수집을 통한 분석이 필요합니다 . 업데이트 로그를 수집하기 위한 경로 안내드립니다 . ( 기존 키오스크 로그 수집 경로와 별도 ) [ 로그 수집 경로 ] ~\YSR2000\YSRKiosk\Kiosk\ Launcher \log 위 경로는 앱 로그가 아닌 런처 로그입니다 . 런처에서 업데이트를 수행하기에, 해당 로그가 필요합니다 . 동일 이슈 인입 시, 로그 전달 부탁드립니다",GT 보강 시 재사용 가능,low,,,,,,,,,,
clinic_case,200192,1,200192-001,cust:200192,유키즈소아청소년과,200192,2,1,3b13470159c9ea11eb72b59761f600684ce7eb60,hardware,payment_card_reader,카드결제/리더기,[통화요청] 키오스크 H/W 통화 요청의 件,2025-12-15 15:17,2025-12-15 15:17,1,TRUE,in_progress,"{""ubcare"": 1}","[카드결제/리더기] 오류 팝업이 뜨면서 카드 결제가 진행되지 않습니다 최신 대응: 하기 의원 어제부터 결제가 진행되지 않는 증상으로 점검 요청 드립니다 / - H/W 설정, Kscat 재실행, 포트 등 환경설정 확인, 전체환경설정의 PC 정보 확인 후 키오스크 재부팅 진행해봐도 같은 현상으로 이관드립니다",오류 팝업이 뜨면서 카드 결제가 진행되지 않습니다,"하기 의원 어제부터 결제가 진행되지 않는 증상으로 점검 요청 드립니다 / - H/W 설정, Kscat 재실행, 포트 등 환경설정 확인, 전체환경설정의 PC 정보 확인 후 키오스크 재부팅 진행해봐도 같은 현상으로 이관드립니다",in_progress,low,"안녕하세요, 유비케어 병원고객팀 이예지 입니다 . 하기 의원 어제부터 결제가 진행되지 않는 증상으로 점검 요청 드립니다 . 구분 내용 고객정보 상호명 유키즈소아청소년과 ( 유승은 ) 고객명 유승은 요양기관기호 41395301 문의자 이름 원무과 선생님 연락 받으실 번호 [PHONE_REDACTED] / [PHONE_REDACTED] 문의 내용 및 요청사항 - 증상: 어제 11 시 이후부터 키오스크 결제 시도 시 사용할 수 없는 카드입니다 . 오류 팝업이 뜨면서 카드 결제가 진행되지 않습니다 . - H/W 설정, Kscat 재실행, 포트 등 환경설정 확인, 전체환경설정의 PC 정보 확인 후 키오스크 재부팅 진행해봐도 같은 현상으로 이관드립니다 . 해당 내역으로 확인 부 탁 드립니다 . 이상입니다","안녕하세요, 유비케어 병원고객팀 이예지 입니다 . 하기 의원 어제부터 결제가 진행되지 않는 증상으로 점검 요청 드립니다 . 구분 내용 고객정보 상호명 유키즈소아청소년과 ( 유승은 ) 고객명 유승은 요양기관기호 41395301 문의자 이름 원무과 선생님 연락 받으실 번호 [PHONE_REDACTED] / [PHONE_REDACTED] 문의 내용 및 요청사항 - 증상: 어제 11 시 이후부터 키오스크 결제 시도 시 사용할 수 없는 카드입니다 . 오류 팝업이 뜨면서 카드 결제가 진행되지 않습니다 . - H/W 설정, Kscat 재실행, 포트 등 환경설정 확인, 전체환경설정의 PC 정보 확인 후 키오스크 재부팅 진행해봐도 같은 현상으로 이관드립니다 . 해당 내역으로 확인 부 탁 드립니다 . 이상입니다",최종 상태가 resolved가 아님; 최종 조치가 예정/요청 단계로 보임,high,,,,,,,,,,
clinic_case,200192,2,200192-002,cust:200192,유키즈소아청소년과,200192,2,1,f4d14c0443f64e86834ca5683602a163dbb642f2,hardware,printer_output,프린터/출력,[통화요청] 키오스크 H/W 통화 요청의 件,2026-01-21 09:26,2026-01-23 11:54,5,TRUE,resolved,"{""ubcare"": 3, ""distributor"": 2}",[프린터/출력] 키오스크 처방전 프린터가 지속적으로 출력이 안되는 문제로 방문요청하셨습니다 최신 대응: 해당 내용 관련해서 통화 완료 / 오후에 확인 후 전달 드리도록 하겠습니다,키오스크 처방전 프린터가 지속적으로 출력이 안되는 문제로 방문요청하셨습니다,해당 내용 관련해서 통화 완료 / 오후에 확인 후 전달 드리도록 하겠습니다,resolved,high,"안녕하세요 . 유비케어 병원고객팀 유맑은샘 입니다 . 키오스크 문의 내역 전달 드립니다 . 구분 내용 고객정보 상호명 유키즈소아청소년과 고객명 유승은 요양기관기호 41395301 문의자 이름 접수선생님 연락 받으실 번호 01045892395 문의 내용 및 요청사항 키오스크 처방전 프린터가 지속적으로 출력이 안되는 문제로 방문요청하셨습니다 . 일단 원격으로 스풀재시작, 대기문서 삭제 후 잘나오게 조치는 해놨으나 병원측에서 계속해서 지속 발생해서 원격말고 방문해서 서비스 받길 원하십니다 . 해당내용 확인 부탁드립니다 . 확인 부탁드립니다","안녕하세요 . 병원고객팀 오태민 입니다 . 해당 내용 관련해서 통화 완료 했으며, 불만이 심하시여 Log 회수 하여 분석이 필요 할 것 같습니다 . 오후에 확인 후 전달 드리도록 하겠습니다 . 추가적으로 보상 관련 해서는 언급은 안하시고 계셔서 해당 부분 처리 후 다시 한번 문의 드려보도록 하겠습니다",GT 보강 시 재사용 가능,low,,,,,,,,,,
clinic_case,200218,1,200218-001,cust:200218,자이소아청소년과의원,200218,3,0,3e26e8e315ffdab632289befbf2ee3a3c2394249,hardware,printer_output,프린터/출력,[통화요청] 키오스크 H/W 방문 요청의 件,2025-04-14 09:58,2025-04-15 13:48,3,TRUE,resolved,"{""distributor"": 3}","[프린터/출력] 초기 접수 시 소통에 오류가 있었던 듯 하여 내용 전달드리오니 참고 부탁드립니다 최신 대응: 점검 당시 정상 작동중이었으며 부품이나 다른 부분 문제로 보이지 않아 사용법 안내드려 조치하였다고 하며, 의원에서 간헐적으로 발생한다 / 하여 별다른 요청없이 점검 마쳤습니다",초기 접수 시 소통에 오류가 있었던 듯 하여 내용 전달드리오니 참고 부탁드립니다,"점검 당시 정상 작동중이었으며 부품이나 다른 부분 문제로 보이지 않아 사용법 안내드려 조치하였다고 하며, 의원에서 간헐적으로 발생한다 / 하여 별다른 요청없이 점검 마쳤습니다",resolved,high,"안녕하세요, 이윤지 매니저님 에이치앤아이디지탈 김하은입니다. 삼성 엔지니어 익일 오전 11: 20분경 방문드릴 예정으로 의원에서 일정 관련해 원장님과 소통 후 재연락 주신다고 합니다. 일정 변경 및 취소되는 경우 메일 회신드리겠습니다. 자이소아청소년과 납품 이후 HW 이슈로 이관된 내역 확인되지 않아 원내 관계자분 통해 확인하니, 의원에서 자체적으로 접수한 적도, 프린터 관련 방문 점검 받아보신 적도 없다 하시어 초기 접수 시 소통에 오류가 있었던 듯 하여 내용 전달드리오니 참고 부탁드립니다","안녕하세요, 이윤지 매니저님 에이치앤아이디지탈 김하은입니다. 삼성 엔지니어 일정 앞당겨져 전일 방문드렸다고 합니다. 점검 당시 정상 작동중이었으며 부품이나 다른 부분 문제로 보이지 않아 사용법 안내드려 조치하였다고 하며, 의원에서 간헐적으로 발생한다 하여 별다른 요청없이 점검 마쳤습니다",GT 보강 시 재사용 가능,low,,,,,,,,,,
clinic_case,200218,2,200218-002,cust:200218,자이소아청소년과의원,200218,3,0,70444b0949382e7bfc11dffc25588da0d5dc84a0,hardware,network_connection,네트워크/IP,[통화요청] 키오스크 H/W 통화 요청의 件,2025-11-07 14:06,2025-11-10 13:40,3,TRUE,resolved,"{""distributor"": 2, ""ubcare"": 1}",[네트워크/IP] 금일 점검 결과 랜선의 부분 단선으로 인한 오류로 예상되어 재연결 조치하였습니다 최신 대응: 금일 점검 결과 랜선의 부분 단선으로 인한 오류로 예상되어 재연결 조치하였습니다,금일 점검 결과 랜선의 부분 단선으로 인한 오류로 예상되어 재연결 조치하였습니다,금일 점검 결과 랜선의 부분 단선으로 인한 오류로 예상되어 재연결 조치하였습니다,resolved,medium,안녕하세요 유비케어 병원고객팀 이예지입니다 . 키오스크 문의내역 전달드립니다 . 구분 내용 고객정보 상호명 자이소아청소년과의원 고객명 김자경 요양기관기호 41395051 문의자 이름 여자직원분 연락 받으실 번호 [PHONE_REDACTED] 문의 내용 및 요청사항 - 이슈: 의사랑 키오스크 사용중 갑자기 다운되는 현상이 반복되고 있다고 하십니다 . 확인 시 키오스크에서 인터넷 연결이 끊어져 렌선을 다시 연결 후 잘 작동되는 것을 확인했으나 매일 렌선을 재연결 해줘야 인터넷 연결이 된다고 하십니다 . 연결 선이 문제인지 확인받고 싶다고 하십니다 . 해당 내역으로 확인 부 탁 드립니다,안녕하세요. 에이치앤아이디지탈 김하은입니다. 금일 점검 결과 랜선의 부분 단선으로 인한 오류로 예상되어 재연결 조치하였습니다,GT 보강 시 재사용 가능,low,,,,,,,,,,
clinic_case,200218,3,200218-003,cust:200218,자이소아청소년과의원,200218,3,0,ac9c875b6719bc6681e3b325dd2ea4f547c5472c,hardware,printer_output,프린터/출력,[통화요청] 키오스크 H/W 통화 요청의 件,2026-01-09 15:00,2026-01-28 16:21,7,TRUE,resolved,"{""distributor"": 5, ""ubcare"": 2}",[프린터/출력] 키오스크 출력시 프린터 용지에 줄이 쳐져서 출력 된다함 최신 대응: 금일 프린터 1단 및 2단 전부 교체 진행하였습니다,키오스크 출력시 프린터 용지에 줄이 쳐져서 출력 된다함,금일 프린터 1단 및 2단 전부 교체 진행하였습니다,resolved,medium,안녕하세요 . 유비케어 병원고객팀 황정안 입니다 . 키오스크 문의 내역 전달 드립니다 . 구분 내용 고객정보 상호명 자이소아청소년과의원 고객명 김자경 요양기관기호 41395051 문의자 이름 접수선생님 연락 받으실 번호 [PHONE_REDACTED] 문의 내용 및 요청사항 키오스크 출력시 프린터 용지에 줄이 쳐져서 출력 된다함 . 프린터 기계 점검 요청 하심 확인 부탁드립니다,안녕하세요. 에이치앤아이디지탈 김하은입니다. 금일 프린터 1단 및 2단 전부 교체 진행하였습니다,GT 보강 시 재사용 가능,low,,,,,,,,,,
clinic_case,200872,1,200872-001,cust:200872,아나파본의원,200872,3,0,1957d5d7abe78c2f10707ac9dbeeb96b09ec20b1,hardware,printer_output,프린터/출력,[유비케어] 의사랑 키오스크 프린터 점검 요청 件,2025-04-10 13:57,2025-04-22 15:29,6,TRUE,resolved,"{""ubcare"": 6}","[프린터/출력] 프린터 출력 시 최신 대응: 교체 후 제조사 엔지니어가 현장에서 출력 테스트를 진행하였으며, 정상출력 확인되어 철수하였습니다 / 현재 교체 완료된 상태이며, 추후 동일 증상이 다시 발생하는지에 대해 일정 기간 모니터링이 필요할 것으로 보입니다",프린터 출력 시,"교체 후 제조사 엔지니어가 현장에서 출력 테스트를 진행하였으며, 정상출력 확인되어 철수하였습니다 / 현재 교체 완료된 상태이며, 추후 동일 증상이 다시 발생하는지에 대해 일정 기간 모니터링이 필요할 것으로 보입니다",resolved,high,"안녕하세요, 유비케어 최미선입니다 . 아나파본의원 의사랑 키오스크 프린터 점검 요청 재메일드립니다 . ■ 아나파본의원 ( 충남 당진시 )_ 풀 K 1 대 사용처 (25 년 1 월 납품 ) 1) 인입내용: 프린터 출력 시 ‘용지가 계속 집혀서 나옴’ (3 월 점검 이후에도 지속 발생 ) 2) 요청사항: 과거 재생토너 사용 확인 ( 삼성 AS 담당자 ). But, 점검 이후에도 프린터 이슈 지속 발생되어 점검 재요청 3) 연락처: [PHONE_REDACTED]( 병의원 ) 프린터 재점검 및 점검 결과 공유 부탁드립니다","안녕하세요 매니저님, 에이치앤아이디지탈 김유미입니다. 이전에 카카오톡 메신저로 안내드린 바와 같이, 프린터와 2단 용지함을 모두 교체하였습니다. 프린터 자체의 문제는 아닌 것으로 보이나, 용지 걸림 현상이 반복되어 관련 가능성을 고려해 교체를 진행하였습니다. 교체 후 제조사 엔지니어가 현장에서 출력 테스트를 진행하였으며, 정상출력 확인되어 철수하였습니다. 현재 교체 완료된 상태이며, 추후 동일 증상이 다시 발생하는지에 대해 일정 기간 모니터링이 필요할 것으로 보입니다. 참고 부탁드립니다",이슈 요약 근거가 약함,low,,,,,,,,,,
clinic_case,200872,2,200872-002,cust:200872,아나파본의원,200872,3,0,0522cda46822bbc0b0936a39f1c253fd577eca32,payment,payment_cancel_refund,결제취소/중복결제,"[병원고객팀] 아나파본의원(No.200872) 카드결제 50,000원 결제 이슈 확인 요청",2025-11-04 18:12,2025-11-04 18:17,2,FALSE,resolved,"{""ubcare"": 2}","[결제취소/중복결제] 로그 분석 결과 공유드립니다 최신 대응: 아래건 병원에서 별도로 결제 확인 된 상태이므로, 결제 취소하지 않아도됩니다 / 이슈만 개선 부탁드립니다",로그 분석 결과 공유드립니다,"아래건 병원에서 별도로 결제 확인 된 상태이므로, 결제 취소하지 않아도됩니다 / 이슈만 개선 부탁드립니다",resolved,medium,"안녕하세요 . 모바일페이개발팀 정재원입니다 . 로그 분석 결과 공유드립니다 . 원인 시나리오 18: 14: 19>> 승인요청 18: 15: 17>> 서명대기 18: 15: 20>> 타임아웃 ( 서명창은 그대로 노출될 가능성 높음 ) 18: 15: 22>> 서명완료 ( 사용자가 OK 누른 로그 존재 . 참고로 서명하지 않아도 OK 누르면 결제됨 ) 18: 15: 24>> 승인완료 키오스크 수납 프로세스는 타임아웃으로 종료되었기에, 이후 승인처리가 되어도 후속작업을 ( 수납 ) 진행하지 않음 대응 18: 15: 24 하나카드 결제 건 승인취소 처리 필요 키오스크 결제 타임아웃 (1 분 ) 이후 승인 처리되어 발생하였으며 (Vcat 타임아웃이 특정 이벤트로 인하여 늘어날 수 있음 ), 이 경우 수납프로세스가 종료됐기에 결제승인되어도 수납 처리가 되지 않습니다 . @ 오창훈 매니저님, 해당 결제 건 승","안녕하세요. 병원고객팀 안수찬입니다. 아래건 병원에서 별도로 결제 확인 된 상태이므로, 결제 취소하지 않아도됩니다. 이슈만 개선 부탁드립니다",GT 보강 시 재사용 가능,low,,,,,,,,,,
clinic_case,200872,3,200872-003,cust:200872,아나파본의원,200872,3,0,875fce4778dcd6fb14af6fcab11cdc7682451ca7,hardware,printer_output,프린터/출력,[유비케어] 의사랑 키오스크 프린터 점검 요청 件,2026-01-12 17:58,2026-01-15 16:04,5,TRUE,resolved,"{""ubcare"": 5}","[프린터/출력] 당시 무상기간 적용되어 새 프린터가 아닌 AS용 재고로 전부 활용되었으며, 교체 후 정상 출력 확인 후 점검 마쳤습니다 최신 대응: 금일 삼성 엔지니어 방문드려 정착기 및 롤러 교체 진행하였습니다 / 서비스 차원에서 별도로 비용 발생 없이 처리되었으며, 현재는 프린터 정상 동작하여 이상 없는 점 원내 관계자분 통해 확인하였습니다","당시 무상기간 적용되어 새 프린터가 아닌 AS용 재고로 전부 활용되었으며, 교체 후 정상 출력 확인 후 점검 마쳤습니다","금일 삼성 엔지니어 방문드려 정착기 및 롤러 교체 진행하였습니다 / 서비스 차원에서 별도로 비용 발생 없이 처리되었으며, 현재는 프린터 정상 동작하여 이상 없는 점 원내 관계자분 통해 확인하였습니다",resolved,high,안녕하세요 병원고객팀 오태민 입니다 . 이전부터 해당 이슈로 인입된 내역 전달 드립니다 . 점검 무상 진행 할 수 있도록 확인 부탁드립니다,"안녕하세요. 오창훈 매니저님 에이치앤아이디지탈 김하은입니다. 금일 삼성 엔지니어 방문드려 정착기 및 롤러 교체 진행하였습니다. 서비스 차원에서 별도로 비용 발생 없이 처리되었으며, 현재는 프린터 정상 동작하여 이상 없는 점 원내 관계자분 통해 확인하였습니다",GT 보강 시 재사용 가능,low,,,,,,,,,,
clinic_case,200896,1,200896-001,cust:200896,굿키움연합소아청소년과의원,200896,8,3,01d6b631febbcc511dbbee5dd59337e899479f67,hardware,printer_output,프린터/출력,[통화요청] 키오스크 H/W 통화 요청의 件,2025-05-23 18:01,2025-05-27 18:44,4,TRUE,resolved,"{""ubcare"": 2, ""distributor"": 2}",[프린터/출력] 키오스크 토너 부족하여 정품 토너로 교체 했으나 최신 대응: 굿키움연합소아청소년과의원 키오스크 프린터 이슈 관련 기획에서 추가 점검이 필요한 사항이 있는지 확인 요청 메일드립니다 / 2) 추가 점검 사항: HNID 삼성 엔지니어 현장 방문 시 프린터 이슈 없음 확인,키오스크 토너 부족하여 정품 토너로 교체 했으나,굿키움연합소아청소년과의원 키오스크 프린터 이슈 관련 기획에서 추가 점검이 필요한 사항이 있는지 확인 요청 메일드립니다 / 2) 추가 점검 사항: HNID 삼성 엔지니어 현장 방문 시 프린터 이슈 없음 확인,resolved_but_needs_verification,medium,"안녕하세요 유비케어 병원고객팀 김선민매니저 입니다 . 키오스크 문의내역 전달드립니다 . 구분 내용 고객정보 상호명 굿키움연합소아청소년과의원 고객명 백충열 요양기관기호 38355531 문의자 이름 접수실 여자선생님 연락 받으실 번호 [PHONE_REDACTED] 문의 내용 및 요청사항 - 이슈: 키오스크 토너 부족하여 정품 토너로 교체 했으나, 이후 프린터 출력이 되지 않고 계속 토너가 부족하다고 뜨신다고 합니다 . 1) 프린터, 키오스크 전부 재부팅, 프린터기 연결선 및 토너 뺐다가 재연결 2) 드라이버 재설치위해 삼성 프린터 드라이버 설치시도 하였으나 설치 목록에 드라이버명이 뜨지 않음 3) 삼성프린터 진단 시도하니 프린터가 정상적으로 PC 와 연결되어있지 않다고 뜸 상기 과정 진행하여도 프린터 출력이 되지 않아 점검 확인 요청 드립니다 . 해당 내역으로 확인 부탁드립니다","안녕하십니까, 사업기획팀 최미선입니다 . 굿키움연합소아청소년과의원 키오스크 프린터 이슈 관련 기획에서 추가 점검이 필요한 사항이 있는지 확인 요청 메일드립니다 . ■ 굿키움연합소아청소년과의원 ( 사용자번호 200896) 1) 초기 인입 내용: 토너 부족으로 정품 토너 교체하였으나, 프린터 출력되지 않음 (5/23) 2) 추가 점검 사항: HNID 삼성 엔지니어 현장 방문 시 프린터 이슈 없음 확인 . But, 키오스크 플레이어 수납 시 처방전 출력 안되는 부분에 대해 추가 점검 요청 (5/26) 3) 요청사항: (1) HNID 점검 이후에서 동일하게 처방전 출력이 안되고 있는지 확인 (2) 수납 기능 비활성화 / 전체 창모드 전환 4) 연락처 ( 병의원 ): [PHONE_REDACTED] 상기 의원 이슈 공유가 제대로 이루어지지 않은 것 같아 전달드리오니, 보다 자세한 히스토리는 하기 메일 참고",최종 조치가 예정/요청 단계로 보임,low,,,,,,,,,,
clinic_case,200896,2,200896-002,cust:200896,굿키움연합소아청소년과의원,200896,8,3,2541ab5928dd3e7093463f4e788d0f2dac272aaa,hardware,device_power_display,전원/화면,[통화요청] 키오스크 H/W 통화 요청의 件,2025-06-27 09:12,2025-07-14 15:57,6,TRUE,resolved,"{""ubcare"": 3, ""distributor"": 3}","[전원/화면] 키오스크 화면이 계속 하얗게 되는 건으로 이전에도 계속 a/s 받으셨는데 그때 1 년이전에 계속 문제 발생 시 기기 교체해주신다고 들었다고 하시며 계속 해당증상 발생하여 1 년 직전이라 기기 교체 요청하셨습니다 최신 대응: 금일 기준으로 팀즈 내 해당 이슈에 대한 업데이트가 확인되지 않아 점검이 진행된 건인지 재확인 요청드립니다 / 혹시 조치하신 내용이나 점검 내역이 있다면 공유 부탁드리며, 아직 미진행 상태라면 점검 일정도 함께 회신 부탁드립니다",키오스크 화면이 계속 하얗게 되는 건으로 이전에도 계속 a/s 받으셨는데 그때 1 년이전에 계속 문제 발생 시 기기 교체해주신다고 들었다고 하시며 계속 해당증상 발생하여 1 년 직전이라 기기 교체 요청하셨습니다,"금일 기준으로 팀즈 내 해당 이슈에 대한 업데이트가 확인되지 않아 점검이 진행된 건인지 재확인 요청드립니다 / 혹시 조치하신 내용이나 점검 내역이 있다면 공유 부탁드리며, 아직 미진행 상태라면 점검 일정도 함께 회신 부탁드립니다",resolved,medium,안녕하세요 유비케어 병원고객팀 이윤지 매니저 입니다 . 키오스크 문의내역 전달드립니다 . 구분 내용 고객정보 상호명 굿키움연합소아청소년과의원 고객명 백충열 요양기관기호 38355531 문의자 이름 접수실 여자선생님 연락 받으실 번호 [PHONE_REDACTED] 문의 내용 및 요청사항 - 이슈: 키오스크 화면이 계속 하얗게 되는 건으로 이전에도 계속 a/s 받으셨는데 그때 1 년이전에 계속 문제 발생 시 기기 교체해주신다고 들었다고 하시며 계속 해당증상 발생하여 1 년 직전이라 기기 교체 요청하셨습니다 . . 해당 내역으로 확인 부탁드립니다,"안녕하세요 에이치앤아이디지탈 김유미입니다. 지난 7/10(목) 해당 의원 프린터 네트워크 연결 관련하여 별도 점검 요청 드렸던 건과 관련해 메일드립니다. 금일 기준으로 팀즈 내 해당 이슈에 대한 업데이트가 확인되지 않아 점검이 진행된 건인지 재확인 요청드립니다. 혹시 조치하신 내용이나 점검 내역이 있다면 공유 부탁드리며, 아직 미진행 상태라면 점검 일정도 함께 회신 부탁드립니다",GT 보강 시 재사용 가능,low,,,,,,,,,,
clinic_case,200896,3,200896-003,cust:200896,굿키움연합소아청소년과의원,200896,8,3,b880439d07623aa61419cc072b332899d65e5c2f,hardware,printer_output,프린터/출력,[HNID] 굿키움연합소아청소년과의원(김해) 인입건 확인 요청드립니다.,2025-08-27 15:08,2025-09-03 09:10,5,TRUE,resolved,"{""distributor"": 4, ""ubcare"": 1}","[프린터/출력] 전일 의사랑 영업 담당자(김영상 대리님)를 통해 키오스크 2번기기 2단 급지 불가건이 직접 인입되었습니다 최신 대응: 전일 대리점 담당자가 의원 방문하여 차트 프로그램 설치 후, 저희에게 연락 주셔서 키오스크 캣아이디 및 키오스크 종료시간 설정값 입력 진행했습니다 / 이후 처방전 프린터 출력 테스트 및 결제 테스트를 진행하였으며, 모두 정상적으로 동작하는 것을 확인하였습니다",전일 의사랑 영업 담당자(김영상 대리님)를 통해 키오스크 2번기기 2단 급지 불가건이 직접 인입되었습니다,"전일 대리점 담당자가 의원 방문하여 차트 프로그램 설치 후, 저희에게 연락 주셔서 키오스크 캣아이디 및 키오스크 종료시간 설정값 입력 진행했습니다 / 이후 처방전 프린터 출력 테스트 및 결제 테스트를 진행하였으며, 모두 정상적으로 동작하는 것을 확인하였습니다",resolved,high,"안녕하세요 에이치앤아이디지탈 김유미입니다. 굿키움연합소아청소년과의원(김해) 관련하여 확인 요청드립니다. 전일 의사랑 영업 담당자(김영상 대리님)를 통해 키오스크 2번기기 2단 급지 불가건이 직접 인입되었습니다. 저희가 어제 영업 담당자와 통화했을 때는 기기 전체 교체 관련 언급은 없었으며, 2단 급지함 교체 예정으로만 말씀드린 상태였습니다. 그런데 금일 의원에 방문 일정 안내드리는 과정에서, 의원에서는 납품 이후 지속적으로 문제가 발생하여 의사랑 본사 및 영업 담당자와 협의할 때 “추후 동일 문제가 발생하면 기기 전체를 교체하기로 확답 받았다” 는 내용을 전달받았습니다. 이에 금일 영업 담당자와 통화하여 다시 확인했을 때에도, 의원과 기기 전체 교체에 대한 이야기를 나눈 적은 없다고 답변을 받았습니다. 저희는 기기 전체 교체 관련 내용을 전달받은 바가 없어, 혹시 의사랑 고객센터와 별도 소통이 ","안녕하세요 에이치앤아이디지탈 김유미입니다. 전일 대리점 담당자가 의원 방문하여 차트 프로그램 설치 후, 저희에게 연락 주셔서 키오스크 캣아이디 및 키오스크 종료시간 설정값 입력 진행했습니다. 이후 처방전 프린터 출력 테스트 및 결제 테스트를 진행하였으며, 모두 정상적으로 동작하는 것을 확인하였습니다. 참고 부탁드립니다",GT 보강 시 재사용 가능,low,,,,,,,,,,
clinic_case,200896,4,200896-004,cust:200896,굿키움연합소아청소년과의원,200896,8,3,114648633b84552d4ec72eba429a1d6fc6db7574,hardware,device_power_display,전원/화면,키오스크 H/W 통화 요청의 件,2025-10-21 09:22,2025-10-21 09:22,1,FALSE,in_progress,"{""ubcare"": 1}",[전원/화면] 키오스크 대 모두 기계에서 계속 띠띠띠띠 ~ 거리는 기계 잡음 소리가 난다고 합니다. 여러 차례 재부팅 해도 동일합니다 최신 대응: 여러 차례 재부팅 해도 동일합니다 / 해당 내역으로 확인 부 탁 드립니다,키오스크 대 모두 기계에서 계속 띠띠띠띠 ~ 거리는 기계 잡음 소리가 난다고 합니다. 여러 차례 재부팅 해도 동일합니다,여러 차례 재부팅 해도 동일합니다 / 해당 내역으로 확인 부 탁 드립니다,in_progress,low,안녕하세요 유비케어 병원고객팀 김홍비 매니저입니다 . 키오스크 문의내역 전달드립니다 . 구분 내용 고객정보 상호명 굿키움연합소아청소년과의원 고객명 백충열 요양기관기호 38355531 문의자 이름 여자 선생님 연락 받으실 번호 [PHONE_REDACTED] 문의 내용 및 요청사항 - 이슈: 키오스크 대 모두 기계에서 계속 띠띠띠띠 ~ 거리는 기계 잡음 소리가 난다고 합니다 . 여러 차례 재부팅 해도 동일합니다 . 해당 내역으로 확인 부 탁 드립니다,안녕하세요 유비케어 병원고객팀 김홍비 매니저입니다 . 키오스크 문의내역 전달드립니다 . 구분 내용 고객정보 상호명 굿키움연합소아청소년과의원 고객명 백충열 요양기관기호 38355531 문의자 이름 여자 선생님 연락 받으실 번호 [PHONE_REDACTED] 문의 내용 및 요청사항 - 이슈: 키오스크 대 모두 기계에서 계속 띠띠띠띠 ~ 거리는 기계 잡음 소리가 난다고 합니다 . 여러 차례 재부팅 해도 동일합니다 . 해당 내역으로 확인 부 탁 드립니다,최종 상태가 resolved가 아님,medium,,,,,,,,,,
clinic_case,200896,5,200896-005,cust:200896,굿키움연합소아청소년과의원,200896,8,3,aabf1f954776a4fa0387149e4f23d15e01c0b72e,hardware,printer_output,프린터/출력,[통화요청] 키오스크 H/W 통화 요청의 件,2025-12-06 09:21,2025-12-08 10:56,3,TRUE,resolved,"{""ubcare"": 2, ""distributor"": 1}","[프린터/출력] 키오스크 교체한지 얼마되지않았는데 프린터 토너 카세트 아랫단이 고장나서 에러발생한다며 방문점검 요청하셨습니다 최신 대응: 전체 교체가 필요한 점 안내드렸으며, 정확한 장애 원인 진단을 위해 삼성 서비스 기사님의 방문 점검을 우선 진행하도록 조율하여 금일 오전 11: 30경 방문 예정입니다 / 점검 결과에 따라 제조사 추가 방문 여부 및 교체 필요성을 판단할 예정으로 의원 측에서 출력 품질 저하 문제로 부품 전체 교체까지 고려하고 계시다고 하여, 우선적으로 정품 토너로 교체 후 테스트를 진행해 보신 뒤 추후 교체 여부를 결정하시도록 안내드렸습니다",키오스크 교체한지 얼마되지않았는데 프린터 토너 카세트 아랫단이 고장나서 에러발생한다며 방문점검 요청하셨습니다,"전체 교체가 필요한 점 안내드렸으며, 정확한 장애 원인 진단을 위해 삼성 서비스 기사님의 방문 점검을 우선 진행하도록 조율하여 금일 오전 11: 30경 방문 예정입니다 / 점검 결과에 따라 제조사 추가 방문 여부 및 교체 필요성을 판단할 예정으로 의원 측에서 출력 품질 저하 문제로 부품 전체 교체까지 고려하고 계시다고 하여, 우선적으로 정품 토너로 교체 후 테스트를 진행해 보신 뒤 추후 교체 여부를 결정하시도록 안내드렸습니다",resolved,medium,안녕하세요 유비케어 병원고객팀 김선민 입니다 . 키오스크 문의내역 전달드립니다 . 구분 내용 고객정보 상호명 굿키움연합소아청소년과의원 고객명 백충열 요양기관기호 38355531 문의자 이름 여자 선생님 연락 받으실 번호 [PHONE_REDACTED] 문의 내용 및 요청사항 - 이슈: 키오스크 교체한지 얼마되지않았는데 프린터 토너 카세트 아랫단이 고장나서 에러발생한다며 방문점검 요청하셨습니다 . 해당 내역으로 확인 부 탁 드립니다,"안녕하세요. 에이치앤아이디지탈 김하은입니다. 금일 오전 삼성 점검 결과, 용지 사용량 인식은 정상 작동하고 있으며, 의원에서도 해당 증상이 간헐적으로 발생한다고 합니다. 앞서 안내드린 바와 같이 용지함 센서 불량 시 부분 교체는 불가하여 제조사를 통한 전체 교체만 가능하나, 현재로서는 해당 센서가 출력 이슈와 직접적으로 연관되어 있을 가능성은 낮은 것으로 판단됩니다. 이에 따라, 우선 재생토너 사용으로 인한 정착기 불량에 대해 금주 중 재방문드려 교체를 진행할 예정이며 이후 추가 확인되는 내용 다시 공유드리겠습니다. 감사합니다. ------------------------------------------ 김 하 은 사원 | ㈜에이치앤아이디지탈 www.hnid.co.kr 서울 금천구 디지털로10길 78 가산테라타워 1441호 Tel [PHONE_REDACTED] Fax [PHONE_REDACTED",GT 보강 시 재사용 가능,low,,,,,,,,,,
clinic_case,200896,6,200896-006,cust:200896,굿키움연합소아청소년과의원,200896,8,3,5f2b4d3e6bf88b96788ad83baecc933b3bbc4667,software,software_update_or_log,SW업데이트/로그,[병원고객팀] 키오스크 오류 로그 확인 件,2026-01-21 15:15,2026-01-21 15:15,1,TRUE,in_progress,"{""ubcare"": 1}","[SW업데이트/로그] 금일 팀즈로 문의드렸던 키오스크 수납이슈 로그 전달 드립니다 최신 대응: ” 탭에서 환자 정보가 조회되지 않는 증상 →환자정보: 김정민 ( / 26103) [ 확인사항 ] 환자와 동일한 휴대폰번호로 저장된 차트번호가 있으며, 1 월 21 일 같은날 자녀 박선재 (",금일 팀즈로 문의드렸던 키오스크 수납이슈 로그 전달 드립니다,"” 탭에서 환자 정보가 조회되지 않는 증상 →환자정보: 김정민 ( / 26103) [ 확인사항 ] 환자와 동일한 휴대폰번호로 저장된 차트번호가 있으며, 1 월 21 일 같은날 자녀 박선재 (",in_progress,low,안녕하세요 . 병원고객팀 이연주입니다 . 금일 팀즈로 문의드렸던 키오스크 수납이슈 로그 전달 드립니다 . [ 고객정보 ] 상호명 연세도우리소아청소년과의원 요양기관번호 ( 면허번호 ) 13313444 (118689) 고객 ( 사용자번호 ) 김진우 (198647) 사업자번호 734-90-01855 고객전화번호 [PHONE_REDACTED] 병원대표번호 [PHONE_REDACTED] 고객 휴대폰 [PHONE_REDACTED] 담당자 [ 사원 ] 최현용 2 담당대리점 유비케어 _ 의원 ( 강남 ) ( 1644-2969 ) 담당자연락처 [PHONE_REDACTED] 주소 서울특별시 강남구 삼성로 14 개포자이 프레지던스 216 호 [ 증상 ] 진료 후 수납대기 상태의 환자임에도 불구하고 키오스크 수납 시 “ 수납할 환자를 선택해주세요 ” 탭에서 환자 정보가 조회되지 않는 증상 →환자정보: 김정민 (261,안녕하세요 . 병원고객팀 이연주입니다 . 금일 팀즈로 문의드렸던 키오스크 수납이슈 로그 전달 드립니다 . [ 고객정보 ] 상호명 연세도우리소아청소년과의원 요양기관번호 ( 면허번호 ) 13313444 (118689) 고객 ( 사용자번호 ) 김진우 (198647) 사업자번호 734-90-01855 고객전화번호 [PHONE_REDACTED] 병원대표번호 [PHONE_REDACTED] 고객 휴대폰 [PHONE_REDACTED] 담당자 [ 사원 ] 최현용 2 담당대리점 유비케어 _ 의원 ( 강남 ) ( 1644-2969 ) 담당자연락처 [PHONE_REDACTED] 주소 서울특별시 강남구 삼성로 14 개포자이 프레지던스 216 호 [ 증상 ] 진료 후 수납대기 상태의 환자임에도 불구하고 키오스크 수납 시 “ 수납할 환자를 선택해주세요 ” 탭에서 환자 정보가 조회되지 않는 증상 →환자정보: 김정민 (261,최종 상태가 resolved가 아님,medium,,,,,,,,,,
clinic_case,200896,7,200896-007,cust:200896,굿키움연합소아청소년과의원,200896,8,3,2b48210f106a7da47d54526194086709f611237c,payment,payment_card_reader,카드결제/리더기,[통화요청] 키오스크 H/W 통화 요청의 件_[통화요청] 키오스크 H/W 통화 요청의 件_,2026-01-21 16:38,2026-01-21 16:38,1,TRUE,in_progress,"{""ubcare"": 1}",[카드결제/리더기] 결제 안되고 마그네틱으로 긁어서 결제는 될때도 있고 안될때도 있어 점검요청하셨습니다 최신 대응: 구분 내용 고객정보 상호명 굿키움연합소아청소년과의원 고객명 백충열 요양기관기호 38355531 문의자 이름 접수선생님 연락 받으실 번호 [PHONE_REDACTED] 문의 내용 및 요청사항 2 번 키오스크 1/20 부터 카드 단말기 ic 결제 안되고 마그네틱으로 긁어서 결제는 될때도 있고 안될때도 있어 점검요청하셨습니다 / 확인부탁드립니다,결제 안되고 마그네틱으로 긁어서 결제는 될때도 있고 안될때도 있어 점검요청하셨습니다,구분 내용 고객정보 상호명 굿키움연합소아청소년과의원 고객명 백충열 요양기관기호 38355531 문의자 이름 접수선생님 연락 받으실 번호 [PHONE_REDACTED] 문의 내용 및 요청사항 2 번 키오스크 1/20 부터 카드 단말기 ic 결제 안되고 마그네틱으로 긁어서 결제는 될때도 있고 안될때도 있어 점검요청하셨습니다 / 확인부탁드립니다,in_progress,low,안녕하세요 . 유비케어 병원고객팀 장혜정 입니다 . 키오스크 문의 내역 전달 드립니다 . 구분 내용 고객정보 상호명 굿키움연합소아청소년과의원 고객명 백충열 요양기관기호 38355531 문의자 이름 접수선생님 연락 받으실 번호 [PHONE_REDACTED] 문의 내용 및 요청사항 2 번 키오스크 1/20 부터 카드 단말기 ic 결제 안되고 마그네틱으로 긁어서 결제는 될때도 있고 안될때도 있어 점검요청하셨습니다 . 확인부탁드립니다 . 확인 부탁드립니다,안녕하세요 . 유비케어 병원고객팀 장혜정 입니다 . 키오스크 문의 내역 전달 드립니다 . 구분 내용 고객정보 상호명 굿키움연합소아청소년과의원 고객명 백충열 요양기관기호 38355531 문의자 이름 접수선생님 연락 받으실 번호 [PHONE_REDACTED] 문의 내용 및 요청사항 2 번 키오스크 1/20 부터 카드 단말기 ic 결제 안되고 마그네틱으로 긁어서 결제는 될때도 있고 안될때도 있어 점검요청하셨습니다 . 확인부탁드립니다 . 확인 부탁드립니다,최종 상태가 resolved가 아님; 최종 조치가 예정/요청 단계로 보임,high,,,,,,,,,,
clinic_case,200896,8,200896-008,cust:200896,굿키움연합소아청소년과의원,200896,8,3,cbb23b355e272ec4a8e6d5b6b46d04d1ff7a9b8c,hardware,payment_card_reader,카드결제/리더기,[통화요청] 키오스크 H/W 통화 요청의 件,2026-01-21 17:10,2026-02-12 15:53,8,TRUE,resolved,"{""distributor"": 6, ""ubcare"": 2}",[카드결제/리더기] 해당 의원 출력 품질 저하 및 용지 인식 불가로 최신 대응: 하기 의원은 발생 이슈에 따라 제조사 점검 여부 확인하도록 하겠습니다 / 참고 부탁드립니다,해당 의원 출력 품질 저하 및 용지 인식 불가로,하기 의원은 발생 이슈에 따라 제조사 점검 여부 확인하도록 하겠습니다 / 참고 부탁드립니다,resolved,medium,"안녕하세요. 에이치앤아이디지탈 김하은입니다. 제조사 엔지니어 23일(금) 오전 중 방문드릴 예정으로 리더기 교체 이후 동일 증상 시, SW 추가 점검 받아보실 점 안내드렸사오니 참고 부탁드립니다",안녕하세요. 에이치앤아이디지탈 김하은입니다. 하기 의원은 발생 이슈에 따라 제조사 점검 여부 확인하도록 하겠습니다. 참고 부탁드립니다. 김하은 드림 ------------------------------------------ - 김 하 은 사원 | ㈜에이치앤아이디지탈 www.hnid.co.kr 서울 금천구 디지털로10길 78 가산테라타워 1441호 Tel [PHONE_REDACTED] Fax [PHONE_REDACTED] Mobile [PHONE_REDACTED] E-mail [EMAIL_REDACTED] ------------------------------------------ -,GT 보강 시 재사용 가능,low,,,,,,,,,,
clinic_case,200911,1,200911-001,cust:200911,화서키즈소아청소년과의원,200911,1,0,50fce49bfec55644db8f416c41ce91f4ce281362,hardware,printer_output,프린터/출력,[통화요청] 키오스크 H/W 통화 요청의 件,2026-02-02 11:26,2026-02-04 13:15,4,TRUE,resolved,"{""distributor"": 3, ""ubcare"": 1}","[프린터/출력] 키오스크 프린터 출력이 되지 않아 문의 주셨습니다 최신 대응: 금일 제조사 엔지니어 방문하여 점검 진행하였습니다 / 처방전 프린터 드라이버 재설치 후 프린터 기기 내 고정 IP 값이 해제되어 있는 것을 확인하여, 고정 IP 재설정 후 현재 정상 출력되고 있습니다",키오스크 프린터 출력이 되지 않아 문의 주셨습니다,"금일 제조사 엔지니어 방문하여 점검 진행하였습니다 / 처방전 프린터 드라이버 재설치 후 프린터 기기 내 고정 IP 값이 해제되어 있는 것을 확인하여, 고정 IP 재설정 후 현재 정상 출력되고 있습니다",resolved,high,"안녕하세요 유비케어 병원고객팀 김선민 입니다 . 키오스크 문의내역 전달드립니다 . 구분 내용 고객정보 상호명 화서키즈소아청소년과의원 고객명 이문정 요양기관기호 41396138 문의자 이름 원무과 연락 받으실 번호 [PHONE_REDACTED] 문의 내용 및 요청사항 - 이슈: 키오스크 프린터 출력이 되지 않아 문의 주셨습니다 . 네트워크 연결이 끊긴 것으로 보이며, 재연결 과정에서 PIN 번호를 요구하는 상황으로 확인되었습니다 . 프린터 PIN 번호 확인 방법 및 네트워크 설정 확인 부탁드립니다 . 해당 내역으로 확인 부 탁 드립니다","안녕하세요 에이치앤아이디지탈 김유미입니다. 금일 제조사 엔지니어 방문하여 점검 진행하였습니다. 처방전 프린터 드라이버 재설치 후 프린터 기기 내 고정 IP 값이 해제되어 있는 것을 확인하여, 고정 IP 재설정 후 현재 정상 출력되고 있습니다. - 비용: 출장비 66, 000원 발생 참고 부탁드립니다",GT 보강 시 재사용 가능,low,,,,,,,,,,
clinic_case,201144,1,201144-001,cust:201144,인나소아청소년과의원,201144,4,3,48339defb5db6999a06f2a2689937caf56efaf4c,hardware,hardware_other,하드웨어 기타,[중요][사업기획팀] 의사랑 키오스크 점검 및 로그 수집 요청 件,2025-04-03 13:30,2025-04-03 13:30,1,TRUE,in_progress,"{""ubcare"": 1}",[하드웨어 기타] 로그 상 특이사항 없음 최신 대응: 인나소아청소년과의원 초기 인입 내용 관련하여 모바일페이개발팀에서 의견주신 내용 의원에 안내드린 결과 공유드립니다 / 3) 고객 안내 및 회신 내용 (3/,로그 상 특이사항 없음,인나소아청소년과의원 초기 인입 내용 관련하여 모바일페이개발팀에서 의견주신 내용 의원에 안내드린 결과 공유드립니다 / 3) 고객 안내 및 회신 내용 (3/,in_progress,low,"안녕하세요, 사업기획팀 최미선입니다 . 인나소아청소년과의원 초기 인입 내용 관련하여 모바일페이개발팀에서 의견주신 내용 의원에 안내드린 결과 공유드립니다 . ■ 인나소아청소년과의원 ( 사용자번호 201144)_ 하프 K 사용처 1) 초기 인입 내용 (3/25): 가족 일괄 진료 (2 명 ) 후 키오스크로 일괄 수납할 때, 한 명만 노출됨 ( 나머지 한 명 미노출 ) 2) 로그 분석 및 결과 (3/28): 로그 상 특이사항 없음 . 내부 재현 불가 > 내부 환경에서 테스트 요청 3) 고객 안내 및 회신 내용 (3/28): 원내 진료가 많아 테스트 진행 어려울 것 같다 답변 > 추후 동일 환자 ( 김서후, 김지후 ) 내원 이후 동일증상 재발 시 재문의하기로 함","안녕하세요, 사업기획팀 최미선입니다 . 인나소아청소년과의원 초기 인입 내용 관련하여 모바일페이개발팀에서 의견주신 내용 의원에 안내드린 결과 공유드립니다 . ■ 인나소아청소년과의원 ( 사용자번호 201144)_ 하프 K 사용처 1) 초기 인입 내용 (3/25): 가족 일괄 진료 (2 명 ) 후 키오스크로 일괄 수납할 때, 한 명만 노출됨 ( 나머지 한 명 미노출 ) 2) 로그 분석 및 결과 (3/28): 로그 상 특이사항 없음 . 내부 재현 불가 > 내부 환경에서 테스트 요청 3) 고객 안내 및 회신 내용 (3/28): 원내 진료가 많아 테스트 진행 어려울 것 같다 답변 > 추후 동일 환자 ( 김서후, 김지후 ) 내원 이후 동일증상 재발 시 재문의하기로 함",최종 상태가 resolved가 아님; 이슈 요약 근거가 약함,high,,,,,,,,,,
clinic_case,201144,2,201144-002,cust:201144,인나소아청소년과의원,201144,4,3,2ee57a3c5a2f5b5b9cab28b0d7b597f8076e5205,payment,payment_cancel_refund,결제취소/중복결제,[통화요청] 키오스크 S/W 점검 요청의 件,2025-08-18 12:01,2025-08-18 15:43,3,TRUE,resolved,"{""ubcare"": 3}","[결제취소/중복결제] 분 경 키오스크 수납 시 카드결제 오류가 최신 대응: ( 수납 처리 완료 / -> 과거에 스마트로 측에서 안내했음 이 건 관련하여 결제 취소 지연 처리 기능을 추가하여 승인 타이밍과 취소 타이밍이 겹치지 않게 했으나, 모든 타이밍에 100% 대응되지는 않음 스마트로 결제 로그 로그 취소 필요",분 경 키오스크 수납 시 카드결제 오류가,"( 수납 처리 완료 / -> 과거에 스마트로 측에서 안내했음 이 건 관련하여 결제 취소 지연 처리 기능을 추가하여 승인 타이밍과 취소 타이밍이 겹치지 않게 했으나, 모든 타이밍에 100% 대응되지는 않음 스마트로 결제 로그 로그 취소 필요",resolved,high,"안녕하십니까, 운영기획팀 오창훈 매니저입니다 . ■ 인나소아청소년과의원 ( 경기도 안양시 )_ 하프 K 1 대 사용 1) 인입내용: 8/15( 금 ) 오전 8 시 56 분 경 키오스크 수납 시 카드결제 오류가 2 회정도 발생하여 인입 2) 요청사항: 고객명 유지온 환자 수납 시 오류 발생했다 하며, 해당일시 결제로그 확인을 통해 이중결제 발생여부 점검 부탁드립니다 . 이중결제 확인 시 승인번호 수집하여 전달 주시면 취소처리 진행하겠습니다 . 3) 연락처: [PHONE_REDACTED]( 대표원장 ) 내용 확인 및 점검 부탁드리며, 추가적으로 궁금하신 점 있으시면 언제든 말씀 부탁드립니다","안녕하십니까, 모바일페이개발팀 정재원입니다 . 로그 분석 결과 공유드립니다 . 발생처 인나소아청소년과의원 증상 유지온 환자 이중 결제 발생 08: 55: 52 결제 승인 완료 ( 중간에 결제 취소 요청 들어옴 . 결제 화면에서 환자 선택 화면으로 이동됨 ) 08: 56: 03 결제 승인 완료 ( 수납 처리 완료 ) 원인 결제 승인 처리 도중에 결제 취소 요청이 들어온 경우 무시됨 -> 과거에 스마트로 측에서 안내했음 이 건 관련하여 결제 취소 지연 처리 기능을 추가하여 승인 타이밍과 취소 타이밍이 겹치지 않게 했으나, 모든 타이밍에 100% 대응되지는 않음 스마트로 결제 로그 로그 취소 필요 08: 55: 52 600>> SEND => [1] 019501020142215500 **** 340000038530490 202508150855522508150855520136780723 460333000",GT 보강 시 재사용 가능,low,,,,,,,,,,
clinic_case,201144,3,201144-003,cust:201144,인나소아청소년과의원,201144,4,3,ab57ef1648621b026cd780b580b9ccb12d3c6ea6,payment,payment_cancel_refund,결제취소/중복결제,[유비케어] 의사랑 키오스크 이중결제 취소 요청 件,2025-08-18 17:02,2025-08-18 17:40,2,FALSE,in_progress,"{""ubcare"": 2}",[결제취소/중복결제] 중복결제 내역 취소 요청드립니다 최신 대응: 해당요청건 접수처리하였습니다 / 금일 시간이 늦은 관계로 익일 처리 진행될 수 도 있습니다,중복결제 내역 취소 요청드립니다,해당요청건 접수처리하였습니다 / 금일 시간이 늦은 관계로 익일 처리 진행될 수 도 있습니다,in_progress,low,"안녕하십니까, 유비케어 오창훈 매니저입니다 . 인나소아청소년과의원 중복결제 내역 취소 요청드립니다 . - 8 월 15 일 ( 목 ) / 08: 55: 52 / 신한카드 / 승인번호 38530490 진행 간 궁금하신 사항이 있으실 경우 편히 말씀 부탁드립니다",안녕하세요 아우어시스템즈 김종윤입니다. 해당요청건 접수처리하였습니다. 금일 시간이 늦은 관계로 익일 처리 진행될 수 도 있습니다,최종 상태가 resolved가 아님; 최종 조치가 예정/요청 단계로 보임,high,,,,,,,,,,
clinic_case,201144,4,201144-004,cust:201144,인나소아청소년과의원,201144,4,3,29a5dce85bc09b728bba25258423933b5da827b0,payment,payment_cancel_refund,결제취소/중복결제,하프키오스크 이중 결제 관련 로그 수집 요청의 건,2025-09-15 16:55,2025-09-15 16:55,1,TRUE,in_progress,"{""ubcare"": 1}","[결제취소/중복결제] 9/14( 일 ) 12 시 30 분경 키오스크 중복결제 발생하여 인입 최신 대응: 2) 요청사항: 해당일시 결제로그 수거하여 전달주시면 이중결제건 정보 확인 및 발생원인 분석하여 밴사에 취소요청 진행하도록 하겠습니다 / 3) 연락처: [PHONE_REDACTED] 내용 확인 및 점검 부탁드리며, 추가적으로 궁금하신 점 있으시면 언제든 말씀 부탁드립니다",9/14( 일 ) 12 시 30 분경 키오스크 중복결제 발생하여 인입,"2) 요청사항: 해당일시 결제로그 수거하여 전달주시면 이중결제건 정보 확인 및 발생원인 분석하여 밴사에 취소요청 진행하도록 하겠습니다 / 3) 연락처: [PHONE_REDACTED] 내용 확인 및 점검 부탁드리며, 추가적으로 궁금하신 점 있으시면 언제든 말씀 부탁드립니다",in_progress,low,"안녕하십니까, 운영기획팀 오창훈 매니저입니다 . ■ 인나소아청소년과의원 ( 경기도 안양시 )_ 하프 K 1 대 사용 1) 인입내용: 9/14( 일 ) 12 시 30 분경 키오스크 중복결제 발생하여 인입 2) 요청사항: 해당일시 결제로그 수거하여 전달주시면 이중결제건 정보 확인 및 발생원인 분석하여 밴사에 취소요청 진행하도록 하겠습니다 . 3) 연락처: [PHONE_REDACTED] 내용 확인 및 점검 부탁드리며, 추가적으로 궁금하신 점 있으시면 언제든 말씀 부탁드립니다","안녕하십니까, 운영기획팀 오창훈 매니저입니다 . ■ 인나소아청소년과의원 ( 경기도 안양시 )_ 하프 K 1 대 사용 1) 인입내용: 9/14( 일 ) 12 시 30 분경 키오스크 중복결제 발생하여 인입 2) 요청사항: 해당일시 결제로그 수거하여 전달주시면 이중결제건 정보 확인 및 발생원인 분석하여 밴사에 취소요청 진행하도록 하겠습니다 . 3) 연락처: [PHONE_REDACTED] 내용 확인 및 점검 부탁드리며, 추가적으로 궁금하신 점 있으시면 언제든 말씀 부탁드립니다",최종 상태가 resolved가 아님; 최종 조치가 예정/요청 단계로 보임,high,,,,,,,,,,
clinic_case,201417,1,201417-001,cust:201417,아이안소아청소년과의원,201417,1,0,fdee6c10b6353af4ffc3147203a4e54527575d52,hardware,printer_output,프린터/출력,[통화요청] 키오스크 H/W 통화 요청의 件,2025-05-12 14:28,2025-05-21 14:30,5,TRUE,resolved,"{""distributor"": 3, ""ubcare"": 2}","[프린터/출력] 키오스크에서 프린트 출력 시 프린트 기계에 빨간불이 계속 들어오면 용지 출력이 안된다고 합니다. 토너나 용지함 쪽 다시 뺐다 꽂거나하면 잠깐 정상으로 돌아왔다가 다시 출력이 안되는 현상이 반복되고있어 키오스크 점검 요청하셨습니다 최신 대응: 원격으로 이지프린터 확인한 결과, '용지함2 픽업롤러 교체' 팝업 문구가 확인되었습니다 / 21) 삼성 엔지니어가 방문하여 점검을 진행하였으며 1단, 2단 픽업 롤러 교체를 완료하였습니다",키오스크에서 프린트 출력 시 프린트 기계에 빨간불이 계속 들어오면 용지 출력이 안된다고 합니다. 토너나 용지함 쪽 다시 뺐다 꽂거나하면 잠깐 정상으로 돌아왔다가 다시 출력이 안되는 현상이 반복되고있어 키오스크 점검 요청하셨습니다,"원격으로 이지프린터 확인한 결과, '용지함2 픽업롤러 교체' 팝업 문구가 확인되었습니다 / 21) 삼성 엔지니어가 방문하여 점검을 진행하였으며 1단, 2단 픽업 롤러 교체를 완료하였습니다",resolved,high,안녕하세요 병원고객팀 유맑은샘 입니다. 키오스크 문의내역 전달드립니다. 구분 내용 고객정보 상호명 아이안소아청소년과의원 고객명 안병훈 요양기관기호 33320403 문의자 이름 접수실 선생님 연락 받으실 번호 [PHONE_REDACTED] 문의 내용 및 요청사항 - 이슈: 키오스크에서 프린트 출력 시 프린트 기계에 빨간불이 계속 들어오면 용지 출력이 안된다고 합니다. 토너나 용지함 쪽 다시 뺐다 꽂거나하면 잠깐 정상으로 돌아왔다가 다시 출력이 안되는 현상이 반복되고있어 키오스크 점검 요청하셨습니다. 해당 내역으로 확인부 탁드립니다,"안녕하세요 에이치앤아이디지탈 김유미입니다. 해당 의원 조치 내용 공유드립니다. 5/20(화) 의원 관계자를 통해 1단 용지함에서도 출력이 불가하다는 증상이 재접수되었습니다. 원격으로 이지프린터 확인한 결과, '용지함2 픽업롤러 교체' 팝업 문구가 확인되었습니다. 하여, 금일(5/21) 삼성 엔지니어가 방문하여 점검을 진행하였으며 1단, 2단 픽업 롤러 교체를 완료하였습니다. 참고 부탁드립니다",GT 보강 시 재사용 가능,low,,,,,,,,,,
clinic_case,201562,1,201562-001,cust:201562,지축이엠365의원,201562,1,0,27e46097423899596a3fa021ca32def4570f8e4f,software,payment_cancel_refund,결제취소/중복결제,[긴급][사업기획팀] 의사랑 키오스크 원격 점검 요청 件,2025-04-09 16:05,2025-05-08 14:59,22,TRUE,resolved,"{""ubcare"": 22}",[결제취소/중복결제] 대응 이후 추가 인입 내역 없음 최신 대응: ) è 금일 내 개발 완료 / 대응을 위하여 원격 접속이 필요한데 명일 원격이 가능할지 확인 부탁드립니다,대응 이후 추가 인입 내역 없음,) è 금일 내 개발 완료 / 대응을 위하여 원격 접속이 필요한데 명일 원격이 가능할지 확인 부탁드립니다,resolved,high,"안녕하세요, 사업기획팀 최미선입니다 . 금일 (4/9), 지축이엠 365 의원 키오스크 로그 수집 및 점검 요청드립니다 . ■ 지축이엠 365 의원 ( 사용자번호 201562)_ 풀 K( 할부 ) 사용 처 1) 인입내용: 금일 (4/9) 키오스크 사용 도중 플레이어 꺼짐 * 참고: 고객샘 지원 내역 확인 시, 2/17( 월 ) 대응 이후 추가 인입 내역 없음 2) 요청사항: 로그 수집 ( 앱 종료 현상 관련 ) 후 상세 점검 ( 원인 파악 > 대응 가이드 제공 ) 3) 연락처: [PHONE_REDACTED]( 병의원 ) 대리점 담당자가 전달하기론, 상기 의원에서 위 증상이 일평균 1-2 회 발생되고 있어 제품 사용 불만 극대화 ( 기기 반품 요청 ) 로 빠른 시일 내 로그 수집 및 대응안 확보가 필요한 상황입니다 . 우선 업무로 바쁘시겠지만, 우선 고객 대응해주시면 감사하겠습니다 . 기타 위 관","안녕하십니까, 모바일페이개발팀 정재원입니다 . 근래 발생하였던 “ 접수 시 앱 종료 ” 현상 관련하여 추가 대응안에 대해 의견드립니다 . 키오스크 플레이어 앱 비정상 종료 시, 자동 재실행 ( 앱 종료로 인한 고객의 불만을 최소화하고자 함 ) è 금일 내 개발 완료 예정 접수 시 호출되는 델파이 모듈 보완된 버전 적용 별도 네트워크 모니터링 툴을 세팅하여, 통신 성공 / 실패여부 확인 ( 외부망 또는 DB 서버로 ping 을 보내 상태 파악하고자 함 ) 위 세가지 사항을 해당 의원에 개별 배포한 후, 상태를 파악하고자 합니다 . 대응을 위하여 원격 접속이 필요한데 명일 원격이 가능할지 확인 부탁드립니다 . 문의사항 있으시면, 회신 부탁드립니다",GT 보강 시 재사용 가능,low,,,,,,,,,,
clinic_case,202360,1,202360-001,cust:202360,아하소아청소년과의원,202360,3,1,3d3660db48e0b6140a27fdd76a779eb593665177,unknown,setup_configuration,설치/설정,[유비케어] 의사랑 풀(Full) 키오스크 열쇠 구매 요청 件,2025-04-08 17:24,2025-04-08 17:38,2,TRUE,in_progress,"{""ubcare"": 2}","[설치/설정] (Full) 키오스크용 열쇠 구매 요청으로 이관 메일드립니다 최신 대응: 열쇠는 납품 시 기본으로 제공되고 있어 이후 의원에서 요청할 경우 비용 발생됩니다 / 익일 발송 예정이며, 8, 000원 (택배비 포함) 발생되는 점 참고 부탁드립니다",(Full) 키오스크용 열쇠 구매 요청으로 이관 메일드립니다,"열쇠는 납품 시 기본으로 제공되고 있어 이후 의원에서 요청할 경우 비용 발생됩니다 / 익일 발송 예정이며, 8, 000원 (택배비 포함) 발생되는 점 참고 부탁드립니다",in_progress,low,"안녕하세요, 유비케어 최미선입니다 . 아하소아청소년과의원, 풀 (Full) 키오스크용 열쇠 구매 요청으로 이관 메일드립니다 . 의 원 명: 아하소아청소년과의원 ( 경기 광주 ) 요청사항: 풀 (Full) 키오스크용 열쇠 추가 구매 요청 연 락 처: [PHONE_REDACTED]( 병의원 )","안녕하세요 에이치앤아이디지탈 김유미입니다. 열쇠는 납품 시 기본으로 제공되고 있어 이후 의원에서 요청할 경우 비용 발생됩니다. 익일 발송 예정이며, 8, 000원 (택배비 포함) 발생되는 점 참고 부탁드립니다",최종 상태가 resolved가 아님; 최종 조치가 예정/요청 단계로 보임; 카테고리 unknown,high,,,,,,,,,,
clinic_case,202360,2,202360-002,cust:202360,아하소아청소년과의원,202360,3,1,da0d963e7cc1dba45a8291e8bf1816a7606afbac,hardware,payment_card_reader,카드결제/리더기,[통화요청] 키오스크 H/W 통화 요청의 件,2026-01-23 09:05,2026-01-23 16:05,5,TRUE,resolved,"{""ubcare"": 3, ""distributor"": 2}","[카드결제/리더기] 주 전 키오스크 프린터 용지 걸린 이후 출력 시 잉크번져서 출력되고 흐리게 출력된다하십니다 최신 대응: 의원에서 처방전 프린터 작동 불가로 우선 점검 요청주시어, 차주 27일(화) 오전 10시경 삼성 엔지니어 방문드려 점검할 예정입니다",주 전 키오스크 프린터 용지 걸린 이후 출력 시 잉크번져서 출력되고 흐리게 출력된다하십니다,"의원에서 처방전 프린터 작동 불가로 우선 점검 요청주시어, 차주 27일(화) 오전 10시경 삼성 엔지니어 방문드려 점검할 예정입니다",resolved_but_needs_verification,medium,안녕하세요 유비케어 병원고객팀 김지은 매니저입니다 . 키오스크 문의내역 전달드립니다 . 구분 내용 고객정보 상호명 아하소아청소년과의원 고객명 박윤경 요양기관기호 41398173 문의자 이름 원무과 선생님 연락 받으실 번호 [PHONE_REDACTED] 문의 내용 및 요청사항 - 이슈: 2 주 전 키오스크 프린터 용지 걸린 이후 출력 시 잉크번져서 출력되고 흐리게 출력된다하십니다 . 프린터 카트리지나 내부 확인해봤으나 동일하다며 H/W 점검 요청 하셨습니다 . 해당 내역으로 확인 부 탁 드립니다,"안녕하세요.김지은 매니저님 에이치앤아이디지탈 김하은입니다. 의원에서 처방전 프린터 작동 불가로 우선 점검 요청주시어, 차주 27일(화) 오전 10시경 삼성 엔지니어 방문드려 점검할 예정입니다",최종 조치가 예정/요청 단계로 보임,low,,,,,,,,,,
clinic_case,202360,3,202360-003,cust:202360,아하소아청소년과의원,202360,3,1,e9a669ab2569335e2bd641edfe4c02eb64be7c15,hardware,printer_output,프린터/출력,[점검공유] 키오스크 H/W 통화 요청의 件,2026-01-27 10:34,2026-01-27 10:34,1,TRUE,resolved,"{""distributor"": 1}",[프린터/출력] 교체 후 이상 없을 경우 점검 마무리할 예정이오니 참고 부탁드립니다 최신 대응: 삼성 엔지니어 점검 결과 정착기와 픽업롤러의 마모로 교체가 필요해 금일 교체 진행한다고 합니다 / 교체 후 이상 없을 경우 점검 마무리할 예정이오니 참고 부탁드립니다,교체 후 이상 없을 경우 점검 마무리할 예정이오니 참고 부탁드립니다,삼성 엔지니어 점검 결과 정착기와 픽업롤러의 마모로 교체가 필요해 금일 교체 진행한다고 합니다 / 교체 후 이상 없을 경우 점검 마무리할 예정이오니 참고 부탁드립니다,resolved,medium,안녕하세요. 에이치앤아이디지탈 김하은입니다. 삼성 엔지니어 점검 결과 정착기와 픽업롤러의 마모로 교체가 필요해 금일 교체 진행한다고 합니다. 교체 후 이상 없을 경우 점검 마무리할 예정이오니 참고 부탁드립니다,안녕하세요. 에이치앤아이디지탈 김하은입니다. 삼성 엔지니어 점검 결과 정착기와 픽업롤러의 마모로 교체가 필요해 금일 교체 진행한다고 합니다. 교체 후 이상 없을 경우 점검 마무리할 예정이오니 참고 부탁드립니다,GT 보강 시 재사용 가능,low,,,,,,,,,,
clinic_case,202991,1,202991-001,cust:202991,여의도진주소아청소년과의원,202991,1,1,1907647ae872a2bfecbe56d7728c945018f5b919,hardware,payment_card_reader,카드결제/리더기,[통화요청] 키오스크 H/W 통화 요청의 件,2025-11-11 11:04,2025-11-13 15:52,5,TRUE,in_progress,"{""distributor"": 3, ""ubcare"": 2}","[카드결제/리더기] 키오스크 단말기가 망가진 것 같다고 합니다. 결제시 단말기에 반응이 없고 마그네틱으로도 읽지 못한다고 단말기 점검 요청하셨습니다. 확인부탁드립니다. 감사합니다. 해당 내역으로 확인 부 탁 드립니다. 감사합니다 최신 대응: , 병원고객팀 오창주입니다 / 장애인 아이콘 활성화 처리했습니다",키오스크 단말기가 망가진 것 같다고 합니다. 결제시 단말기에 반응이 없고 마그네틱으로도 읽지 못한다고 단말기 점검 요청하셨습니다. 확인부탁드립니다. 감사합니다. 해당 내역으로 확인 부 탁 드립니다. 감사합니다,", 병원고객팀 오창주입니다 / 장애인 아이콘 활성화 처리했습니다",in_progress,low,안녕하세요 유비케어 병원고객팀 유맑은샘입니다. 키오스크 문의내역 전달드립니다.(참조를 빼먹어 다시 메일드립니다) 구분 내용 고객정보 상호명 여의도진주소아청소년과 의원 고객명 권정현 요양기관기호 13318811 문의자 이름 접수실 선생님 연락 받으실 번호 [PHONE_REDACTED] 문의 내용 및 요청사항 - 이슈: 키오스크 단말기가 망가진 것 같다고 합니다. 결제시 단말기에 반응이 없고 마그네틱으로도 읽지 못한다고 단말기 점검 요청하셨습니다. 확인부탁드립니다. 감사합니다. 해당 내역으로 확인 부 탁 드립니다. 감사합니다,"안녕하세요, 병원고객팀 오창주입니다 . 장애인 아이콘 활성화 처리했습니다 . 이상입니다",최종 상태가 resolved가 아님,medium,,,,,,,,,,
clinic_case,203615,1,203615-001,cust:203615,평택반디소아청소년과의원,203615,1,0,b7bfa0cb324c1dbaa1acadc9ac2fe61597f57e82,hardware,payment_card_reader,카드결제/리더기,[긴급][통화요청] 키오스크 H/W 통화 요청의 件,2025-09-17 17:21,2025-09-17 18:40,2,TRUE,resolved,"{""ubcare"": 1, ""external"": 1}",[카드결제/리더기] 실행이 안되어 있는 상황으로 생각되나 최신 대응: 해당건 키오스크 기기 전원을 끊었다가 다시 연결하니 자연 해결되었습니다 / 현 상태에서 추가적인 대응은 하지 않으셔도 됨을 안내드립니다,실행이 안되어 있는 상황으로 생각되나,해당건 키오스크 기기 전원을 끊었다가 다시 연결하니 자연 해결되었습니다 / 현 상태에서 추가적인 대응은 하지 않으셔도 됨을 안내드립니다,resolved,high,"안녕하십니까, 운영기획팀 오창훈 매니저입니다 . 금일 키오스크 납품처에서 문제 발생한 건으로, 긴급도가 높아 가급적 우선 대응을 부탁드리겠습니다 . ■ 평택반디소아청소년과의원 ( 평택시 )_ 하프 K 1 대 사용 1) 인입내용: 금일 하프키오스크 설치된 처로 수납시 카드결제기능 작동하지 않아 인입 2) 요청사항: VCAT 실행이 안되어 있는 상황으로 생각되나, 리더기 불량 가능성도 있어 점검 부탁드립니다 . CAT ID 정상 입력여부 및 VCAT 정상 실행여부 확인 부탁드리고, 정상실행될경우 결제테스트 진행 부탁드립니다 . > SMARTRO VCAT 경로: C: \Smartro VCat\Bin\VCatRun.exe 실행 후, 하단 작업 트레이 우클릭하여 “V-CAT View” 실행하여 결제 테스트 결제테스트 실패 시 리더기 초기불량 가능성 있으므로 HNID 이관 부탁드립니다 . 3) 연락처: [","안녕하십니까, 운영기획팀 오창훈 매니저입니다. 해당건 키오스크 기기 전원을 끊었다가 다시 연결하니 자연 해결되었습니다. 카드 리더기의 일시적인 오류로 추정됩니다. 현 상태에서 추가적인 대응은 하지 않으셔도 됨을 안내드립니다",GT 보강 시 재사용 가능,low,,,,,,,,,,
clinic_case,203639,1,203639-001,cust:203639,로사여성의원,203639,1,1,0156b0a39f6628077d423181825b75b737e81ad0,hardware,printer_output,프린터/출력,[통화요청] 키오스크 H/W 통화 요청의 件 로사여성의원,2025-04-07 10:17,2025-04-08 17:12,2,TRUE,in_progress,"{""distributor"": 2}","[프린터/출력] 프린터 점검이 필요한 것으로 확인되어 삼성 엔지니어 익일 오전 방문 예정입니다 최신 대응: 의원에서 전일과 달리 금일 문제 없이 작동된다고 하여, 예방 차원에서 급지함 / 롤러 교체하였다고 하니 참고 부탁드립니다",프린터 점검이 필요한 것으로 확인되어 삼성 엔지니어 익일 오전 방문 예정입니다,"의원에서 전일과 달리 금일 문제 없이 작동된다고 하여, 예방 차원에서 급지함 / 롤러 교체하였다고 하니 참고 부탁드립니다",in_progress,medium,안녕하세요 에이치앤아이디지탈 김유미입니다. 해당 의원 안내 내용 공유드립니다. 프린터 점검이 필요한 것으로 확인되어 삼성 엔지니어 익일 오전 방문 예정입니다,"안녕하세요 에이치앤아이디지탈 김유미입니다. 금일 삼성 엔지니어 방문하여 2단 급지함 점검 진행하였습니다. 의원에서 전일과 달리 금일 문제 없이 작동된다고 하여, 예방 차원에서 급지함 롤러 교체하였다고 하니 참고 부탁드립니다",최종 상태가 resolved가 아님,medium,,,,,,,,,,
clinic_case,204063,1,204063-001,cust:204063,서울성모본이비인후과의원,204063,1,0,2c66ef69b7c37629960ad1f7cf6573b84e6137da,network,network_connection,네트워크/IP,[통화요청] 키오스크 H/W 통화 요청의 件,2025-05-22 09:23,2025-05-22 09:47,3,TRUE,resolved,"{""ubcare"": 3}",[네트워크/IP] 오늘 아침부터 키오스크 프로그램 실행 안됨 최신 대응: 저희 쪽 원격 프로그램에 의원병 노출되는 것으로 보아 인터넷 정상 연결 추측되어 의원에 연락드렸습니다 / / 기기 점검 확인 요청 지역 담당자 분 한테 인입된 건으로 빠른 처리 부탁드립니다,오늘 아침부터 키오스크 프로그램 실행 안됨,저희 쪽 원격 프로그램에 의원병 노출되는 것으로 보아 인터넷 정상 연결 추측되어 의원에 연락드렸습니다 / / 기기 점검 확인 요청 지역 담당자 분 한테 인입된 건으로 빠른 처리 부탁드립니다,resolved,high,안녕하세요 유비케어 병원고객팀 오태민매니저 입니다 . 키오스크 문의내역 전달드립니다 . 구분 내용 고객정보 상호명 서울성모본이비인후과의원 고객명 송은아 요양기관기호 13320734 문의자 이름 접수실 여자선생님 연락 받으실 번호 [PHONE_REDACTED]( [PHONE_REDACTED]) 문의 내용 및 요청사항 - 이슈: 오늘 아침부터 키오스크 프로그램 실행 안됨 확인해보니 인터넷이 안되서 LAN 선 재장착 해봐도 동일하게 인터넷 연결이 안됨 / 기기 점검 확인 요청 지역 담당자 분 한테 인입된 건으로 빠른 처리 부탁드립니다,"안녕하세요, 에이치앤아이디지탈 김하은입니다. 저희 쪽 원격 프로그램에 의원병 노출되는 것으로 보아 인터넷 정상 연결 추측되어 의원에 연락드렸습니다. 고정 IP -> 자동 IP로 변경 후 정상 작동중이라고 하며, 의원에서 고정 IP로 재변경 시 네트워크 연결 오류가 재발하는 경우, 의사랑 고객센터로 재접수하신다고 하니 참고 부탁드립니다. 감사합니다. 김하은 드림 ------------------------------------------ 김 하 은 사원 | ㈜에이치앤아이디지탈 www.hnid.co.kr 서울 금천구 디지털로10길 78 가산테라타워 1441호 Tel [PHONE_REDACTED] Fax [PHONE_REDACTED] Mobile [PHONE_REDACTED] E-mail he2625 @hnid.co.kr ------------------------------------------ -",GT 보강 시 재사용 가능,low,,,,,,,,,,
clinic_case,204304,1,204304-001,cust:204304,최보금소아청소년과의원,204304,13,5,4af02e741307e32ade49cc668176a26640ee590a,hardware,payment_card_reader,카드결제/리더기,[사업기획팀] 의사랑 키오스크 점검 요청 件,2025-04-07 10:44,2025-04-11 11:23,10,TRUE,resolved,"{""ubcare"": 6, ""distributor"": 4}","[카드결제/리더기] 달 밖에 안되었는데 문제가 많은 기기는 못쓰겠다고 하셨습니다 최신 대응: ” 란 문구가 떴단 내용이 있기에 정상 프로세스입니다 / 환자의 사용법이 잘못 되어 안내를 한 케이스여서, 카드리더기의 문제로 발생한 것이 아닙니다",달 밖에 안되었는데 문제가 많은 기기는 못쓰겠다고 하셨습니다,"” 란 문구가 떴단 내용이 있기에 정상 프로세스입니다 / 환자의 사용법이 잘못 되어 안내를 한 케이스여서, 카드리더기의 문제로 발생한 것이 아닙니다",resolved,high,"안녕하세요 매니저님 병원고객팀 오태민 입니다 . 해당 의원 동일한 이슈로 재인입 되어 키오스크 점검 & 기기교체 재요청 드립니다 . 4/4 카드 리더기 교체 진행 후 증상 개선 되지 않고 더 심해지셨다고 하시며 불만 심화되고 있습니다 . 원격으로 확인 도와드릴려고 했으나, 불만이 너무 심하시여 무조건 기기 교체로 진행해달라고 하시며, 구매 한지 1 달 밖에 안되었는데 문제가 많은 기기는 못쓰겠다고 하셨습니다 . 참고하여 방문 점검 및 기기교체로 진행 부탁드립니다","안녕하십니까 . 모바일페이개발팀 정재원입니다 . “ 거래불가카드 ” 응답을 받은 건들을 ksnet 에 문의하여 받은 답변 기반으로 상황 공유드립니다 . 4/7 거래불가 2 건 09: 07 분 경 IC 결제 실패 3 건 - cno: 611/ 이윤하 / 국민카드 15: 13 분 경 MS 결제 실패 2 건 - cno: 183/ 서예진 / 국민카드 à 오후 4 시경에 결제불가 현상이 발생했고 들었지만, 그 시간대의 로그에서 의심되는 로그는 없음 위 케이스 모두 수납 시 “ 국민행복카드 선택 ” 하고 일반카드로 결제를 하여 실패 금번 인입 메일에 “ 사용할 수 없는 카드입니다 ” 란 문구가 떴단 내용이 있기에 정상 프로세스입니다 . 환자의 사용법이 잘못 되어 안내를 한 케이스여서, 카드리더기의 문제로 발생한 것이 아닙니다 . 문의사항 있으시면, 회신 부탁드립니다",GT 보강 시 재사용 가능,low,,,,,,,,,,
clinic_case,204304,2,204304-002,cust:204304,최보금소아청소년과의원,204304,13,5,9bf15752ab748a5ea07ad101068081873467cab0,hardware,generic_check_request,점검/문의,FYI: [사업기획팀] 의사랑 키오스크 점검 요청 件,2025-04-08 16:14,2025-04-08 16:14,1,TRUE,in_progress,"{""ubcare"": 1}","[점검/문의] FYI( 아래 메일 확인 수신 대리점 담당 AM, 정재원 참조: HNID 사람들 고재웅 안수찬 정웅기 최정민 허지운 최신 대응: FYI( 아래 메일 확인 ) 수신: 대리점 담당 AM, 정재원 M 참조: HNID 사람들, 고재웅, 안수찬, 정웅기, 최정민, 허지운, 사업기획팀","FYI( 아래 메일 확인 수신 대리점 담당 AM, 정재원 참조: HNID 사람들 고재웅 안수찬 정웅기 최정민 허지운","FYI( 아래 메일 확인 ) 수신: 대리점 담당 AM, 정재원 M 참조: HNID 사람들, 고재웅, 안수찬, 정웅기, 최정민, 허지운, 사업기획팀",in_progress,low,"FYI( 아래 메일 확인 ) 수신: 대리점 담당 AM, 정재원 M 참조: HNID 사람들, 고재웅, 안수찬, 정웅기, 최정민, 허지운, 사업기획팀","FYI( 아래 메일 확인 ) 수신: 대리점 담당 AM, 정재원 M 참조: HNID 사람들, 고재웅, 안수찬, 정웅기, 최정민, 허지운, 사업기획팀",최종 상태가 resolved가 아님,high,,,,,,,,,,
clinic_case,204304,3,204304-003,cust:204304,최보금소아청소년과의원,204304,13,5,986e1a6170b045c5e97e31473d6c22df4e64f0fe,hardware,payment_card_reader,카드결제/리더기,의사랑 키오스크 점검 요청 件,2025-04-09 13:51,2025-04-09 13:51,1,TRUE,resolved,"{""ubcare"": 1}","[카드결제/리더기] 최보금소아청소년과 금일 제조사 엔지니어 방문드려 새 카드리더기로 교체 후 정상 결제 확인하였습니다 최신 대응: 최보금소아청소년과 금일 제조사 엔지니어 방문드려 새 카드리더기로 교체 후 정상 결제 확인하였습니다 / (키오스크 재부팅 전, 후로 여러번 확인 완료) 아울러 원내 원장님께서 현장 엔지니어에게 단순히 카드리더기 교체 후 증상 재발에 대한 불만이 아닌, 결제 관련 이슈에 대해 유비케어를 통한 여러 차례의 원격 점검 및 유선 응대가 있었음에도 처리가 지연된 부분에 대해 항의 의사를 표명하였습니다",최보금소아청소년과 금일 제조사 엔지니어 방문드려 새 카드리더기로 교체 후 정상 결제 확인하였습니다,"최보금소아청소년과 금일 제조사 엔지니어 방문드려 새 카드리더기로 교체 후 정상 결제 확인하였습니다 / (키오스크 재부팅 전, 후로 여러번 확인 완료) 아울러 원내 원장님께서 현장 엔지니어에게 단순히 카드리더기 교체 후 증상 재발에 대한 불만이 아닌, 결제 관련 이슈에 대해 유비케어를 통한 여러 차례의 원격 점검 및 유선 응대가 있었음에도 처리가 지연된 부분에 대해 항의 의사를 표명하였습니다",resolved,high,"안녕하세요. 오창훈 매니저님 에이치앤아이디지탈 김하은입니다. 최보금소아청소년과 금일 제조사 엔지니어 방문드려 새 카드리더기로 교체 후 정상 결제 확인하였습니다. 점검 과정에서 KSNET 업데이트 팝업창이 지속 노출되어 확인해보니, '비활성화' 되어 있어 '활성화'로 변경 및 테스트 시 팝업창 노출 없이 정상 작동 확인하였습니다. (키오스크 재부팅 전, 후로 여러번 확인 완료) 아울러 원내 원장님께서 현장 엔지니어에게 단순히 카드리더기 교체 후 증상 재발에 대한 불만이 아닌, 결제 관련 이슈에 대해 유비케어를 통한 여러 차례의 원격 점검 및 유선 응대가 있었음에도 처리가 지연된 부분에 대해 항의 의사를 표명하였습니다. 그러나 본 건은 초기 메일 이관 시점에 유비케어로부터 어떤 항목을 점검 받았는지, 혹은 로그 수집이 이루어졌는지에 대한 상세 정보가 공유되지 않아 대응에 다소 제약이 있던 상황임을 ","안녕하세요. 오창훈 매니저님 에이치앤아이디지탈 김하은입니다. 최보금소아청소년과 금일 제조사 엔지니어 방문드려 새 카드리더기로 교체 후 정상 결제 확인하였습니다. 점검 과정에서 KSNET 업데이트 팝업창이 지속 노출되어 확인해보니, '비활성화' 되어 있어 '활성화'로 변경 및 테스트 시 팝업창 노출 없이 정상 작동 확인하였습니다. (키오스크 재부팅 전, 후로 여러번 확인 완료) 아울러 원내 원장님께서 현장 엔지니어에게 단순히 카드리더기 교체 후 증상 재발에 대한 불만이 아닌, 결제 관련 이슈에 대해 유비케어를 통한 여러 차례의 원격 점검 및 유선 응대가 있었음에도 처리가 지연된 부분에 대해 항의 의사를 표명하였습니다. 그러나 본 건은 초기 메일 이관 시점에 유비케어로부터 어떤 항목을 점검 받았는지, 혹은 로그 수집이 이루어졌는지에 대한 상세 정보가 공유되지 않아 대응에 다소 제약이 있던 상황임을 ",GT 보강 시 재사용 가능,low,,,,,,,,,,
clinic_case,204304,4,204304-004,cust:204304,최보금소아청소년과의원,204304,13,5,42147259e3881d40d26e2950941c0c72d14df7df,software,device_power_display,전원/화면,[의사랑 키오스크] 흰 화면 관련 문의 인입 대응 요청,2025-04-09 15:35,2025-04-09 16:07,2,FALSE,in_progress,"{""ubcare"": 2}","[전원/화면] 건은 승인 요청 실패로 끝났습니다 최신 대응: 원격 보는 동안 제가 직접 로그를 옮기려 했으나, 파일을 다운로드하는 순간 원격이 끊겨서 다시 요청드리는 점 양해 부탁드립니다 / 그리고 원격으로 확인한 “ 네트워크 링크 분리 ” 이벤트 로그도 첨부드립니다",건은 승인 요청 실패로 끝났습니다,"원격 보는 동안 제가 직접 로그를 옮기려 했으나, 파일을 다운로드하는 순간 원격이 끊겨서 다시 요청드리는 점 양해 부탁드립니다 / 그리고 원격으로 확인한 “ 네트워크 링크 분리 ” 이벤트 로그도 첨부드립니다",in_progress,low,안녕하세요 . 병원고객팀 안수찬입니다 . 로그파일 전달 드립니다,"안녕하십니까 . 모바일페이개발팀 정재원입니다 . 보내 주신 로그 확인해 본 결과, 유독 결제가 오래 걸린 케이스가 2 건 발견되었습니다 . (60 초, 53 초 ) 그 중 1 건은 승인 요청 실패로 끝났습니다 . 앱 로그만으로 상세 원인을 알 수 없어 4/7 기준 키오스크 관련 전체 로그 수집을 요청드립니다 . VCAT 로그에 네트워크 이슈 또는 다른 원인이 있는지 보고자 합니다 . 원격 보는 동안 제가 직접 로그를 옮기려 했으나, 파일을 다운로드하는 순간 원격이 끊겨서 다시 요청드리는 점 양해 부탁드립니다 . 그리고 원격으로 확인한 “ 네트워크 링크 분리 ” 이벤트 로그도 첨부드립니다",최종 상태가 resolved가 아님; 최종 조치가 예정/요청 단계로 보임,high,,,,,,,,,,
clinic_case,204304,5,204304-005,cust:204304,최보금소아청소년과의원,204304,13,5,1470467df6a81a83e67d019fcb15b53ef7051d33,hardware,network_connection,네트워크/IP,[사업기획팀] 키오스크 장애관련 대응방안 안내의 건,2025-04-09 18:00,2025-04-09 19:25,2,TRUE,resolved,"{""ubcare"": 2}",[네트워크/IP] 장애 또는 인터넷이 안되는 상태에 대해서는 어떤 방법으로도 최신 대응: 무상기간 내 교체는 준비된 수리용 부품으로 대응한다 / 다른 NIC 장애로 회수된 셋탑들이 계속 돌고 있다는 이야기라 조치가 필요하다고 판단됩니다,장애 또는 인터넷이 안되는 상태에 대해서는 어떤 방법으로도,무상기간 내 교체는 준비된 수리용 부품으로 대응한다 / 다른 NIC 장애로 회수된 셋탑들이 계속 돌고 있다는 이야기라 조치가 필요하다고 판단됩니다,resolved,medium,최보금소아청소년과의원 장애대응관련 팀참조 누락하여 전달드립니다,"안녕하세요, 모바일페이개발팀 정웅기입니다 . 아래 공유주신 내용 관련하여 다음 사항 문의 / 의견 드립니다 . 무상기간 내 교체는 준비된 수리용 부품으로 대응한다 à 결국 다른 곳에서 장애로 회수된 부품을 돌려쓴다고 볼 수도 있는 부분 같은데, 수리용으로 준비된 부품의 출처가 어떻게 될까요 ? 현재 칩셋이슈가 의심되는 셋탑들에 대해서도 제조사에서는 문제에 대해서 인정한 적이 없는데, 결과적으로 돌려막기 중인 게 아닌가 싶습니다 . 위 상황대로라면 .. 다른 NIC 장애로 회수된 셋탑들이 계속 돌고 있다는 이야기라 조치가 필요하다고 판단됩니다 . 원인파악 방안 à 현재 이슈되고 있는 모든 장애의원에서 네트워크 장애 상태가 발견되고 있습니다 . 개발팀에서도 최대한 고객 이슈해소를 위해 협조를 하겠으나, S/W 의 최적화나 장애 영향을 줄이려는 노력은 별개로 진행되는 것이고 H/W 장애 또는 인터넷이",GT 보강 시 재사용 가능,low,,,,,,,,,,
clinic_case,204304,6,204304-006,cust:204304,최보금소아청소년과의원,204304,13,5,695474cef56f1bd7a1baa22b582c61ff6a4afd9a,hardware,payment_card_reader,카드결제/리더기,[유비케어] 의사랑 키오스크 점검 진행사항 안내 件,2025-04-09 18:43,2025-04-17 13:18,5,TRUE,resolved,"{""ubcare"": 5}",[카드결제/리더기] 삼성페이 간헐적 결제 불가 최신 대응: 금일 제조사 엔지니어 방문드려 키오스크 교체 진행 마쳤습니다 / 실제 환자 수납까지 정상 진행되는 점 확인하여 철수할 예정이오니 참고 부탁드립니다,삼성페이 간헐적 결제 불가,금일 제조사 엔지니어 방문드려 키오스크 교체 진행 마쳤습니다 / 실제 환자 수납까지 정상 진행되는 점 확인하여 철수할 예정이오니 참고 부탁드립니다,resolved,high,"안녕하세요, 유비케어 최미선입니다 . 최보금소아청소년과의원 키오스크 이슈 관련 고객 / 대리점 담당자 통해 확인된 내용 전달드립니다 . 우선, 위 병의원으로부터 초기 인입된 이슈는 ‘IC 칩 / 삼성페이 간헐적 결제 불가 ’ 현상으로 HW 문제로 판단 / HNID 에 이관하였습니다 . 카드리더기 교체 후 4/7( 월 ) 이슈 재발되어 유비케어에서 ‘ 부품 재점검 및 기기 전체 교체 ’ 를 문의드렸으나, 4/9( 수 ) 엔지니어가 부품 점검 및 교체 진행하는 과정에서 ‘HW 부품 교체 사유 미안내 ’ 및 ‘1 차 교체 장비가 중고 제품인 관계로 이슈가 재발된 것 같다 ’ 고 고객에게 안내했다고 전달받았습니다 . 내부적으로, 키오스크 납품 10 일 후부터 HW 부품 교체 ( 재고용 ) / 기기 전체 교체 불가 한 점 알고 있으나 위 히스토리로 미루어 보았을 때, 아래 두 가지 사유로 고객의 불만이 ","안녕하세요, 매니저님 에이치앤아이디지탈 김하은입니다. 금일 제조사 엔지니어 방문드려 키오스크 교체 진행 마쳤습니다. 실제 환자 수납까지 정상 진행되는 점 확인하여 철수할 예정이오니 참고 부탁드립니다",이슈 요약 근거가 약함,low,,,,,,,,,,
clinic_case,204304,7,204304-007,cust:204304,최보금소아청소년과의원,204304,13,5,0df005f90bd9e30e526b02a0f32fc3d3966aa0fc,payment,payment_card_reader,카드결제/리더기,[최보금소아청소년과] 의사랑 키오스크 카드 결제 불가 건 VCAT 전문 공유,2025-04-10 16:04,2025-04-10 16:04,1,FALSE,in_progress,"{""ubcare"": 1}",[카드결제/리더기] 금일 안수찬 시매님께 전달받은 로그 파일에서 발견한 VCAT 로그 전문 전달드립니다 최신 대응: 카드 문제 이외에 카드리더기 또는 네트워크 불안정 등의 다른 이유로 발생할 수 있는지 파악하려고 합니다 / 문의사항 있으시면 회신 부탁드립니다,금일 안수찬 시매님께 전달받은 로그 파일에서 발견한 VCAT 로그 전문 전달드립니다,카드 문제 이외에 카드리더기 또는 네트워크 불안정 등의 다른 이유로 발생할 수 있는지 파악하려고 합니다 / 문의사항 있으시면 회신 부탁드립니다,in_progress,low,안녕하세요 . 모바일페이개발팀 정재원입니다 . 금일 안수찬 시매님께 전달받은 로그 파일에서 발견한 VCAT 로그 전문 전달드립니다 . 09: 07 ~ 09: 08 1 건 ( 총 3 번 실패 ) 15: 13 1 건 ( 총 2 번 실패 ) KSCAT_20250407 LOG 내용 [KSCAT - v2.4.0.7 (ver.20230913)] [2025-04-07 09: 07: 46.121][06192] ▷ 거래요청 응답 [0454 [1] IC010210NUBCARE0327 000000000000X841800T5250407090745C 거래불가카드 029231053515 117480452 02KB 국민마스타체크 02KB 국민카드 26356EFF4A0FD43B1E000000000000000000000000000000000000TEL)1544-4700 KSNET 제출 52728993******** ] [KS,안녕하세요 . 모바일페이개발팀 정재원입니다 . 금일 안수찬 시매님께 전달받은 로그 파일에서 발견한 VCAT 로그 전문 전달드립니다 . 09: 07 ~ 09: 08 1 건 ( 총 3 번 실패 ) 15: 13 1 건 ( 총 2 번 실패 ) KSCAT_20250407 LOG 내용 [KSCAT - v2.4.0.7 (ver.20230913)] [2025-04-07 09: 07: 46.121][06192] ▷ 거래요청 응답 [0454 [1] IC010210NUBCARE0327 000000000000X841800T5250407090745C 거래불가카드 029231053515 117480452 02KB 국민마스타체크 02KB 국민카드 26356EFF4A0FD43B1E000000000000000000000000000000000000TEL)1544-4700 KSNET 제출 52728993******** ] [KS,최종 상태가 resolved가 아님,medium,,,,,,,,,,
clinic_case,204304,8,204304-008,cust:204304,최보금소아청소년과의원,204304,13,5,2601a825a6dfe1b88a17bd54171531b79c6d621b,payment,payment_card_reader,카드결제/리더기,[유비케어] KSCAT 프로그램 거래 응답(거래불가카드) 관련 문의 件,2025-04-10 16:22,2025-04-11 11:00,3,FALSE,in_progress,"{""ubcare"": 3}","[카드결제/리더기] 최근 병의원에서 키오스크로 결제 시도 시 “KSCAT-‘ 거래불가카드 응답 결제 실패 하는 경우가 종종 발생되고 있어 해당 문구로 응답되는 원인 및 케이스 관련 확인 요청드립니다 최신 대응: 추가 문의 주신 거래 건도 동일하게 임산부 바우처 카드가 아닌데, 38개월로 할부 설정되어 거절된 건으로 확인했습니다 / 해당 리스트로도 확인이 어려운 경우가 있으니, 참고부탁드립니다",최근 병의원에서 키오스크로 결제 시도 시 “KSCAT-‘ 거래불가카드 응답 결제 실패 하는 경우가 종종 발생되고 있어 해당 문구로 응답되는 원인 및 케이스 관련 확인 요청드립니다,"추가 문의 주신 거래 건도 동일하게 임산부 바우처 카드가 아닌데, 38개월로 할부 설정되어 거절된 건으로 확인했습니다 / 해당 리스트로도 확인이 어려운 경우가 있으니, 참고부탁드립니다",in_progress,low,"안녕하세요, 유비케어 최미선입니다 . 최근 병의원에서 키오스크로 결제 시도 시 “KSCAT-‘ 거래불가카드 ’ 응답 > 결제 실패 ” 하는 경우가 종종 발생되고 있어, 해당 문구로 응답되는 원인 및 케이스 관련 확인 요청드립니다 . 거래불가카드 응답 원인 ( 예시 ): 카드 자체 문제 / 카드 리더기 문제 / 네트워크 불안정 등 예시 로그 전달드리오니 참고 부탁드리며, 명일 (4/11) 오전 중으로 회신주시면 감사하겠습니다 . - 의원명: 최보금소아청소년과의원 ( 캣아이디 UBCARE0327) KSCAT_20250407 LOG 내용 [KSCAT - v2.4.0.7 (ver.20230913)] [2025-04-07 09: 07: 46.121][06192] ▷ 거래요청 응답 [0454[1]IC010210NUBCARE0327 000000000000X841800T5250407090745C 거래불가카드 ","안녕하십니까 정재원 매니저님 케이에스넷 진민규 매니저입니다. 추가 문의 주신 거래 건도 동일하게 임산부 바우처 카드가 아닌데, 38개월로 할부 설정되어 거절된 건으로 확인했습니다. 추가로, 신용카드 응답코드 리스트 전달해 드립니다. 해당 리스트로도 확인이 어려운 경우가 있으니, 참고부탁드립니다. 검토 부탁드립니다",최종 상태가 resolved가 아님,medium,,,,,,,,,,
clinic_case,204304,9,204304-009,cust:204304,최보금소아청소년과의원,204304,13,5,0307196d2b2997fb0e108d7b796ce8dcf8fc0466,hardware,payment_card_reader,카드결제/리더기,[의사랑 웹 고객의 소리 고객신고 에 대한 답변] 키오스크의 반복적인 오류,2025-04-11 11:00,2025-04-11 11:00,1,TRUE,in_progress,"{""ubcare"": 1}","[카드결제/리더기] ) 초기 인입된 이슈는 ‘ IC 칩 / 삼성페이 간헐적 결제 불가’ 현상 카드리더기 교체 후 4/7( 월 ) 이슈 재발되어 유비케어에서 ‘부품 재점검 및 기기 전체 교체’를 문의 4/9( 수 ) 엔지니어가 부품 점검 및 교체 진행하는 과정에서 ‘ HW 부품 교체 사유 미안내’ 및 ‘ 1 차 교체 장비가 중고 제품인 관계로 이슈가 재발된 것 같다’고 고객에게 안내했고 이 과정 중 원장님의 컴플 최신 대응: 의원 요청사항 ) 신규 키오스크 기기로 교체 희망 금일까지 / 대응 방안에 대한 안내 없을 시 소비자 보호원에 신고할 예정이라고 최원보 담당자에게 전달 빠르게 확인 후, 신규 기기 교체 가능여부 빠르게 확인 후 연락 드리겠습니다",) 초기 인입된 이슈는 ‘ IC 칩 / 삼성페이 간헐적 결제 불가’ 현상 카드리더기 교체 후 4/7( 월 ) 이슈 재발되어 유비케어에서 ‘부품 재점검 및 기기 전체 교체’를 문의 4/9( 수 ) 엔지니어가 부품 점검 및 교체 진행하는 과정에서 ‘ HW 부품 교체 사유 미안내’ 및 ‘ 1 차 교체 장비가 중고 제품인 관계로 이슈가 재발된 것 같다’고 고객에게 안내했고 이 과정 중 원장님의 컴플,"의원 요청사항 ) 신규 키오스크 기기로 교체 희망 금일까지 / 대응 방안에 대한 안내 없을 시 소비자 보호원에 신고할 예정이라고 최원보 담당자에게 전달 빠르게 확인 후, 신규 기기 교체 가능여부 빠르게 확인 후 연락 드리겠습니다",in_progress,low,"안녕하십니까 . 사업기획팀 김미정 입니다 . 이사님 . 최보금 소아청소년과 원장님께서 고객게시판에 문의 주신 사항 공유 드립니다 . 현황 ) 초기 인입된 이슈는 ‘ IC 칩 / 삼성페이 간헐적 결제 불가’ 현상 카드리더기 교체 후 4/7( 월 ) 이슈 재발되어 유비케어에서 ‘부품 재점검 및 기기 전체 교체’를 문의 4/9( 수 ) 엔지니어가 부품 점검 및 교체 진행하는 과정에서 ‘ HW 부품 교체 사유 미안내’ 및 ‘ 1 차 교체 장비가 중고 제품인 관계로 이슈가 재발된 것 같다’고 고객에게 안내했고 이 과정 중 원장님의 컴플레인 강도가 더 높아진 것으로 보입니다 . 의원 요청사항 ) 신규 키오스크 기기로 교체 희망 금일까지 . 대응 방안에 대한 안내 없을 시 소비자 보호원에 신고할 예정이라고 최원보 담당자에게 전달 빠르게 확인 후, 신규 기기 교체 가능여부 빠르게 확인 후 연락 드리겠습니다 .","안녕하십니까 . 사업기획팀 김미정 입니다 . 이사님 . 최보금 소아청소년과 원장님께서 고객게시판에 문의 주신 사항 공유 드립니다 . 현황 ) 초기 인입된 이슈는 ‘ IC 칩 / 삼성페이 간헐적 결제 불가’ 현상 카드리더기 교체 후 4/7( 월 ) 이슈 재발되어 유비케어에서 ‘부품 재점검 및 기기 전체 교체’를 문의 4/9( 수 ) 엔지니어가 부품 점검 및 교체 진행하는 과정에서 ‘ HW 부품 교체 사유 미안내’ 및 ‘ 1 차 교체 장비가 중고 제품인 관계로 이슈가 재발된 것 같다’고 고객에게 안내했고 이 과정 중 원장님의 컴플레인 강도가 더 높아진 것으로 보입니다 . 의원 요청사항 ) 신규 키오스크 기기로 교체 희망 금일까지 . 대응 방안에 대한 안내 없을 시 소비자 보호원에 신고할 예정이라고 최원보 담당자에게 전달 빠르게 확인 후, 신규 기기 교체 가능여부 빠르게 확인 후 연락 드리겠습니다 .",최종 상태가 resolved가 아님,medium,,,,,,,,,,
clinic_case,204304,10,204304-010,cust:204304,최보금소아청소년과의원,204304,13,5,81211cb8c7a3d5f680c88aede22a3e6fa85d0bc9,payment,payment_card_reader,카드결제/리더기,[사업기획팀] 의사랑 키오스크 SW 기능 개선 요청 件_국민행복카드,2025-04-11 12:38,2025-04-11 12:53,2,FALSE,resolved,"{""ubcare"": 2}",[카드결제/리더기] 정확한 사유 없이 승인실패 라는 형태로만 받고 있기 때문에 최신 대응: 현재 정기 2 차 개발완료 / 드물게 발생하는 케이스를 위해 모든 국민행복카드 고객이 결제 전 올바른 카드를 넣었는지 확인하는 등의 추가 조치를 하면 전체적인 사용성이 낮아지는 결과가 될 수 있는 부분도 검토 요청 드립니다,정확한 사유 없이 승인실패 라는 형태로만 받고 있기 때문에,현재 정기 2 차 개발완료 / 드물게 발생하는 케이스를 위해 모든 국민행복카드 고객이 결제 전 올바른 카드를 넣었는지 확인하는 등의 추가 조치를 하면 전체적인 사용성이 낮아지는 결과가 될 수 있는 부분도 검토 요청 드립니다,resolved,high,"안녕하세요, 사업기획팀 최미선입니다 . 의사랑 키오스크 국민행복카드 결제 관련 SW UI 개선 요청 메일드립니다 . 금번 최보금소아청소년과의원에서 키오스크 결제 시 국민행복카드 조건을 잘못 선택함에 따라 발생된 케이스이나, 환자가 해당 카드가 아님에도 불구하고 ( 기간 만료 / 선택 실수 등 ), 조건 선택 / 결제할 때 노출되는 팝업 문구가 변경된다면, 고객의 오해를 최소화 할 수 있을 것 같습니다 . - 환자가 ‘ 국민행복카드 ’ 가 아닌 카드로 수납 시도 시 기존 개선 ( 예시 ) 사용할 수 없는 카드입니다 . 국민행복카드 ( 임신바우처 ) 가 아닙니다 . ( 국민행복카드 선택 해지 또는 다른 카드로 결제 진행해주시기 바랍니다 .) 위 기능 정기 2 차 업데이트에 반영하여 배포 가능한지 검토 부탁드립니다","안녕하세요, 모바일페이개발팀 정웅기입니다 . 현재 국민행복카드 사용 시, 사용자가 직접 사용여부를 선택하고 진행하도록 되어 있습니다 . 그리고, 올바른 카드 여부는 결제 승인요청을 하고, 카드사가 VAN 을 통해 반환하는 결과값을 통해서만 확인 가능합니다 . 정확한 사유 없이 승인실패 라는 형태로만 받고 있기 때문에 KSNET / Smartro 양사에 정확한 사유를 반환하도록 가이드 ( 필요시 기능개발 ) 요청을 해야 합니다 . 현재 정기 2 차 개발완료 일정은 4/18 입니다 . 상당한 시간이 필요할 것으로 보이는 건으로 금번 배포에 포함시키는 것은 불가능합니다 . 또한, 초기 단계에서 사용자가 “ 직접 ” 국민행복카드 사용 여부를 선택했음에도 불구하고 잘못된 카드를 사용하여 발생하는 부분은, UI 상 오해를 불러올 수 있는 부분 이라기 보다는 사용자의 한계라고 보는 편이 맞다고 생각됩니다 .",GT 보강 시 재사용 가능,low,,,,,,,,,,
clinic_case,204304,11,204304-011,cust:204304,최보금소아청소년과의원,204304,13,5,df26bf79fabb2f512554706a3773352d4f25f20b,payment,payment_card_reader,카드결제/리더기,[최보금소아청소년과의원] 결제 후 키오스크 오류 발생으로 인한 접수실 수납구분 문제 확인 요청,2025-04-18 16:51,2025-04-18 18:21,2,FALSE,resolved,"{""ubcare"": 2}","[카드결제/리더기] 어제 (4/17) 키오스크 교체작업을 진행한 에서 결제 이슈가 발생하여 확인 요청 드립니다 최신 대응: 이후, 수납 상태 변경을 위하여 다시 한번 수납 가능 상태인지를 체크하는데 “ 수납 완료 / 즉, 환자가 키오스크로 수납하는 도중에 접수실에서 수납 완료",어제 (4/17) 키오스크 교체작업을 진행한 에서 결제 이슈가 발생하여 확인 요청 드립니다,"이후, 수납 상태 변경을 위하여 다시 한번 수납 가능 상태인지를 체크하는데 “ 수납 완료 / 즉, 환자가 키오스크로 수납하는 도중에 접수실에서 수납 완료",resolved,high,안녕하세요 . 병원고객팀 안수찬입니다 . 어제 (4/17) 키오스크 교체작업을 진행한 최보금소아청소년과의원에서 결제 이슈가 발생하여 확인 요청 드립니다 . n 이슈사항 ① 차트번호 23 번 안유온 환자를 키오스크로 수납할 때 오류 발생 ② 위 환자가 접수실 프로그램에는 [ 카드 ] 로 수납이 넘어가 있음 실제 결제가 되었다고 전달 받은 것으로 보았을 때 국민행복카드 이슈는 아닌 것 같습니다 . 로그를 첨부하여 전달 드리오니 확인 부탁드립니다,"안녕하십니까, 모바일페이개발팀 정재원입니다 . 로그 분석 결과 공유드립니다 . [16: 26] “ 안유온 ” 환자 수납 시작 (chartNo: 42) à 결제 승인 완료, 수납 처리 시작 à 이미 수납 완료 상태로 조회됨 à 무카드취소 진행 ( 성공 ) 키오스크 플레이어 수납 시, 수납 가능한 환자 리스트를 조회합니다 . 그 시점에서 “ 안유온 ” 환자는 수납 가능한 환자였고, 결제를 진행하여 승인까지 완료했습니다 . 이후, 수납 상태 변경을 위하여 다시 한번 수납 가능 상태인지를 체크하는데 “ 수납 완료 ” 상태로 조회가 되어 더 이상 수납을 진행하지 않고 무카드취소를 진행하였습니다 .( 취소 성공 ) 접수실에서 “ 카드 ” 수납으로 표시된다면, 접수실에서 수납 처리하지 않았나 싶습니다 . 즉, 환자가 키오스크로 수납하는 도중에 접수실에서 수납 완료 상태로 변경하였다면 현재 같은 상황이 발생할",GT 보강 시 재사용 가능,low,,,,,,,,,,
clinic_case,204304,12,204304-012,cust:204304,최보금소아청소년과의원,204304,13,5,975e1ee761d9ae3b3831dcb456e0d568181d109f,hardware,generic_check_request,점검/문의,[통화요청] 키오스크 H/W 통화 요청의 件,2025-07-26 09:31,2025-08-01 13:15,7,TRUE,resolved,"{""distributor"": 4, ""ubcare"": 3}","[점검/문의] 의사랑 키오스크가 터치가 안되는 현상이 있다고 하십니다 최신 대응: 해당 의원 금일 제조사 엔지니어 방문하여 점검 결과, 패널 문제로 확인되어 패널 교체 완료하였습니다 / 참고 부탁드립니다",의사랑 키오스크가 터치가 안되는 현상이 있다고 하십니다,"해당 의원 금일 제조사 엔지니어 방문하여 점검 결과, 패널 문제로 확인되어 패널 교체 완료하였습니다 / 참고 부탁드립니다",resolved,high,"안녕하세요 유비케어 병원고객팀 강보득솔 시니어매니저입니다 . 키오스크 문의내역 전달드립니다 . 구분 내용 고객정보 상호명 최보금소아청소년과의원 고객명 최보금 요양기관기호 37368133 문의자 이름 의사랑 대리점 담당자 연락 받으실 번호 [PHONE_REDACTED] 문의 내용 및 요청사항 - 이슈: 의사랑 키오스크가 터치가 안되는 현상이 있다고 하십니다 . 숫자 입력 하는 부분 중 1 4 7 부분이 터치가 안되며, 원격으로 확인시에는 정상적으로 클릭 됩니다 . 관련하여 점검 요청하셔서 메일 드립니다 . 월요일에 연락 가능하다 안내드렸으며, 최대한 빠른 방문일자 확인 후 연락 달라고 하셨습니다 . 해당 내역으로 확인부 탁드립니다","안녕하세요 에이치앤아이디지탈 김유미입니다. 해당 의원 금일 제조사 엔지니어 방문하여 점검 결과, 패널 문제로 확인되어 패널 교체 완료하였습니다. 참고 부탁드립니다",GT 보강 시 재사용 가능,medium,,,,,,,,,,
clinic_case,204304,13,204304-013,cust:204304,최보금소아청소년과의원,204304,13,5,2bad371a137fb652300f310bf364d4cf71585288,hardware,device_power_display,전원/화면,[통화요청] 키오스크 H/W 통화 요청의 件,2025-08-26 16:13,2025-09-04 14:26,2,TRUE,resolved,"{""ubcare"": 1, ""distributor"": 1}","[전원/화면] 8 월 초 패널 터치가 되지 않는 증상으로 교체 받은 이후 동일증상 발생 1, 4, 7, 010 세로 라인 모두 터치가 되지 않았고, 재부팅 후에는 잠시 사용 가능하나 동일 증상 지속 발생함 최신 대응: 제조사 엔지니어 일정 앞당겨져 금일 오전 9시에 방문드려 패널 교체 진행하였습니다 / 이전에도 동일 증상으로 패널 교체한 이력 있어, 기타 H/W 점검도 진행했으나 특이사항 발견되지 않아 패널 교체 후 정상 작동 확인하여 철수하였습니다","8 월 초 패널 터치가 되지 않는 증상으로 교체 받은 이후 동일증상 발생 1, 4, 7, 010 세로 라인 모두 터치가 되지 않았고, 재부팅 후에는 잠시 사용 가능하나 동일 증상 지속 발생함","제조사 엔지니어 일정 앞당겨져 금일 오전 9시에 방문드려 패널 교체 진행하였습니다 / 이전에도 동일 증상으로 패널 교체한 이력 있어, 기타 H/W 점검도 진행했으나 특이사항 발견되지 않아 패널 교체 후 정상 작동 확인하여 철수하였습니다",resolved,high,"안녕하세요 . 유비케어 병원고객팀 안수찬입니다 . 아래 고객 8 월 초 교체 이후에도 동일증상이 발생하여 점검 요청 드립니다 . 금일 (8/26) 담당자가 방문하여 실제 확인 시에도 터치가 되지 않았으며, 마우스로는 정상작동 한 것으로 보아 프로그램 문제로 보여지지는 않습니다 . 자세한 내용은 아래 참고 부탁드립니다 . 구분 내용 고객정보 상호명 최보금소아청소년과의원 고객명 최보금 요양기관기호 37368133 문의자 이름 의사랑 대리점 담당자 연락 받으실 번호 [PHONE_REDACTED] 문의 내용 및 요청사항 - 이슈: 8 월 초 패널 터치가 되지 않는 증상으로 교체 받은 이후 동일증상 발생 1, 4, 7, 010 세로 라인 모두 터치가 되지 않았고, 재부팅 후에는 잠시 사용 가능하나 동일 증상 지속 발생함","안녕하세요, 안수찬 매니저님 에이치앤아이디지탈 김하은입니다. 제조사 엔지니어 일정 앞당겨져 금일 오전 9시에 방문드려 패널 교체 진행하였습니다. 이전에도 동일 증상으로 패널 교체한 이력 있어, 기타 H/W 점검도 진행했으나 특이사항 발견되지 않아 패널 교체 후 정상 작동 확인하여 철수하였습니다",GT 보강 시 재사용 가능,low,,,,,,,,,,
clinic_case,204685,1,204685-001,cust:204685,365마디팔팔의원,204685,1,1,d2caface21400a485ed88b4ad990a8ef1c9833a3,hardware,printer_output,프린터/출력,[통화요청] 키오스크 H/W 통화 요청의 件,2025-07-07 09:15,2025-07-07 09:36,2,TRUE,in_progress,"{""ubcare"": 1, ""distributor"": 1}","[프린터/출력] 키오스크 문의내역 전달드립니다 최신 대응: 영수증 프린터는 잉크가 따로 장착되지 않아 자세한 확인을 위해 의원 연락 드려보니, 처방전 프린터에서만 나타나는 증상이라고 합니다 / 현재 재생토너 사용중이라고 하시어 정품토너로 우선 교체 안내드렸습니다",키오스크 문의내역 전달드립니다,"영수증 프린터는 잉크가 따로 장착되지 않아 자세한 확인을 위해 의원 연락 드려보니, 처방전 프린터에서만 나타나는 증상이라고 합니다 / 현재 재생토너 사용중이라고 하시어 정품토너로 우선 교체 안내드렸습니다",in_progress,low,"안녕하세요 . 유비케어 병원고객팀 김지은입니다 . 키오스크 문의내역 전달드립니다 . 구분 내용 고객정보 상호명 365 마디팔팔의원 고객명 김근창 요양기관기호 41399188 문의자 이름 원무과선생님 연락 받으실 번호 [PHONE_REDACTED] 문의 내용 및 요청사항 키오스크에서 처방전, 영수증 출력 시 잉크가 너무 번져 알아볼 수 없다하십니다 . 프린터 내부 닦아봐도 동일하다 하시며 방문점검 요청하셨습니다 . 바쁘시겠지만 해당 내역으로 확인부 탁드립니다","안녕하세요. 에이치앤아이디지탈 김하은입니다. 영수증 프린터는 잉크가 따로 장착되지 않아 자세한 확인을 위해 의원 연락 드려보니, 처방전 프린터에서만 나타나는 증상이라고 합니다. 현재 재생토너 사용중이라고 하시어 정품토너로 우선 교체 안내드렸습니다",최종 상태가 resolved가 아님,medium,,,,,,,,,,
clinic_case,20533,1,20533-001,cust:20533,한빛내과의원,20533,2,1,f2645adbcbaefc61c1552a4726b3685a77b5f568,hardware,payment_cancel_refund,결제취소/중복결제,[통화요청] 키오스크 H/W 통화 요청의 件,2025-08-07 10:18,2025-08-29 10:53,9,TRUE,resolved,"{""ubcare"": 5, ""distributor"": 4}",[결제취소/중복결제] 키오스크 프린터 빨간불 들어오고 용지부족으로 뜬다 하심 프린터 용지함 확인 시 이상 없고 전원도 껐다 켜봤다 하심 최신 대응: 하기 의원 8/22(금) 프린터 드라이버 문제로 추정되어 점검 진행 예정으로 전달 받았으나 아직 처리 결과에 대해 회신받지 못해 확인차 문의드립니다 / 긴급건은 아니기에 시간 되실 때 점검 내용 회신주시면 감사하겠습니다,키오스크 프린터 빨간불 들어오고 용지부족으로 뜬다 하심 프린터 용지함 확인 시 이상 없고 전원도 껐다 켜봤다 하심,하기 의원 8/22(금) 프린터 드라이버 문제로 추정되어 점검 진행 예정으로 전달 받았으나 아직 처리 결과에 대해 회신받지 못해 확인차 문의드립니다 / 긴급건은 아니기에 시간 되실 때 점검 내용 회신주시면 감사하겠습니다,resolved_but_needs_verification,medium,안녕하세요 유비케어 병원고객팀 황정안 입니다 . 키오스크 문의내역 전달드립니다 . 구분 내용 고객정보 상호명 한빛내과의원 고객명 최진 요양기관기호 38334143 문의자 이름 원무과 남자선생님 연락 받으실 번호 [PHONE_REDACTED] 문의 내용 및 요청사항 - 이슈: 키오스크 프린터 빨간불 들어오고 용지부족으로 뜬다 하심 프린터 용지함 확인 시 이상 없고 전원도 껐다 켜봤다 하심 해당 내역으로 확인 부 탁 드립니다,"안녕하세요, 오창훈 매니저님 에이치앤아이디지탈 김하은입니다. 하기 의원 8/22(금) 프린터 드라이버 문제로 추정되어 점검 진행 예정으로 전달 받았으나 아직 처리 결과에 대해 회신받지 못해 확인차 문의드립니다. 긴급건은 아니기에 시간 되실 때 점검 내용 회신주시면 감사하겠습니다. 김하은 드림 ------------------------------------------ 김 하 은 사원 | ㈜에이치앤아이디지탈 www.hnid.co.kr 서울 금천구 디지털로10길 78 가산테라타워 1441호 Tel [PHONE_REDACTED] Fax [PHONE_REDACTED] Mobile [PHONE_REDACTED] E-mail he2625 @hnid.co.kr ------------------------------------------",최종 조치가 예정/요청 단계로 보임,medium,,,,,,,,,,
clinic_case,20533,2,20533-002,cust:20533,한빛내과의원,20533,2,1,184b668dc5f72566593ddb183b19893fafc07149,hardware,printer_output,프린터/출력,[통화요청] 키오스크 H/W 통화 요청의 件,2025-10-10 15:27,2025-10-13 09:41,2,TRUE,in_progress,"{""ubcare"": 1, ""distributor"": 1}",[프린터/출력] 키오스크 프린터 용지부족으로 뜬다 하십니다 최신 대응: 전달주신 의원명과 연락처가 상이하여 재요청드립니다,키오스크 프린터 용지부족으로 뜬다 하십니다,전달주신 의원명과 연락처가 상이하여 재요청드립니다,in_progress,low,안녕하세요 유비케어 병원고객팀 김홍비 입니다 . 키오스크 문의내역 전달드립니다 . 구분 내용 고객정보 상호명 엠플러스의원 고객명 송상현 요양기관기호 12393860 문의자 이름 원장님 연락 받으실 번호 [PHONE_REDACTED] 문의 내용 및 요청사항 - 이슈: 키오스크 프린터 용지부족으로 뜬다 하십니다 . 프린터 용지함 확인 및 트레이 열고 닫고 전원도 껐다 켜봤다 하셔도 동일하다고 합니다 . 점검 요청드립니다 . 해당 내역으로 확인 부 탁 드립니다,안녕하세요. 에이치앤아이디지탈 김하은입니다. 전달주신 의원명과 연락처가 상이하여 재요청드립니다,최종 상태가 resolved가 아님; 최종 조치가 예정/요청 단계로 보임,high,,,,,,,,,,
clinic_case,205729,1,205729-001,cust:205729,운정온케어365의원,205729,1,0,f3d512967d48b5f8313a949b27cd2397e3427e70,hardware,network_connection,네트워크/IP,[통화요청] 키오스크 H/W 통화 요청의 件,2025-10-22 09:51,2025-10-22 10:48,2,TRUE,resolved,"{""ubcare"": 1, ""distributor"": 1}",[네트워크/IP] 키오스크 인터넷이 갑자기 안되어 방문한 상태로 제어판 확인 시 광대역 연결이 끊김으로 떠서 셋팅 관련 문의 드리고자 연락 요청하심 최신 대응: 메일 이관 전 의사랑 담당자분이 저희쪽으로 먼저 연락을 주셔 현재 조치 완료된 상태입니다 / 의사랑 담당자의 요청으로 제조사 엔지니어 연락처 전달드려 현장에서 VPN 재설정 후 정상 작동된다고 하니 참고 부탁드립니다,키오스크 인터넷이 갑자기 안되어 방문한 상태로 제어판 확인 시 광대역 연결이 끊김으로 떠서 셋팅 관련 문의 드리고자 연락 요청하심,메일 이관 전 의사랑 담당자분이 저희쪽으로 먼저 연락을 주셔 현재 조치 완료된 상태입니다 / 의사랑 담당자의 요청으로 제조사 엔지니어 연락처 전달드려 현장에서 VPN 재설정 후 정상 작동된다고 하니 참고 부탁드립니다,resolved,high,안녕하세요 유비케어 병원고객팀 강보득솔입니다 . 키오스크 문의내역 전달드립니다 . 구분 내용 고객정보 상호명 운정온케어 365 의원 고객명 황철민 요양기관기호 43300111 문의자 이름 대리점 담당자 강신욱부장 연락 받으실 번호 [PHONE_REDACTED] 문의 내용 및 요청사항 - 이슈: 키오스크 인터넷이 갑자기 안되어 방문한 상태로 제어판 확인 시 광대역 연결이 끊김으로 떠서 셋팅 관련 문의 드리고자 연락 요청하심 의사랑 담당자에게 연락 한번 부탁드립니다 . 해당 내역으로 확인 부 탁 드립니다,안녕하세요. 에이치앤아이디지탈 김하은입니다. 메일 이관 전 의사랑 담당자분이 저희쪽으로 먼저 연락을 주셔 현재 조치 완료된 상태입니다. 의사랑 담당자의 요청으로 제조사 엔지니어 연락처 전달드려 현장에서 VPN 재설정 후 정상 작동된다고 하니 참고 부탁드립니다,GT 보강 시 재사용 가능,low,,,,,,,,,,
clinic_case,205786,1,205786-001,cust:205786,와이키즈소아청소년과의원,205786,2,0,bdc515e2b7866458001c16b731461e077de3403e,hardware,printer_output,프린터/출력,[통화요청] 키오스크 H/W 통화 요청의 件,2026-01-28 14:12,2026-01-28 15:42,3,TRUE,resolved,"{""distributor"": 2, ""ubcare"": 1}","[프린터/출력] 키오스크 프린터에서 처방전 출력이 안 되어 문의 주셨습니다 최신 대응: 의원에서 자체적으로 랜선 재장착하니 현재 토너 인식 및 출력 정상 작동된다고 합니다 / 이에 따라 의원에서는 프린터로 인한 문제는 아닌 것 같다고 말씀 주시는 상황이나 정상 동작이 되는 상태에서 당장의 가능한 조치 방안은 없어, 모니터링 필요한 점 안내드려 금번 방문 취소하였습니다",키오스크 프린터에서 처방전 출력이 안 되어 문의 주셨습니다,"의원에서 자체적으로 랜선 재장착하니 현재 토너 인식 및 출력 정상 작동된다고 합니다 / 이에 따라 의원에서는 프린터로 인한 문제는 아닌 것 같다고 말씀 주시는 상황이나 정상 동작이 되는 상태에서 당장의 가능한 조치 방안은 없어, 모니터링 필요한 점 안내드려 금번 방문 취소하였습니다",resolved,high,안녕하세요 유비케어 병원고객팀 김성우 입니다 . 키오스크 문의내역 전달드립니다 . 구분 내용 고객정보 상호명 와이키즈소아청소년과의원 고객명 조규식 요양기관기호 13322401 문의자 이름 원무과 선생님 연락 받으실 번호 [PHONE_REDACTED] 문의 내용 및 요청사항 - 이슈: 키오스크 프린터에서 처방전 출력이 안 되어 문의 주셨습니다 . 월요일경 토너 새걸로 교체하셨는데 토너 인식 정상적으로 안되시고 용지걸림 현상 등 프린터 문제 발생하신다 말씀하시는 부분 확인 부탁드립니다. 해당 내역으로 확인 부 탁 드립니다,"안녕하세요. 에이치앤아이디지탈 김하은입니다. 의원에서 자체적으로 랜선 재장착하니 현재 토너 인식 및 출력 정상 작동된다고 합니다. 이에 따라 의원에서는 프린터로 인한 문제는 아닌 것 같다고 말씀 주시는 상황이나 정상 동작이 되는 상태에서 당장의 가능한 조치 방안은 없어, 모니터링 필요한 점 안내드려 금번 방문 취소하였습니다",GT 보강 시 재사용 가능,low,,,,,,,,,,
clinic_case,205786,2,205786-002,cust:205786,와이키즈소아청소년과의원,205786,2,0,69a96d07ede073f463f917c4b0f190591fbad9d0,hardware,device_power_display,전원/화면,키오스크 H/W 통화 요청의 件,2026-02-09 10:37,2026-02-11 14:46,3,TRUE,resolved,"{""distributor"": 2, ""ubcare"": 1}",[전원/화면] 키오스크 먹통 증상 최신 대응: 금일 제조사 엔지니어 방문하여 A/S용 셋탑으로 교체 후 정상 작동하는 점 확인하였습니다,키오스크 먹통 증상,금일 제조사 엔지니어 방문하여 A/S용 셋탑으로 교체 후 정상 작동하는 점 확인하였습니다,resolved,high,"안녕하세요 . 유비케어 병원고객팀 김선민 입니다 . 키오스크 문의 내역 전달 드립니다 . 구분 내용 고객정보 상호명 와이키즈소아청소년과의원 고객명 조규식 요양기관기호 13322401 문의자 이름 원무과선생님 연락 받으실 번호 [PHONE_REDACTED] 문의 내용 및 요청사항 키오스크 먹통 증상 ( 응답없음 ) 이 반복되어 문의주셨습니다 . 주로 키오스크 수납 후 먹통이 된다고 하시며 한참 기다렸다가 되는 경우도 있고, 아예 멈춰서 강제 재부팅 하는 경우도 있다고 합니다 . 원격시에는 의사랑 프로그램을 실행하지 않았음에도 키오스크가 먹통되는 증상이 있었습니다 . 관련하여 병원에서는 키오스크 업체에서 통화 및 방문하여 확인해주시기를 요청하셔서 전달드립니다 . 확인 부탁드립니다",안녕하세요 에이치앤아이디지탈 김유미입니다. 금일 제조사 엔지니어 방문하여 A/S용 셋탑으로 교체 후 정상 작동하는 점 확인하였습니다,이슈 요약 근거가 약함,low,,,,,,,,,,
clinic_case,205800,1,205800-001,cust:205800,신검단아이꿈소아청소년과의원,205800,5,4,f07d193a88bf1cd64b7dae27a1a3010756050a38,hardware,device_power_display,전원/화면,[점검요청]키오스크 H/W 통화 요청의 件,2025-06-02 09:59,2025-06-11 18:26,12,TRUE,resolved,"{""ubcare"": 10, ""distributor"": 2}","[전원/화면] 터치패널 먹통 및 기기 종료현상 발생 최신 대응: 위 설정 후 17: 30 까지 모니터링한 결과, 특이사항 없음 “ 접수 / 수납 화면 UI 무반응 ” 건은 접수 / 수납 기본 설정이 “ 주민등록번호 ” 인 경우에 발생하는 케이스임을 확인하였으며, 이에 대한 대응안은 다음과 같습니다 / 키오스크 관리자 프로그램 > 접수 / 수납 기본 설정 확인 기본 설정이 “ 주민등록번호 ” 인 경우, 의원의 의견을 물어 대응 방안 선택 A",터치패널 먹통 및 기기 종료현상 발생,"위 설정 후 17: 30 까지 모니터링한 결과, 특이사항 없음 “ 접수 / 수납 화면 UI 무반응 ” 건은 접수 / 수납 기본 설정이 “ 주민등록번호 ” 인 경우에 발생하는 케이스임을 확인하였으며, 이에 대한 대응안은 다음과 같습니다 / 키오스크 관리자 프로그램 > 접수 / 수납 기본 설정 확인 기본 설정이 “ 주민등록번호 ” 인 경우, 의원의 의견을 물어 대응 방안 선택 A",resolved,medium,"안녕하십니까, 유비케어 사업기획팀 오창훈 매니저입니다 . 신검단아이꿈소아청소년과의원 의사랑 키오스크 점검요청 메일 드립니다 . 신검단아이꿈소아청소년과의원 _ 하프 K 1 대 사용처 인입내용: 터치패널 먹통 및 기기 종료현상 발생 요청사항: 점검 및 결과 공유 연락처: [PHONE_REDACTED] 대리점 담당자로부터 유선으로 전달받은 내용으로, HW 이관사항으로 판단하여 우선 점검요청 드리오니, HNID/ 제조사 점검 후 유비케어에서 추가 점검이 필요할 경우 내용 공유 부탁드립니다","안녕하십니까, 모바일페이개발팀 정재원입니다 . 금일 신검단아이꿈소아청소년과의원 이슈 지원 결과 공유드립니다 . 접수 / 수납 화면 UI 무반응으로 인한 개별배포 및 모니터링 A. 개별배포 후 17: 30 까지 모니터링한 결과, 특이사항 없음 수납 실패 현상 A. PC 정보를 제대로 못 가져오는 로그 발견 B. 키오스크 IP 가 자동 할당임을 확인 => 고정 할당으로 변경 ( 자동 할당의 경우, IP 가 지속적으로 변경될 가능성 있음 ) 타 의원 이슈 인입 시, 이 부분 확인하여 대응 권장 . PCINFO 에 등록된 IP 도 확인 필요 간혹 풀키오스크 프린터 IP 를 PCINFO 에 등록하는 경우가 있는데, 꼭 키오스크의 IP 로 세팅되었는지 확인 C. 위 설정 후 17: 30 까지 모니터링한 결과, 특이사항 없음 “ 접수 / 수납 화면 UI 무반응 ” 건은 접수 / 수납 기본 설정이 “ 주민등록",GT 보강 시 재사용 가능,low,,,,,,,,,,
clinic_case,205800,2,205800-002,cust:205800,신검단아이꿈소아청소년과의원,205800,5,4,5f11246e0e91003a4572a353e2056d649752d2c6,hardware,setup_configuration,설치/설정,신검단아이꿈소아청소년과 키오스크 오류내용 동영상파일 보내드립니다.,2025-06-04 17:31,2025-06-04 17:31,1,TRUE,in_progress,"{""external"": 1}","[설치/설정] 신검단아이꿈소아청소년과 키오스크 오류내용 동영상파일 보내드립니다 최신 대응: 대호메디케어 김영훈입니다 / 인천 신검단아이꿈소아청소년과 의사랑 키오스크 납품초기 화면 터치 안먹히는 증상으로 제조사에서 익일 as 방문요청하는걸로 알고있는데, 병원에서 동영상으로 찍어주셔서 참고하시라고 보내드리오니 as시 참고 부탁드립니다",신검단아이꿈소아청소년과 키오스크 오류내용 동영상파일 보내드립니다,"대호메디케어 김영훈입니다 / 인천 신검단아이꿈소아청소년과 의사랑 키오스크 납품초기 화면 터치 안먹히는 증상으로 제조사에서 익일 as 방문요청하는걸로 알고있는데, 병원에서 동영상으로 찍어주셔서 참고하시라고 보내드리오니 as시 참고 부탁드립니다",in_progress,low,"안녕하세요. 대호메디케어 김영훈입니다. 인천 신검단아이꿈소아청소년과 의사랑 키오스크 납품초기 화면 터치 안먹히는 증상으로 제조사에서 익일 as 방문요청하는걸로 알고있는데, 병원에서 동영상으로 찍어주셔서 참고하시라고 보내드리오니 as시 참고 부탁드립니다. 감사합니다.!","안녕하세요. 대호메디케어 김영훈입니다. 인천 신검단아이꿈소아청소년과 의사랑 키오스크 납품초기 화면 터치 안먹히는 증상으로 제조사에서 익일 as 방문요청하는걸로 알고있는데, 병원에서 동영상으로 찍어주셔서 참고하시라고 보내드리오니 as시 참고 부탁드립니다. 감사합니다.!",최종 상태가 resolved가 아님; 최종 조치가 예정/요청 단계로 보임,high,,,,,,,,,,
clinic_case,205800,3,205800-003,cust:205800,신검단아이꿈소아청소년과의원,205800,5,4,782d7f9ded43b803035e7611aa38898a337594b3,payment,payment_card_reader,카드결제/리더기,[통화요청] 키오스크 H/W 통화 요청의 件,2025-06-13 17:18,2025-06-16 17:29,5,TRUE,in_progress,"{""ubcare"": 3, ""distributor"": 1, ""payment_vendor"": 1}","[카드결제/리더기] <p class="""" style=""margin: 0cm 0cm 0.0001pt; font-family: 굴림; font-size: 12pt; line-height: 16pt; color: rgb(51, 51, 51); text-overfl 최신 대응: 요청하신 내용 확인 하여 전달드립니다 / 스마트로 김세영과장님과 해당건 확인하였고, 김세영과장님의 설명을 자세히 보시면 동일 현상이 계속 발생하면이라는 전제 조건이 붙습니다","<p class="""" style=""margin: 0cm 0cm 0.0001pt; font-family: 굴림; font-size: 12pt; line-height: 16pt; color: rgb(51, 51, 51); text-overfl","요청하신 내용 확인 하여 전달드립니다 / 스마트로 김세영과장님과 해당건 확인하였고, 김세영과장님의 설명을 자세히 보시면 동일 현상이 계속 발생하면이라는 전제 조건이 붙습니다",in_progress,low,안녕하세요. 유비케어 병원고객팀 김연희입니다. 키오스크 문의내역 전달드립니다. 구분 내용 고객정보 상호명 신검단아이꿈소아청소년과의원 고객명 이재민 요양기관기호 44300115 문의자 이름 간호사님 연락 받으실 번호 [PHONE_REDACTED] 문의 내용 및 요청사항 - 이슈: 오늘 키오스크로 카드수납시 3건 정도 카드를 인식하지 못해 결제가 안되었다고 합니다.기기점검부탁드립니다. 해당 내역으로 확인부 탁드립니다. 감사합니다,안녕하세요 아우어시스템즈 김종윤입니다. 요청하신 내용 확인 하여 전달드립니다. 로그 분석 결과 - 6/13 결제내역 발생일시 상태코드 상태메시지 비고 11: 47: 07 FE 카드 인식 실패 (IC 인식 /MS 리딩 다 실패 ) 다시 결제하여 성공함 16: 15: 50 1R 거래제한업종 ‑CALL XXXX-XXXX 신용승인 동일 사용자 16: 16: 02 1R 거래제한업종 ‑CALL XXXX-XXXX 신용승인 16: 16: 12 1R 거래제한업종 ‑CALL XXXX-XXXX 신용승인 16: 16: 19 1R 거래제한업종 ‑CALL XXXX-XXXX 신용승인 16: 16: 28 1R 거래제한업종 ‑CALL XXXX-XXXX 신용승인 16: 16: 58 1R 거래제한업종 ‑CALL XXXX-XXXX 신용승인 16: 55: 50 W3 롯데카드전화요망 ‑1588-8100 신용승인 동일 사용자 16: 5,최종 상태가 resolved가 아님; 최종 조치가 예정/요청 단계로 보임,high,,,,,,,,,,
clinic_case,205800,4,205800-004,cust:205800,신검단아이꿈소아청소년과의원,205800,5,4,e98232179184e7073c6dbb1e865e3b0041ba0839,payment,payment_card_reader,카드결제/리더기,[사업기획팀] 키오스크 결제이슈 관련 고객 안내 요청 件,2025-06-17 09:41,2025-06-17 09:44,2,TRUE,in_progress,"{""ubcare"": 2}",[카드결제/리더기] 잔액 부족 및 한도 초과로 인해 결제 실패 확인 최신 대응: 해당 결제 실패 Log 확인 후 바로 고객에게 내용 안내 드렸습니다 / 참고 부탁드립니다,잔액 부족 및 한도 초과로 인해 결제 실패 확인,해당 결제 실패 Log 확인 후 바로 고객에게 내용 안내 드렸습니다 / 참고 부탁드립니다,in_progress,low,"안녕하십니까, 사업기획팀 최미선입니다 . 신검단아이꿈소아청소년과의원 키오스크 결제 이슈 관련 고객 안내 부탁드립니다 . 고객 안내 사항 점검 결과 안내: 최근 결제 이슈는 카드 리더기 이슈가 아닌, 환자의 키오스크 사용 미숙으로 인해 발생된 케이스 환자가 결제 전 수납 화면에 ‘ 국민행복카드 ’ 를 선택 후 결제 진행 . But, 국민행복카드 ( 임신 바우처 ) 가 미등록 상태 또는 유효기간이 만료 되었을 가능성 有 → 국민행복카드 체크 위치: 수납의 개인정보 ( 휴대폰번호 / 주민등록번호 ) 입력란 하단에 위치 ) 잔액 부족 및 한도 초과로 인해 결제 실패 확인 향후 결제 이슈 재발 시 의사랑 고객센터 재문의 안내 - 문의 전 확인 사항: 키오스크에서 결제 실패 시, 데스크의 카드 리더기에서 결제 시도 > 데스크에선 정산 승인 시 문의 → 환자명 / 환자차트 / 키오스크 결제 시간 & 데스크 ",안녕하세요 . 병원고객팀 오태민 입니다 . 해당 결제 실패 Log 확인 후 바로 고객에게 내용 안내 드렸습니다 . 참고 부탁드립니다,최종 상태가 resolved가 아님,medium,,,,,,,,,,
clinic_case,205800,5,205800-005,cust:205800,신검단아이꿈소아청소년과의원,205800,5,4,177ad160319def83d9df542b844fdfd84c12524a,payment,payment_cancel_refund,결제취소/중복결제,[신검단아이꿈소아청소년과의원]키오스크 결제 취소요청,2025-10-30 16:56,2025-10-31 18:12,3,TRUE,in_progress,"{""ubcare"": 2, ""external"": 1}","[결제취소/중복결제] 취소 바코드가 아닌 결제 바코드로 취소 진행 하시면 취소진행이 안되오니 참고 부탁드립니다 최신 대응: 해당건 하기와 같이 취소요청해놓았습니다 / 사용방법은 틀리지만, 결제내역에서 결제건 선택 후 승인취소 눌러서 바코드 생성하는 것은 동일합니다",취소 바코드가 아닌 결제 바코드로 취소 진행 하시면 취소진행이 안되오니 참고 부탁드립니다,"해당건 하기와 같이 취소요청해놓았습니다 / 사용방법은 틀리지만, 결제내역에서 결제건 선택 후 승인취소 눌러서 바코드 생성하는 것은 동일합니다",in_progress,low,"안녕하세요 . 병원고객팀 김지은입니다 . 10 월 27 일에 키오스크로 결제한 환자이며 금일 키오스크 결제 취소하려했으나 사용할 수 없는 카드라고 나오며 취소되지 않아 취소요청드립니다 . 상호명 신검단아이꿈소아청소년과의원 요양기관번호 ( 면허번호 ) 44300115(107355) 고객 ( 사용자번호 ) 이재민 (205800 사업자번호 532-96-01853 고객전화번호 [PHONE_REDACTED] 병원대표번호 [PHONE_REDACTED] 고객 휴대폰 [PHONE_REDACTED] 담당자 [ 과장 ] 김영훈 담당대리점 대호메디케어 (1644-7589 담당자연락처 [PHONE_REDACTED] 주소 인천광역시 서구 고산후로 285 현해타워 2 2 층 201, 202, 203 호 결제 정보: 이하림 / 53, 200 원 / 국민카드 5570 4210 2951 7031 / 승인시간 18: 12: 2","안녕하세요 아우어시스템즈 김종윤입니다. 해당건 하기와 같이 취소요청해놓았습니다. 앱카드라고 하셨는데 앱카드 경우 QR로 결제진행 시에 결제목록을 선택 후 취소바코드를 생성하셔야합니다. 취소 바코드가 아닌 결제 바코드로 취소 진행 하시면 취소진행이 안되오니 참고 부탁드립니다. 앱카드뿐 아니라 카카오페이도 동일합니다. 하기 예시는 KBpay인 경우이고 어플마다 사용방법은 틀리지만, 결제내역에서 결제건 선택 후 승인취소 눌러서 바코드 생성하는 것은 동일합니다",최종 상태가 resolved가 아님; 최종 조치가 예정/요청 단계로 보임,high,,,,,,,,,,
clinic_case,206426,1,206426-001,cust:206426,수지온케어365의원,206426,2,0,d1bc79f6e33d3e73a4e5d763b964414440740296,hardware,printer_output,프린터/출력,[통화요청] 키오스크 H/W 통화 요청의 件,2025-09-15 10:42,2025-09-17 13:43,3,TRUE,resolved,"{""distributor"": 2, ""ubcare"": 1}","[프린터/출력] 프로그램 내 토너 잔여량 확인 불가로 이더넷 ip주소 점검 최신 대응: 금일 제조사 엔지니어 방문드리니, 2단 용지함에서 용지 걸림 증상이 아닌 1단 프린터에서 발생하는 증상으로 보인다고 합니다 / 프린터 내 롤러 문제로 발생하는 것이라고 추측되나, 현재 빠른 처리를 위해 AS용 프린터로 우선 교체 시도하고자 하여, 익일 오후 중 재방문드릴 예정이오니 참고 부탁드립니다",프로그램 내 토너 잔여량 확인 불가로 이더넷 ip주소 점검,"금일 제조사 엔지니어 방문드리니, 2단 용지함에서 용지 걸림 증상이 아닌 1단 프린터에서 발생하는 증상으로 보인다고 합니다 / 프린터 내 롤러 문제로 발생하는 것이라고 추측되나, 현재 빠른 처리를 위해 AS용 프린터로 우선 교체 시도하고자 하여, 익일 오후 중 재방문드릴 예정이오니 참고 부탁드립니다",resolved,medium,안녕하세요 유비케어 병원고객팀 이윤지 매니저입니다 . 키오스크 문의내역 전달드립니다 . 구분 내용 고객정보 상호명 수지온케어 365 의원 고객명 송지훈 전인선 요양기관기호 42300801 문의자 이름 남자 선생님 연락 받으실 번호 01081203365 문의 내용 및 요청사항 - 이슈: 키오스크 프린터 용지 급수 장애라고 뜨며 계속 용지가 나올 때 접혀 나오는 문제가 있다고 하시며 프린터 수리요청 하셨습니다 . 통화 부탁드립니다,"안녕하세요. 에이치앤아이디지탈 김하은입니다. 금일 제조사 엔지니어 방문드리니, 2단 용지함에서 용지 걸림 증상이 아닌 1단 프린터에서 발생하는 증상으로 보인다고 합니다. 프린터 내 롤러 문제로 발생하는 것이라고 추측되나, 현재 빠른 처리를 위해 AS용 프린터로 우선 교체 시도하고자 하여, 익일 오후 중 재방문드릴 예정이오니 참고 부탁드립니다. (2단 급지함 제외)",GT 보강 시 재사용 가능,low,,,,,,,,,,
clinic_case,206426,2,206426-002,cust:206426,수지온케어365의원,206426,2,0,31f02a38f458bdde823eaec0ea0000b5f7c317d4,hardware,printer_output,프린터/출력,[통화요청] 키오스크 H/W 통화 요청의 件,2025-11-11 09:41,2025-11-12 11:23,3,TRUE,resolved,"{""distributor"": 2, ""ubcare"": 1}","[프린터/출력] : 키오스크 프린터 출력 안됨, 최신 대응: 스티커 제거 후 정상 출력되는 점을 확인하였습니다 / 추가로 2단 급지대에서 용지 급지 시 상단 중앙 부분에서 용지가 약간 찢어지는 현상이 있었으나, 이는 용지를 과도하게 급지하면서 발생한 증상으로, 용지를 적정량으로 급지한 후 정상 출력되는 점을 확인하고 철수하였습니다",": 키오스크 프린터 출력 안됨,","스티커 제거 후 정상 출력되는 점을 확인하였습니다 / 추가로 2단 급지대에서 용지 급지 시 상단 중앙 부분에서 용지가 약간 찢어지는 현상이 있었으나, 이는 용지를 과도하게 급지하면서 발생한 증상으로, 용지를 적정량으로 급지한 후 정상 출력되는 점을 확인하고 철수하였습니다",resolved,high,"안녕하세요 유비케어 병원고객팀 김민수입니다 . 키오스크 문의내역 전달드립니다 . 구분 내용 고객정보 상호명 수지온케어365의원 고객명 송지훈(206426) 전인선 요양기관기호 42300801 문의자 이름 남자 선생님 연락 받으실 번호 [PHONE_REDACTED] 문의 내용 및 요청사항 - 이슈: 키오스크 프린터 출력 안됨, Samsung Easy Printer Manger 실행 시 '배지부에 종이가 걸렸습니다.' 오류 확인됩니다. 걸린 종이 빼고 테스트 페이지 출력해도 같은 상태입니다. 점검부탁드리겠습니다. 감사합니다. 해당 내역으로 확인 부 탁 드립니다","안녕하세요 에이치앤아이디지탈 김유미입니다. 금일 해당 의원 제조사 엔지니어가 방문하여 점검한 결과, 의원에서 프린터 토너 교체 시 스티커를 제거하지 않고 장착해 이물질이 걸려 출력되지 않았습니다. 스티커 제거 후 정상 출력되는 점을 확인하였습니다. 추가로 2단 급지대에서 용지 급지 시 상단 중앙 부분에서 용지가 약간 찢어지는 현상이 있었으나, 이는 용지를 과도하게 급지하면서 발생한 증상으로, 용지를 적정량으로 급지한 후 정상 출력되는 점을 확인하고 철수하였습니다",GT 보강 시 재사용 가능,low,,,,,,,,,,
clinic_case,206484,1,206484-001,cust:206484,하늘별빛소아청소년과,206484,1,1,0564c13b86d3975bb397aeb58493c44ff3e039f2,payment,payment_card_reader,카드결제/리더기,[통화요청] 키오스크 H/W 통화 요청의 件,2025-07-11 15:43,2025-07-11 15:49,2,TRUE,in_progress,"{""ubcare"": 1, ""distributor"": 1}","[카드결제/리더기] 오류 발생으로 문의주셨습니다 최신 대응: 하기 의원은 전일 납품된 곳이라 카드리더기 불량일 가능성이 낮을 것으로 예상되어, 결제 실패에 따른 로그 수집 점검 여부 확인 부탁드립니다 / 점검 진행된 경우 내용 공유주시면 감사하겠습니다",오류 발생으로 문의주셨습니다,"하기 의원은 전일 납품된 곳이라 카드리더기 불량일 가능성이 낮을 것으로 예상되어, 결제 실패에 따른 로그 수집 점검 여부 확인 부탁드립니다 / 점검 진행된 경우 내용 공유주시면 감사하겠습니다",in_progress,low,"안녕하세요 유비케어 병원고객팀 이낙진 매니저 입니다 . 키오스크 문의내역 전달드립니다 . 구분 내용 고객정보 상호명 하늘별빛소아청소년과 고객명 홍예슬 요양기관기호 42300703 문의자 이름 접수실 선생님 연락 받으실 번호 [PHONE_REDACTED] 문의 내용 및 요청사항 키오스크 수납 시 사용할 수 없는 카드입니다 . 오류 발생으로 문의주셨습니다 . Kscat 재실행, 통신속도 설정, 키오스크 설정 확인 해도 동일합니다 . 바쁘시겠지만 단말기 점검 부탁드립니다 . 해당 내역으로 확인부 탁드립니다","안녕하세요 에이치앤아이디지탈 김하은입니다. 하기 의원은 전일 납품된 곳이라 카드리더기 불량일 가능성이 낮을 것으로 예상되어, 결제 실패에 따른 로그 수집 점검 여부 확인 부탁드립니다. 점검 진행된 경우 내용 공유주시면 감사하겠습니다. 김하은 드림 ------------------------------------------ 김 하 은 사원 | ㈜에이치앤아이디지탈 www.hnid.co.kr 서울 금천구 디지털로10길 78 가산테라타워 1441호 Tel [PHONE_REDACTED] Fax [PHONE_REDACTED] Mobile [PHONE_REDACTED] E-mail he2625 @hnid.co.kr ------------------------------------------",최종 상태가 resolved가 아님; 최종 조치가 예정/요청 단계로 보임,high,,,,,,,,,,
clinic_case,208501,1,208501-001,cust:208501,올키즈365소아청소년과의원,208501,6,1,6e6ba524d194ceb2455a4d114d4a7d078942ecb7,software,payment_card_reader,카드결제/리더기,[통화요청] 키오스크 이슈 대응 요청의 건,2025-11-10 13:08,2025-11-10 13:08,1,TRUE,resolved,"{""ubcare"": 1}",[카드결제/리더기] 결제시 카드 인식이 되지 않는 증상이 있어 최신 대응: 키오스크 H/W 설정 > CAT ID 정상 반영되어 있는지 확인 ( 올키즈 365 소아청소년과의원 CAT ID: UBCARE / 리셋버튼 클릭 후 불빛 점등되면 VCAT 모듈 실행시켜 결제가 정상적으로 완료되는지 점검 > 카드가 인식되며 결제오류 발생 시 로그 수집 및 정재원 매니저님께 전달 2-2,결제시 카드 인식이 되지 않는 증상이 있어,키오스크 H/W 설정 > CAT ID 정상 반영되어 있는지 확인 ( 올키즈 365 소아청소년과의원 CAT ID: UBCARE / 리셋버튼 클릭 후 불빛 점등되면 VCAT 모듈 실행시켜 결제가 정상적으로 완료되는지 점검 > 카드가 인식되며 결제오류 발생 시 로그 수집 및 정재원 매니저님께 전달 2-2,resolved,high,"안녕하십니까, 운영기획팀 오창훈 매니저입니다 . 이오넷 지역 올키즈 365 소아청소년과의원 (208501 / 대표번호 [PHONE_REDACTED]), 결제시 카드 인식이 되지 않는 증상이 있어 SW 오류 선 점검 후 HNID 이관하고자 대응 요청드립니다 . 아래 방법에 따라 점검을 부탁드립니다 . 1. 키오스크 H/W 설정 > CAT ID 정상 반영되어 있는지 확인 ( 올키즈 365 소아청소년과의원 CAT ID: UBCARE0382) 2. 카드리더기에 파란색 불빛 점등되어 있는지 확인 > 미 점등 혹은 적색 점등 시 리더기 표면의 ‘ 리셋 버튼 ’ 클릭 요청 2-1. 리셋버튼 클릭 후 불빛 점등되면 VCAT 모듈 실행시켜 결제가 정상적으로 완료되는지 점검 > 카드가 인식되며 결제오류 발생 시 로그 수집 및 정재원 매니저님께 전달 2-2. 리셋버튼 클릭 후 결제테스트 진행시에도 리더기 무반응일 ","안녕하십니까, 운영기획팀 오창훈 매니저입니다 . 이오넷 지역 올키즈 365 소아청소년과의원 (208501 / 대표번호 [PHONE_REDACTED]), 결제시 카드 인식이 되지 않는 증상이 있어 SW 오류 선 점검 후 HNID 이관하고자 대응 요청드립니다 . 아래 방법에 따라 점검을 부탁드립니다 . 1. 키오스크 H/W 설정 > CAT ID 정상 반영되어 있는지 확인 ( 올키즈 365 소아청소년과의원 CAT ID: UBCARE0382) 2. 카드리더기에 파란색 불빛 점등되어 있는지 확인 > 미 점등 혹은 적색 점등 시 리더기 표면의 ‘ 리셋 버튼 ’ 클릭 요청 2-1. 리셋버튼 클릭 후 불빛 점등되면 VCAT 모듈 실행시켜 결제가 정상적으로 완료되는지 점검 > 카드가 인식되며 결제오류 발생 시 로그 수집 및 정재원 매니저님께 전달 2-2. 리셋버튼 클릭 후 결제테스트 진행시에도 리더기 무반응일 ",GT 보강 시 재사용 가능,low,,,,,,,,,,
clinic_case,208501,2,208501-002,cust:208501,올키즈365소아청소년과의원,208501,6,1,a16958cf4d4b69db5994d7774e44fd20bb681b3e,hardware,payment_card_reader,카드결제/리더기,[통화요청] 키오스크 H/W 통화 요청의 件,2025-11-10 15:50,2025-11-13 15:56,3,TRUE,resolved,"{""distributor"": 2, ""ubcare"": 1}","[카드결제/리더기] 금일부터 키오스크 결제 시도 시 카드인식이 되지 않음 최신 대응: 해당 의원 금일 제조사 엔지니어 방문하여, 카드리더기 교체 완료하였습니다 / 참고 부탁드립니다",금일부터 키오스크 결제 시도 시 카드인식이 되지 않음,"해당 의원 금일 제조사 엔지니어 방문하여, 카드리더기 교체 완료하였습니다 / 참고 부탁드립니다",resolved,high,"안녕하세요, 유비케어 병원고객팀 이연주입니다 . 하기 의원 금일부터 결제가 진행되지 않는 증상으로 점검 요청 드립니다 . 구분 내용 고객정보 상호명 올키즈 365 소아청소년과의원 고객명 김진호 요양기관기호 35328819 문의자 이름 원무과 연락 받으실 번호 [PHONE_REDACTED] 문의 내용 및 요청사항 - 이슈: 금일부터 키오스크 결제 시도 시 카드인식이 되지 않음 - 증상: 카드 결제 시 카드를 연결해도 아래 화면에서 인식 되지 않음 - 확인사항: 1) 키오스크 H/W 설정 > CAT ID 정상 반영 확인 ( 올키즈 365 소아청소년과의원 CAT ID: UBCARE0382) 2) 키오스크 카드리더기 파란 점등 정상 확인 3) 키오스크 재부팅 4) 카드리더기 ‘ 리셋 ’ 버튼으로 리셋시도 했으나 단말기 리더기에 리셋버튼이 보이지 않는다고 함 해당 내역으로 확인 부 탁 드립니다 . 이상입","안녕하세요 에이치앤아이디지탈 김유미입니다. 해당 의원 금일 제조사 엔지니어 방문하여, 카드리더기 교체 완료하였습니다. 참고 부탁드립니다",GT 보강 시 재사용 가능,low,,,,,,,,,,
clinic_case,208501,3,208501-003,cust:208501,올키즈365소아청소년과의원,208501,6,1,48b0bc3952fe157572591f2455c6e6cb5cbb937d,hardware,printer_output,프린터/출력,[운영기획팀] 키오스크 점검 요청의 건,2025-12-15 10:20,2025-12-15 16:13,2,TRUE,resolved,"{""ubcare"": 2}","[프린터/출력] 대 사용하시는 고객으로 두대 중 한대에서 다음과 같은 오류 발생한다고 합니다 최신 대응: 하기 의원 주말부터 발생 된 문제로 H/W 설정 맞추고 정상출력 테스트 했으며, 사용 모니터링 해보기로 하였습니다 / 이연주 드림",대 사용하시는 고객으로 두대 중 한대에서 다음과 같은 오류 발생한다고 합니다,"하기 의원 주말부터 발생 된 문제로 H/W 설정 맞추고 정상출력 테스트 했으며, 사용 모니터링 해보기로 하였습니다 / 이연주 드림",resolved,high,"안녕하십니까, 운영기획팀 오창훈 매니저입니다 . 이오넷 담당지역 올키즈 365 소아청소년과의원 (208501, [PHONE_REDACTED]), 풀 키오스크 이슈 발생하여 원인 파악 및 대응 요청드리고자 합니다 . 대리점 담당자 통해 인입되었으며, 해당 고객 풀 키오스크 2 대 사용하시는 고객으로 두대 중 한대에서 다음과 같은 오류 발생한다고 합니다 l 오류 상세 1. 접수 시 오류 발생으로 접수 실패했다는 메시지 표출 ( 상세 오류내용 확인 못함 ) 2. 수납 시 결제는 정상적으로 진행되나 진료비내역서 등 세부 서류 인쇄되지 않음 해당 병원 25 년 9 월 키오스크 납품된 곳으로 기기 노후화 등으로 인한 문제는 아닐 것으로 추측되며, 이슈가 발생한 기기 원격지원을 통해 기본적인 설정이 정상적으로 반영되어 있는 지 확인 부탁드립니다 . 설정 정상 반영되어 있을 경우, 동일 네트워크에 컴퓨터 이름","안녕하세요 . 병원고객팀 이연주입니다 . 하기 의원 주말부터 발생 된 문제로 H/W 설정 맞추고 정상출력 테스트 했으며, 사용 모니터링 해보기로 하였습니다 . 이상입니다 . 이연주 드림",GT 보강 시 재사용 가능,low,,,,,,,,,,
clinic_case,208501,4,208501-004,cust:208501,올키즈365소아청소년과의원,208501,6,1,89845788941327357701dc977f9ff2b0b4981c86,software,printer_output,프린터/출력,[병원고객팀] 키오스크 이슈 확인요청 件,2025-12-24 11:32,2025-12-24 11:32,1,TRUE,in_progress,"{""ubcare"": 1}","[프린터/출력] 금일 원격으로 아래사항 점검하였으며 방문일정 잡으신 후 추가로 프린터 대역폭 설정 확인 부탁드립니다 최신 대응: 금일 원격으로 아래사항 점검하였으며, 방문일정 잡으신 후 추가로 프린터 대역폭 설정 확인 부탁드립니다 / 하기 내용 진행 이후에도 증상이 동일할 경우, 제조사 (hnid) 점검 진행요청 예정이므로 확인 후 연락 주시기 바랍니다",금일 원격으로 아래사항 점검하였으며 방문일정 잡으신 후 추가로 프린터 대역폭 설정 확인 부탁드립니다,"금일 원격으로 아래사항 점검하였으며, 방문일정 잡으신 후 추가로 프린터 대역폭 설정 확인 부탁드립니다 / 하기 내용 진행 이후에도 증상이 동일할 경우, 제조사 (hnid) 점검 진행요청 예정이므로 확인 후 연락 주시기 바랍니다",in_progress,low,"안녕하세요 . 병원고객팀 이연주입니다 . 올키즈 365 소아청소년과 키오스크 이슈 관련하여 내용 공유 드립니다 . 금일 원격으로 아래사항 점검하였으며, 방문일정 잡으신 후 추가로 프린터 대역폭 설정 확인 부탁드립니다 . 하기 내용 진행 이후에도 증상이 동일할 경우, 제조사 (hnid) 점검 진행요청 예정이므로 확인 후 연락 주시기 바랍니다 . [ 고객정보 ] 상호명 올키즈 365 소아청소년과의원 요양기관번호 ( 면허번호 ) 35328819 (123533) 고객 ( 사용자번호 ) 김진호 (208501) 사업자번호 203-91-05392 고객전화번호 [PHONE_REDACTED] 병원대표번호 [PHONE_REDACTED] [ 진행사항 ] 1. 키오스크 최신버전 재설치 2.IP 프린터 대역대 확인 3. 네트워크 프록시 설정 끄기 4. 윈도우 빠른시작 해제 [ 요청사항 ] 의원에서 IP 프린터 대역 (","안녕하세요 . 병원고객팀 이연주입니다 . 올키즈 365 소아청소년과 키오스크 이슈 관련하여 내용 공유 드립니다 . 금일 원격으로 아래사항 점검하였으며, 방문일정 잡으신 후 추가로 프린터 대역폭 설정 확인 부탁드립니다 . 하기 내용 진행 이후에도 증상이 동일할 경우, 제조사 (hnid) 점검 진행요청 예정이므로 확인 후 연락 주시기 바랍니다 . [ 고객정보 ] 상호명 올키즈 365 소아청소년과의원 요양기관번호 ( 면허번호 ) 35328819 (123533) 고객 ( 사용자번호 ) 김진호 (208501) 사업자번호 203-91-05392 고객전화번호 [PHONE_REDACTED] 병원대표번호 [PHONE_REDACTED] [ 진행사항 ] 1. 키오스크 최신버전 재설치 2.IP 프린터 대역대 확인 3. 네트워크 프록시 설정 끄기 4. 윈도우 빠른시작 해제 [ 요청사항 ] 의원에서 IP 프린터 대역 (",최종 상태가 resolved가 아님; 최종 조치가 예정/요청 단계로 보임,high,,,,,,,,,,
clinic_case,208501,5,208501-005,cust:208501,올키즈365소아청소년과의원,208501,6,1,7bab94b90d793d65df9d5541234a0a5691fabc34,hardware,payment_card_reader,카드결제/리더기,[통화요청] 키오스크 H/W 통화 요청의 件,2025-12-31 13:24,2026-01-20 09:10,10,TRUE,resolved,"{""distributor"": 6, ""ubcare"": 4}","[카드결제/리더기] 키오스크 출력이 간헐적으로 안되는 증상 관련해서는 내부 담당자가 방문하여 점검 예정 입니다 최신 대응: 전일 제조사 엔지니어 및 대리점 담당자 방문드려 2대 모두 신규 셋탑으로 교체 마쳤으며, 현장에서 협의한 내용을 아래와 같이 공유드립니다 / 여부에 재문의주시어, 이후 재발 가능성을 고려하여 현장에서 다시 한 번 협의하도록 안내드렸고, 결과적으로 부품 교체로 진행되었사오니 내용 참고 부탁드립니다",키오스크 출력이 간헐적으로 안되는 증상 관련해서는 내부 담당자가 방문하여 점검 예정 입니다,"전일 제조사 엔지니어 및 대리점 담당자 방문드려 2대 모두 신규 셋탑으로 교체 마쳤으며, 현장에서 협의한 내용을 아래와 같이 공유드립니다 / 여부에 재문의주시어, 이후 재발 가능성을 고려하여 현장에서 다시 한 번 협의하도록 안내드렸고, 결과적으로 부품 교체로 진행되었사오니 내용 참고 부탁드립니다",resolved,medium,"안녕하세요 . 유비케어 병원고객팀 이연주 입니다 . 키오스크 H/W 및 네트워크 방문 점검이 필요해보여 이관 드립니다 . 구분 내용 고객정보 상호명 올키즈 365 소아청소년과의원 고객명 김진호 요양기관기호 35328819 문의자 이름 직원 연락 받으실 번호 [PHONE_REDACTED] 문의 내용 및 요청사항 - 이슈: 키오스크 2 대 사용중이며, 두대 중 한대 키오스크에서 수시로 터치가 진행되지 않고 삼성페이 결제가 진행되지 않는 증상이 반복되어 점검 요청 하셨습니다 . 증상 발생 시 기기 탈부착, 재부팅 후 3~4 일정도는 정상사용 되지만 이후에 증상이 동일하게 발생하여 점검 요청 드립니다 . - 참고로, 키오스크 출력이 간헐적으로 안되는 증상 관련해서는 내부 담당자가 방문하여 점검 예정 입니다 . 1) 키오스크 최신버전 재설치 _ 조치 2)IP 프린터 대역대 확인 _ 조치 3) 네트워크 프","안녕하세요. 에이치앤아이디지탈 김하은입니다. 전일 제조사 엔지니어 및 대리점 담당자 방문드려 2대 모두 신규 셋탑으로 교체 마쳤으며, 현장에서 협의한 내용을 아래와 같이 공유드립니다. 우선 방문 전 대리점 담당자 통해 전달받기로, 해당 의원 업용 와이파이를 사용하고 있어 인터넷 업체로부터 기업용 와이파이 사용+네트워크 주소를 고정IP로 사용 시, 원내 환자가 임의로 의원 와이파이를 사용하는 경우 IP 충돌로 인해 연결 불안정이 발생할 수 있다고 합니다. 이에 고정IP 주소를 사용해야 하는 경우라면 네트워크 주소 입력에서 1~100 숫자를 제외한 100 이상의 숫자를 입력하는 것이 원칙이라고 해 대리점 담당자를 통해 이미 2대 모두 130, 131로 재입력 후 정상 동작되던 중임을 전달받았습니다. 이를 바탕으로 셋탑 교체 필요 여부에 재문의주시어, 이후 재발 가능성을 고려하여 현장에서 다시 한 번",GT 보강 시 재사용 가능,low,,,,,,,,,,
clinic_case,208501,6,208501-006,cust:208501,올키즈365소아청소년과의원,208501,6,1,ae0a6547f9a37e87a08d58dbfbce629e9d2bfc7a,hardware,payment_card_reader,카드결제/리더기,"[병원고객팀] 키오스크 출력,결제 이슈 로그 확인 요청件",2026-01-13 16:47,2026-01-15 16:43,5,TRUE,resolved,"{""ubcare"": 5}",[카드결제/리더기] 지난 제조사 측 방문을 통해 셋탑 교체를 진행하였으나 금일 결제 및 출력 이슈가 재발생하여 담당자를 통해 장애가 인입되었습니다 최신 대응: 아래 VAN 사 내용 참고하여 HNID 측으로 같이 점검요청 드리도록 하겠습니다,지난 제조사 측 방문을 통해 셋탑 교체를 진행하였으나 금일 결제 및 출력 이슈가 재발생하여 담당자를 통해 장애가 인입되었습니다,아래 VAN 사 내용 참고하여 HNID 측으로 같이 점검요청 드리도록 하겠습니다,resolved_but_needs_verification,medium,"안녕하세요 . 병원고객팀 이연주입니다 . 올키즈소아청소년과의원 키오스크 장애 관련하여 확인요청을 위해 메일 드립니다 . 지난 1 월 7 일, 제조사 측 방문을 통해 셋탑 교체를 진행하였으나, 금일 결제 및 출력 이슈가 재발생하여 담당자를 통해 장애가 인입되었습니다 . 이에 금일 13 시, 담당자가 현장 방문하여 병원 측 네트워크 설계 담당자와 통화 후 네트워크 충돌 방지를 위해 기존 유동 IP 대역이 아닌 130, 131 번 대역으로 IP 변경 조치를 진행하였습니다 . 이후 현장에서 상주하며 모니터링하였으나, 15 시경 동일 증상이 다시 재발생 하였습니다 . 이후 기기 재부팅 및 KSNET 단말기 연동 테스트를 진행하였고, 현재는 정상적으로 작동 중이나 간헐적으로 발생하는 이슈로 판단되어 금일 로그를 수거하였습니다 . 수거된 로그를 기준으로 충돌 기록 여부, 네트워크 관련 이슈 발생 이력이 남는",안녕하세요 . 병원고객팀 이연주입니다 . 아래 VAN 사 내용 참고하여 HNID 측으로 같이 점검요청 드리도록 하겠습니다,최종 조치가 예정/요청 단계로 보임,low,,,,,,,,,,
clinic_case,23076,1,23076-001,cust:23076,민유선산부인과,23076,4,0,291c745d9a4ea25abf108c139694f09887544c4f,hardware,printer_output,프린터/출력,[통화요청] 키오스크 H/W 통화 요청의 件,2025-05-26 13:57,2025-05-29 13:32,3,TRUE,resolved,"{""distributor"": 2, ""ubcare"": 1}","[프린터/출력] 영수증 출력 시 한번에 터치가 되는 것이 아닌 여러 번 터치를 해야 출력이 된다 하여, 원격 점검으로 확인해보았으나 반응 속도나 터치 관련 별다른 오류는 확인되지 않았습니다 최신 대응: 금일 제조사 엔지니어 방문하여 조치한 내용 공유드립니다 / 해당 필름을 재장착한 후 정상적으로 작동하는 것을 확인하였습니다","영수증 출력 시 한번에 터치가 되는 것이 아닌 여러 번 터치를 해야 출력이 된다 하여, 원격 점검으로 확인해보았으나 반응 속도나 터치 관련 별다른 오류는 확인되지 않았습니다",금일 제조사 엔지니어 방문하여 조치한 내용 공유드립니다 / 해당 필름을 재장착한 후 정상적으로 작동하는 것을 확인하였습니다,resolved,high,안녕하세요 유비케어 병원고객팀 이윤지매니저 입니다 . 키오스크 문의내역 전달드립니다 . 구분 내용 고객정보 상호명 민유선산부인과 고객명 민유선 요양기관기호 12329576 문의자 이름 접수실 여자선생님 연락 받으실 번호 [PHONE_REDACTED] 문의 내용 및 요청사항 - 이슈: 키오스크 터치가 잘 안된다고 합니다 . 확인부탁드립니다 . 해당 내역으로 확인 부탁드립니다,안녕하세요 에이치앤아이디지탈 김유미입니다. 금일 제조사 엔지니어 방문하여 조치한 내용 공유드립니다. 터치패널을 고정하고 있는 필름 일부가 움직여지면서 터치 오작동이 발생한 것으로 확인되었습니다. 해당 필름을 재장착한 후 정상적으로 작동하는 것을 확인하였습니다,GT 보강 시 재사용 가능,low,,,,,,,,,,
clinic_case,23076,2,23076-002,cust:23076,민유선산부인과,23076,4,0,abfbff500517fa5a42b0a5d8a6acaae8b0ab97aa,hardware,printer_output,프린터/출력,[통화요청] 키오스크 H/W 점검 요청의 件,2025-12-04 10:09,2025-12-05 11:26,7,TRUE,resolved,"{""ubcare"": 6, ""distributor"": 1}",[프린터/출력] 공유기 교체 후 하프키오스크에서 프린터 출력 시 토너 부족 메시지 노출되는 의원이 있어 최신 대응: 팀장님 현재 원격은 진행 중이라 가능하신 시간 알려주시면 연결 바로 해드릴 수 있습니다 / 공유기 설정 비밀번호는 고객이 알려준번호로 로그인 안되어 재확인 중입니다,공유기 교체 후 하프키오스크에서 프린터 출력 시 토너 부족 메시지 노출되는 의원이 있어,팀장님 현재 원격은 진행 중이라 가능하신 시간 알려주시면 연결 바로 해드릴 수 있습니다 / 공유기 설정 비밀번호는 고객이 알려준번호로 로그인 안되어 재확인 중입니다,resolved,medium,"안녕하십니까, 운영기획팀 오창훈 매니저입니다 . 키오스크 H/W 점검 요청 전달드립니다 . l 고객명: 민유선산부인과 ( 요양기관번호 12329576, 하프 K 1 대 사용 ) l 연락처: 대표번호 [PHONE_REDACTED] l 이슈 상세: 공유기 교체 후 하프키오스크에서 프린터 출력 시 토너 부족 메시지 노출되는 의원이 있어 12 월 3 일에 관련 문의 드렸던 곳입니다 . 코모키이비인후과와 유사한 증상으로 추정이 되어 프록시 설정 관련하여 안내 요청드렸고 회신주신 내용 확인하였으나, 네트워크 설정 조작을 해야 하는 본 건 특성 상 오프라인 대응이 필요할 듯 하여 H/W 점검 요청드립니다",안녕하세요 팀장님 현재 원격은 진행 중이라 가능하신 시간 알려주시면 연결 바로 해드릴 수 있습니다 . 공유기 설정 비밀번호는 고객이 알려준번호로 로그인 안되어 재확인 중입니다 . 참고 부탁드립니다,GT 보강 시 재사용 가능,low,,,,,,,,,,
clinic_case,23076,3,23076-003,cust:23076,민유선산부인과,23076,4,0,908d9697b6288e5789b5cc916b9f95fa6b988888,software,printer_output,프린터/출력,"[유비케어] 키오스크 토너 부족 알림 관련, 배포 연관 가능성 검토의 건",2025-12-09 12:36,2025-12-09 12:36,1,TRUE,resolved,"{""ubcare"": 1}","[프린터/출력] 우선 하프 키오스크를 사용하면서 지정된 삼성 프린터를 사용하지 않음에도 불구하고 키오스크 HW 프린터 설정 상 지정프린터 옵션을 선택한 경우 프린터 자체 테스트 페이지 인쇄는 정상 출력되나 키오스크 플레이어 통해 인쇄 시도할 경우 토너 부족 메시지가 표출되며 인쇄가 진행되지 않게 설계되어 있습니다 최신 대응: 우선 하프 키오스크를 사용하면서, 지정된 삼성 프린터를 사용하지 않음에도 불구하고 키오스크 HW 프린터 설정 상 ‘ 지정프린터 ’ 옵션을 선택한 경우 프린터 자체 테스트 페이지 인쇄는 정상 출력되나 키오스크 플레이어 통해 인쇄 시도할 경우 ‘ 토너 부족 ’ 메시지가 표출되며 인쇄가 진행되지 않게 설계되어 있습니다 / 이 경우 해당 오류를 확인하고 ‘ 일반프린터 ’ 유형을 선택하고 인쇄를 시도하게 되면 정상적으로 작동합니다",우선 하프 키오스크를 사용하면서 지정된 삼성 프린터를 사용하지 않음에도 불구하고 키오스크 HW 프린터 설정 상 지정프린터 옵션을 선택한 경우 프린터 자체 테스트 페이지 인쇄는 정상 출력되나 키오스크 플레이어 통해 인쇄 시도할 경우 토너 부족 메시지가 표출되며 인쇄가 진행되지 않게 설계되어 있습니다,"우선 하프 키오스크를 사용하면서, 지정된 삼성 프린터를 사용하지 않음에도 불구하고 키오스크 HW 프린터 설정 상 ‘ 지정프린터 ’ 옵션을 선택한 경우 프린터 자체 테스트 페이지 인쇄는 정상 출력되나 키오스크 플레이어 통해 인쇄 시도할 경우 ‘ 토너 부족 ’ 메시지가 표출되며 인쇄가 진행되지 않게 설계되어 있습니다 / 이 경우 해당 오류를 확인하고 ‘ 일반프린터 ’ 유형을 선택하고 인쇄를 시도하게 되면 정상적으로 작동합니다",resolved,high,"안녕하십니까, 유비케어 운영기획팀 오창훈 매니저입니다 . 우선 하프 키오스크를 사용하면서, 지정된 삼성 프린터를 사용하지 않음에도 불구하고 키오스크 HW 프린터 설정 상 ‘ 지정프린터 ’ 옵션을 선택한 경우 프린터 자체 테스트 페이지 인쇄는 정상 출력되나 키오스크 플레이어 통해 인쇄 시도할 경우 ‘ 토너 부족 ’ 메시지가 표출되며 인쇄가 진행되지 않게 설계되어 있습니다 . 이 경우 해당 오류를 확인하고 ‘ 일반프린터 ’ 유형을 선택하고 인쇄를 시도하게 되면 정상적으로 작동합니다 . 다만 현재 ‘ 토너 부족 ’ 오류가 발생하는 고객의 경우, 민유선산부인과의 경우 하프 키오스크 + 지정프린터 사용 중이며, 꽃소아청소년과의원의 경우 풀 키오스크 사용 중이신 관계로 해당 설계와는 무관한 하드웨어 인식 오류나 네트워크 문제 등으로 판단이 됩니다 . 관련하여 SW 업데이트의 영향 여부를 판단하기 위해 11","안녕하십니까, 유비케어 운영기획팀 오창훈 매니저입니다 . 우선 하프 키오스크를 사용하면서, 지정된 삼성 프린터를 사용하지 않음에도 불구하고 키오스크 HW 프린터 설정 상 ‘ 지정프린터 ’ 옵션을 선택한 경우 프린터 자체 테스트 페이지 인쇄는 정상 출력되나 키오스크 플레이어 통해 인쇄 시도할 경우 ‘ 토너 부족 ’ 메시지가 표출되며 인쇄가 진행되지 않게 설계되어 있습니다 . 이 경우 해당 오류를 확인하고 ‘ 일반프린터 ’ 유형을 선택하고 인쇄를 시도하게 되면 정상적으로 작동합니다 . 다만 현재 ‘ 토너 부족 ’ 오류가 발생하는 고객의 경우, 민유선산부인과의 경우 하프 키오스크 + 지정프린터 사용 중이며, 꽃소아청소년과의원의 경우 풀 키오스크 사용 중이신 관계로 해당 설계와는 무관한 하드웨어 인식 오류나 네트워크 문제 등으로 판단이 됩니다 . 관련하여 SW 업데이트의 영향 여부를 판단하기 위해 11",GT 보강 시 재사용 가능,low,,,,,,,,,,
clinic_case,23076,4,23076-004,cust:23076,민유선산부인과,23076,4,0,897dabe448bedf59b488aebab34063fa5990815a,hardware,payment_card_reader,카드결제/리더기,[통화요청] 키오스크 H/W 통화 요청의 件,2025-12-17 10:00,2025-12-18 15:33,3,TRUE,resolved,"{""distributor"": 2, ""ubcare"": 1}","[카드결제/리더기] 에서 별도로 결제 진행해도 실패했다고 문구 발생합니다 최신 대응: 바탕화면 우측에 붙어 있는 Vcat 단말기에서 결제 실패 문구가 뜨는 현상은 정상이라고 하며, 실제 환자가 수납하는 스마트로 카드리더기에서도 정상 결제되어 별도의 교체 없이 점검 마무리하였습니다 / 엔지니어가 추측하기로 무결성 체크, 워킹키 수신의 일시적 오류로 보인다고 하나 해당 부분은 Vcat 통합옵션설정에서 재설정으로도 조치 가능하기에 추후 동일 증상 재발 시에 확인해보도록 하겠습니다",에서 별도로 결제 진행해도 실패했다고 문구 발생합니다,"바탕화면 우측에 붙어 있는 Vcat 단말기에서 결제 실패 문구가 뜨는 현상은 정상이라고 하며, 실제 환자가 수납하는 스마트로 카드리더기에서도 정상 결제되어 별도의 교체 없이 점검 마무리하였습니다 / 엔지니어가 추측하기로 무결성 체크, 워킹키 수신의 일시적 오류로 보인다고 하나 해당 부분은 Vcat 통합옵션설정에서 재설정으로도 조치 가능하기에 추후 동일 증상 재발 시에 확인해보도록 하겠습니다",resolved,high,"안녕하세요 유비케어 병원고객팀 홍민영입니다 . 키오스크 문의내역 전달드립니다 . 구분 내용 고객정보 상호명 민유선산부인과 고객명 민유선 요양기관기호 12329576 문의자 이름 접수선생님 연락 받으실 번호 [PHONE_REDACTED] 문의 내용 및 요청사항 - 이슈: 하프 키오스크 결제 안된다고 하십니다 . 키오스크 재부팅, smartro vcat 에서 별도로 결제 진행해도 실패했다고 문구 발생합니다 . 금일중으로 통화 요청하셨습니다 . 해당 내역으로 확인 부 탁 드립니다","안녕하세요. 에이치앤아이디지탈 김하은입니다. 금일 엔지니어 방문드려 점검 결과, 특이사항 없이 정상 결제되는 점 확인하였습니다. 바탕화면 우측에 붙어 있는 Vcat 단말기에서 결제 실패 문구가 뜨는 현상은 정상이라고 하며, 실제 환자가 수납하는 스마트로 카드리더기에서도 정상 결제되어 별도의 교체 없이 점검 마무리하였습니다. 엔지니어가 추측하기로 무결성 체크, 워킹키 수신의 일시적 오류로 보인다고 하나 해당 부분은 Vcat 통합옵션설정에서 재설정으로도 조치 가능하기에 추후 동일 증상 재발 시에 확인해보도록 하겠습니다",GT 보강 시 재사용 가능,low,,,,,,,,,,
clinic_case,23097,1,23097-001,cust:23097,논현서울안과의원,23097,3,2,512442152b3b9e4b8ba47809ffa6a08af5f1ed34,payment,payment_cancel_refund,결제취소/중복결제,[병원고객팀]논현서울안과의원/41357973/ 키오스크 중복결제 관련 로그 수집 및 취소 요청 件,2025-04-10 17:16,2025-04-10 20:22,3,TRUE,resolved,"{""ubcare"": 3}","[결제취소/중복결제] 보내 주신 첨부파일에 키오스크 플레이어 로그 내용이 비어 있습니다 최신 대응: ) VCAT 로그에도 2 건 모두 취소 완료된 로그가 존재합니다 / ( 제약부가개발팀 – 이승호 SM) 담당자분이 확인 후, 회신드릴 예정입니다",보내 주신 첨부파일에 키오스크 플레이어 로그 내용이 비어 있습니다,") VCAT 로그에도 2 건 모두 취소 완료된 로그가 존재합니다 / ( 제약부가개발팀 – 이승호 SM) 담당자분이 확인 후, 회신드릴 예정입니다",resolved,high,"안녕하십니까 . 모바일페이개발팀 정재원입니다 . 보내 주신 첨부파일에 키오스크 플레이어 로그 내용이 비어 있습니다 . 번거로우시겠지만, 앱 로그 재수집 요청드립니다 . 그리고 추가로 총 3000 원 결제라고 말씀하셨는데 키오스크 2 번 결제, 접수실에서 1 번 결제가 맞을까요 ? VAN 로그 상에 2 번 결제이력이 있어서 확인 차 문의드립니다","안녕하십니까 . 모바일페이개발팀 정재원입니다 . 로그 확인 결과 공유드립니다 . 해당 이슈에 대한 프로세스 먼저 설명드리겠습니다 . 수납 시도 > 카드 승인 완료 > 수진자 조회 실패 > 수납 실패로 승인내역 취소 처리 시도했으나 실패 > 무카드취소 완료 재수납 시도 > 1 번 현상 반복 연속 실패로 데스크 수납 진행 수납이 실패하면, 결제내역을 취소 처리하고 무카드취소를 합니다 . 이때, 결제내역 취소 처리가 안되는 이슈가 있습니다 . ( 이 건은 현재 보완 작업 중이며 의사랑 키오스크 정기 2 차 업데이트에 포함될 예정입니다 .) VCAT 로그에도 2 건 모두 취소 완료된 로그가 존재합니다 . 승인번호 로그 11914861 [KSCAT - v2.4.0.7 (ver.20250324)] [2025-04-10 11: 01: 03.080][04752] ▷ ByPass 응답 [0454 [1] MS01",GT 보강 시 재사용 가능,low,,,,,,,,,,
clinic_case,23097,2,23097-002,cust:23097,논현서울안과의원,23097,3,2,622a3b42f9538dcbb95b5f6c92e47147274dc659,payment,payment_cancel_refund,결제취소/중복결제,[유비케어] 의사랑 키오스크 중복결제 결제 취소 요청의 건,2025-04-10 17:34,2025-04-10 17:34,1,FALSE,in_progress,"{""ubcare"": 1}",[결제취소/중복결제] 키오스크 중복결제 내역 확인 및 취소 요청드립니다 최신 대응: 논현서울안과의원 키오스크 중복결제 내역 확인 및 취소 요청드립니다 / 3) 요청사유: 2 회 키오스크에서 결제 시도했으나 다음화면으로 넘어가지 않고 결제만 되어 해당건 취소 요청 진행간 추가적으로 확인해야 하는 내용 있으실 경우 말씀 부탁드립니다,키오스크 중복결제 내역 확인 및 취소 요청드립니다,논현서울안과의원 키오스크 중복결제 내역 확인 및 취소 요청드립니다 / 3) 요청사유: 2 회 키오스크에서 결제 시도했으나 다음화면으로 넘어가지 않고 결제만 되어 해당건 취소 요청 진행간 추가적으로 확인해야 하는 내용 있으실 경우 말씀 부탁드립니다,in_progress,low,"안녕하십니까, 유비케어 오창훈 매니저입니다 . 논현서울안과의원 키오스크 중복결제 내역 확인 및 취소 요청드립니다 . ■ 논현서울안과의원 1) 캣 아이디: UBCARE0021 2) 결제 취소요청: 총 2 건 ① 4 /10( 목 ) 11: 00: 59 / 승인번호 11914861 / 1, 000 원 / 신한체크카드 ② 4 /10( 목 ) 11: 01: 29 / 승인번호 11926273 / 1, 000 원 / 신한체크카드 3) 요청사유: 2 회 키오스크에서 결제 시도했으나 다음화면으로 넘어가지 않고 결제만 되어 해당건 취소 요청 진행간 추가적으로 확인해야 하는 내용 있으실 경우 말씀 부탁드립니다","안녕하십니까, 유비케어 오창훈 매니저입니다 . 논현서울안과의원 키오스크 중복결제 내역 확인 및 취소 요청드립니다 . ■ 논현서울안과의원 1) 캣 아이디: UBCARE0021 2) 결제 취소요청: 총 2 건 ① 4 /10( 목 ) 11: 00: 59 / 승인번호 11914861 / 1, 000 원 / 신한체크카드 ② 4 /10( 목 ) 11: 01: 29 / 승인번호 11926273 / 1, 000 원 / 신한체크카드 3) 요청사유: 2 회 키오스크에서 결제 시도했으나 다음화면으로 넘어가지 않고 결제만 되어 해당건 취소 요청 진행간 추가적으로 확인해야 하는 내용 있으실 경우 말씀 부탁드립니다",최종 상태가 resolved가 아님; 최종 조치가 예정/요청 단계로 보임,high,,,,,,,,,,
clinic_case,23097,3,23097-003,cust:23097,논현서울안과의원,23097,3,2,f4e4161bce0122b5d0a5e674af09c56f78558870,hardware,network_connection,네트워크/IP,[통화요청] 키오스크 H/W 통화 요청의 件,2026-01-05 17:28,2026-01-06 10:13,2,TRUE,in_progress,"{""ubcare"": 1, ""distributor"": 1}","[네트워크/IP] 대에서만 인터넷이 안되어 키오스크 플레이어 실행 안됨 최신 대응: 유선상으로 체크리스트 확인 과정에서 출장비용 선안내드리니, 비용 부담으로 인한 방문 취소하셨습니다 / 내용 참고 부탁드립니다",대에서만 인터넷이 안되어 키오스크 플레이어 실행 안됨,"유선상으로 체크리스트 확인 과정에서 출장비용 선안내드리니, 비용 부담으로 인한 방문 취소하셨습니다 / 내용 참고 부탁드립니다",in_progress,low,안녕하세요 유비케어 병원고객팀 윤혜수입니다 . 키오스크 문의내역 전달드립니다 . 구분 내용 고객정보 상호명 논현서울안과의원 고객명 조희준 요양기관기호 41357973 문의자 이름 접수선생님 연락 받으실 번호 [PHONE_REDACTED] 문의 내용 및 요청사항 - 이슈: 키오스크 2 대 중 1 대에서만 인터넷이 안되어 키오스크 플레이어 실행 안됨 . 네트워크 점검 요청 . 해당 내역으로 확인 부 탁 드립니다,"안녕하세요. 에이치앤아이디지탈 김하은입니다. 유선상으로 체크리스트 확인 과정에서 출장비용 선안내드리니, 비용 부담으로 인한 방문 취소하셨습니다. 내용 참고 부탁드립니다",최종 상태가 resolved가 아님,medium,,,,,,,,,,
clinic_case,23208,1,23208-001,cust:23208,성모수소아청소년과의원,23208,1,0,9c99aeafc8df330a4834f5289c916789caf02c64,payment,payment_card_reader,카드결제/리더기,[운영기획팀] 키오스크 점검 요청의 건,2026-01-20 17:57,2026-01-21 09:49,3,TRUE,resolved,"{""ubcare"": 3}","[카드결제/리더기] 12 일 풀 키오스크 납품된 성모수소아청소년과병원 (23208), 해당병원 키오스크 결제 승인 이후 지속적으로 취소되는 증상 반복되고 있어 점검 요청드립니다 최신 대응: 해당의원 키오스크 카드결제 자동 취소되는 이슈 관련하여, 금일 대리점 담당자로부터 고정 IP 세팅 후 이슈 해결되어 정상적으로 결제 진행되고 있는 점 확인하여 대응 종료하였습니다 / 신속한 대응 감사드립니다","12 일 풀 키오스크 납품된 성모수소아청소년과병원 (23208), 해당병원 키오스크 결제 승인 이후 지속적으로 취소되는 증상 반복되고 있어 점검 요청드립니다","해당의원 키오스크 카드결제 자동 취소되는 이슈 관련하여, 금일 대리점 담당자로부터 고정 IP 세팅 후 이슈 해결되어 정상적으로 결제 진행되고 있는 점 확인하여 대응 종료하였습니다 / 신속한 대응 감사드립니다",resolved,high,"안녕하십니까, 운영기획팀 오창훈 매니저입니다 . 12 월 9 일 풀 키오스크 납품된 성모수소아청소년과병원 (23208), 해당병원 키오스크 결제 승인 이후 지속적으로 취소되는 증상 반복되고 있어 점검 요청드립니다 . 해당병원 금일 전체 병원 공유기 변경한 사실이 있다고 하며, 일전에 정웅기 팀장님 말씀해주신대로 수납처리과정에서 정상 처리되지 않는 경우 앞선 결제건 무카드취소 하는 로직이 있다 보니 공유기 변경 과정에서 세팅이 틀어진 것이 아닐까 싶습니다 . 현재 대리점 담당자 ( 에버넷 심병보 과장 / [PHONE_REDACTED] ) 병원에 나가 계신 상태로 유선 연락하시면 바로 원격 지원 가능한 상태입니다 . 해당병원 로그 수집 및 개발팀 전달통해 원인 파악 및 대응 부탁드립니다","안녕하십니까, 운영기획팀 오창훈 매니저입니다 . 해당의원 키오스크 카드결제 자동 취소되는 이슈 관련하여, 금일 대리점 담당자로부터 고정 IP 세팅 후 이슈 해결되어 정상적으로 결제 진행되고 있는 점 확인하여 대응 종료하였습니다 . 신속한 대응 감사드립니다",GT 보강 시 재사용 가능,low,,,,,,,,,,
clinic_case,23622,1,23622-001,cust:23622,청담소아청소년과,23622,1,0,bbaaf4b26770218c6900cc1c7fbb02d1eae98212,hardware,printer_output,프린터/출력,[통화요청] 키오스크 H/W 통화 요청의 件,2025-07-14 15:12,2025-07-14 15:42,2,TRUE,resolved,"{""ubcare"": 1, ""distributor"": 1}","[프린터/출력] 키오스크에서 토너 인식을 못한다고 합니다. 토너 새로 변경해봤고 재부팅도 해보셨는데 토너 부족으로 계속 뜨고있어 확인 요청주셨습니다 최신 대응: 원내 원장님과 통화하여 상세 증상 확인해보니, 재생토너로 교체 이후 토너 부족 팝업 노출되며 출력이 안된다 / 3) 키오스크 전원 재부팅 후 정상 입력된 점 확인 후 프린터 드라이버 재설치 진행(172포트 정상 노출)",키오스크에서 토너 인식을 못한다고 합니다. 토너 새로 변경해봤고 재부팅도 해보셨는데 토너 부족으로 계속 뜨고있어 확인 요청주셨습니다,"원내 원장님과 통화하여 상세 증상 확인해보니, 재생토너로 교체 이후 토너 부족 팝업 노출되며 출력이 안된다 / 3) 키오스크 전원 재부팅 후 정상 입력된 점 확인 후 프린터 드라이버 재설치 진행(172포트 정상 노출)",resolved,high,안녕하세요 . 유비케어 병원고객팀 유맑은샘입니다 . 키오스크 문의내역 전달드립니다 . 구분 내용 고객정보 상호명 청담소아청소년과 고객명 이순범 요양기관기호 34339973 문의자 이름 접수실 선생님 연락 받으실 번호 [PHONE_REDACTED] 문의 내용 및 요청사항 키오스크에서 토너 인식을 못한다고 합니다. 토너 새로 변경해봤고 재부팅도 해보셨는데 토너 부족으로 계속 뜨고있어 확인 요청주셨습니다. 해당 내역으로 확인부 탁드립니다,"안녕하세요. 에이치앤아이디지탈 김하은입니다. 원내 원장님과 통화하여 상세 증상 확인해보니, 재생토너로 교체 이후 토너 부족 팝업 노출되며 출력이 안된다 하시어 토너 부족 팝업의 경우, 토너 자체 문제일 가능성이 높으니 정품토너로 우선 교체해보시도록 안내드렸습니다. 추가로 아래 원격 점검 내용 공유드립니다. 1) 의사랑 프로그램 내 토너 잔여량 확인 불가로 제어판 내 프린터 드라이버 확인 2) 기존 172포트가 아닌 타 드라이버 이름으로 설정되어 이더넷 확인 -> ip주소 미입력 상태인 점 확인 후 재설정 3) 키오스크 전원 재부팅 후 정상 입력된 점 확인 후 프린터 드라이버 재설치 진행(172포트 정상 노출) 4) 프린터 자체 테스트 페이지 및 프로그램 내 테스트 페이지 출력 시 토너 관련 오류 팝업창 노출됨 없음 5) 이후 의사랑 프로그램 내 토너 잔여량 확인 시 100%로 정상 노출됨 확인 ",GT 보강 시 재사용 가능,low,,,,,,,,,,
clinic_case,2368,1,2368-001,cust:2368,고등연세이비인후과의원,2368,2,0,0b6f8a9a47869365e9e500ecefb9eb7801a1d880,payment,payment_cancel_refund,결제취소/중복결제,[운영기획팀] 키오스크 이중결제 처리 요청의 건,2026-01-15 16:22,2026-01-16 14:03,4,TRUE,resolved,"{""ubcare"": 4}","[결제취소/중복결제] 에버넷 지역 (2368), 키오스크 이중결제 발생하여 대리점 담당자 통해 인입되었습니다 최신 대응: 병원에 연락드려서 간호사님께 아래 내용 설명드렸구요, 현재 정상 결제 상태로 남아있는 1 번과 4 번 중, 추가로 취소를 진행해야 할 건이 무엇인지 확인요청드렸더니 둘중에 아무거나 한건 취소요청하십니다 / 수고하세요","에버넷 지역 (2368), 키오스크 이중결제 발생하여 대리점 담당자 통해 인입되었습니다","병원에 연락드려서 간호사님께 아래 내용 설명드렸구요, 현재 정상 결제 상태로 남아있는 1 번과 4 번 중, 추가로 취소를 진행해야 할 건이 무엇인지 확인요청드렸더니 둘중에 아무거나 한건 취소요청하십니다 / 수고하세요",resolved,high,"안녕하십니까, 운영기획팀 오창훈 매니저입니다 . 에버넷 지역 고등연세이비인후과의원 (2368), 키오스크 이중결제 발생하여 대리점 담당자 통해 인입되었습니다 . 의원 연락하시어 이중결제 발생일시 / 금액 / 이중결제 승인번호 확보 및 전달 주시면 밴사 취소처리 진행하도록 하겠습니다 . 연락처: [PHONE_REDACTED]","안녕하세요 병원고객팀 김연희입니다. 병원에 연락드려서 간호사님께 아래 내용 설명드렸구요, 현재 정상 결제 상태로 남아있는 1 번과 4 번 중, 추가로 취소를 진행해야 할 건이 무엇인지 확인요청드렸더니 둘중에 아무거나 한건 취소요청하십니다. 수고하세요",GT 보강 시 재사용 가능,low,,,,,,,,,,
clinic_case,2368,2,2368-002,cust:2368,고등연세이비인후과의원,2368,2,0,8dc0155411e3468e2dea0bd1a506b2c4177e2cb8,payment,payment_cancel_refund,결제취소/중복결제,[유비케어]키오스크 중복 결제 취소 요청의 건,2026-01-15 16:59,2026-01-19 11:22,5,FALSE,resolved,"{""ubcare"": 5}",[결제취소/중복결제] 키오스크 사용고객 이중결제 발생하여 해당 건 승인 취소 요청드립니다 최신 대응: 답변이 늦어져서 죄송합니다 / 해당건 취소처리 완료,키오스크 사용고객 이중결제 발생하여 해당 건 승인 취소 요청드립니다,답변이 늦어져서 죄송합니다 / 해당건 취소처리 완료,resolved,high,"안녕하십니까, 유비케어 운영기획팀 오창훈 매니저입니다 . 키오스크 사용고객 이중결제 발생하여 해당 건 승인 취소 요청드립니다 . 고등연세이비인후과의원 (CAT ID: 4603499001 ) 중복결제 취소 요청드립니다 . -2026-01-15 / 15: 23: 03 / 승인번호 56170183 / 273, 600 원 농협 -2026-01-15 / 15: 32: 03 / 승인번호 56278139 / 273, 600 원 농협 상기 두 결제건 취소 요청 드립니다",안녕하세요 아우어시스템즈 김종윤입니다. 답변이 늦어져서 죄송합니다. 해당건 취소처리 완료 되었습니다,GT 보강 시 재사용 가능,low,,,,,,,,,,
clinic_case,24144,1,24144-001,cust:24144,365삼성i소아청소년과의원,24144,5,2,c8d0e3a5ba0a6b491031b589724613f5527a4433,hardware,printer_output,프린터/출력,[통화요청] 키오스크 H/W 통화 요청의 件,2025-05-12 11:19,2025-05-12 13:08,2,TRUE,in_progress,"{""ubcare"": 1, ""distributor"": 1}","[프린터/출력] 키오스크 오프라인 상태로 출력안됩니다. PC 및 프린터 재부팅, setip로 찾은 ip 포트 추가해도 동일하여 이관드립니다 최신 대응: 점검 결과, 프린터 드라이버가 다수 잡혀있어 우선적으로 전부 삭제 진행하였고, 이후 제어판에 172포트로 설정된 1개의 프린터 드라이버가 자동 노출되어 테스트 페이지 출력 시도 결과, 원격 점검한 1번기기의 프린터가 아닌 3번기기의 프린터에서 출력되는 점 원내 관계자분 통해 확인하였습니다 / 현재 의원 점심시간으로 2시 이후 연락드릴 예정이며, 동일 증상으로 인한 엔지니어 방문 점검 필요","키오스크 오프라인 상태로 출력안됩니다. PC 및 프린터 재부팅, setip로 찾은 ip 포트 추가해도 동일하여 이관드립니다","점검 결과, 프린터 드라이버가 다수 잡혀있어 우선적으로 전부 삭제 진행하였고, 이후 제어판에 172포트로 설정된 1개의 프린터 드라이버가 자동 노출되어 테스트 페이지 출력 시도 결과, 원격 점검한 1번기기의 프린터가 아닌 3번기기의 프린터에서 출력되는 점 원내 관계자분 통해 확인하였습니다 / 현재 의원 점심시간으로 2시 이후 연락드릴 예정이며, 동일 증상으로 인한 엔지니어 방문 점검 필요",in_progress,low,"안녕하세요 병원고객팀 김민수 입니다 . 키오스크 문의내역 전달드립니다 . 구분 내용 고객정보 상호명 365 삼성i소아청소년과의원 고객명 유동길 요양기관기호 41311728 문의자 이름 접수실 선생님 연락 받으실 번호 [PHONE_REDACTED] 문의 내용 및 요청사항 - 이슈: 키오스크 오프라인 상태로 출력안됩니다. PC 및 프린터 재부팅, setip로 찾은 ip 포트 추가해도 동일하여 이관드립니다. 해당 내역으로 확인부 탁드립니다","안녕하세요, 에이치앤아이디지탈 김하은입니다. 하기 의원 키오스크 3대 사용중인 곳으로 1번기기 프린터 관련 원격 진행하였습니다. 점검 결과, 프린터 드라이버가 다수 잡혀있어 우선적으로 전부 삭제 진행하였고, 이후 제어판에 172포트로 설정된 1개의 프린터 드라이버가 자동 노출되어 테스트 페이지 출력 시도 결과, 원격 점검한 1번기기의 프린터가 아닌 3번기기의 프린터에서 출력되는 점 원내 관계자분 통해 확인하였습니다. 원격 접속한 키오스크가 아닌 다른 키오스크의 프린터에서 출력이 된 사유는 현재로서 알 수 없겠으나 드라이버 전부 삭제 후 재설치한 상태로, 테스트 페이지 출력 여부 확인 중에 있습니다. 현재 의원 점심시간으로 2시 이후 연락드릴 예정이며, 동일 증상으로 인한 엔지니어 방문 점검 필요 시 일정과 함께 내용 전달드리겠습니다. 추가로 해당 의원 납품 이후로 프린터 관련 인입 내역 확인 시",최종 상태가 resolved가 아님; 최종 조치가 예정/요청 단계로 보임,high,,,,,,,,,,
clinic_case,24144,2,24144-002,cust:24144,365삼성i소아청소년과의원,24144,5,2,72e5403b1f301c3b13a0d629b614fd33212bfacf,hardware,printer_output,프린터/출력,[방문요청] 키오스크 H/W 통화 요청의 件,2025-07-28 10:18,2025-07-28 10:18,1,TRUE,resolved,"{""distributor"": 1}","[프린터/출력] 문의사항: 정상 수납 후 처방전 출력 시 출력이 불가하며, 토너 잔량 확인 불가함 (의원 직접 HNID로 문의) 최신 대응: - 연락처: [PHONE_REDACTED] - 문의사항: 정상 수납 후 처방전 출력 시 출력이 불가하며, 토너 잔량 확인 불가함 / 3) 프린터 출력 이슈 잦은 곳으로, 대부분 ip 설정값이 틀어지는 원인으로 인한 오류였음","문의사항: 정상 수납 후 처방전 출력 시 출력이 불가하며, 토너 잔량 확인 불가함 (의원 직접 HNID로 문의)","- 연락처: [PHONE_REDACTED] - 문의사항: 정상 수납 후 처방전 출력 시 출력이 불가하며, 토너 잔량 확인 불가함 / 3) 프린터 출력 이슈 잦은 곳으로, 대부분 ip 설정값이 틀어지는 원인으로 인한 오류였음",resolved,high,"안녕하세요. 오창훈 매니저님 에이치앤아이디지탈 선자람입니다. 365삼성i소아청소년과의원(파주) 의사랑 키오스크 처방전 프린터 점검 요청드립니다. - 연락처: [PHONE_REDACTED] - 문의사항: 정상 수납 후 처방전 출력 시 출력이 불가하며, 토너 잔량 확인 불가함 (의원 직접 HNID로 문의) - 확인사항: 1) 1번 기기 처방전 출력 불가함 (계약기간 만료처) 2) 처방전프린터 오프라인 상태로 출력 불가, 케이블 및 연결선 재장착 시도에도 동일함 3) 프린터 출력 이슈 잦은 곳으로, 대부분 ip 설정값이 틀어지는 원인으로 인한 오류였음 4) 금년 5월 12일에도 동일 증상 발생됨 - 요청사항: 대리점 담당자를 통한 ip 주소 확인이 우선 필요할 것 같습니다. 의원에는 일정 확인 후 연락드리겠다 안내했습니다. 확인 부탁드립니다","안녕하세요. 오창훈 매니저님 에이치앤아이디지탈 선자람입니다. 365삼성i소아청소년과의원(파주) 의사랑 키오스크 처방전 프린터 점검 요청드립니다. - 연락처: [PHONE_REDACTED] - 문의사항: 정상 수납 후 처방전 출력 시 출력이 불가하며, 토너 잔량 확인 불가함 (의원 직접 HNID로 문의) - 확인사항: 1) 1번 기기 처방전 출력 불가함 (계약기간 만료처) 2) 처방전프린터 오프라인 상태로 출력 불가, 케이블 및 연결선 재장착 시도에도 동일함 3) 프린터 출력 이슈 잦은 곳으로, 대부분 ip 설정값이 틀어지는 원인으로 인한 오류였음 4) 금년 5월 12일에도 동일 증상 발생됨 - 요청사항: 대리점 담당자를 통한 ip 주소 확인이 우선 필요할 것 같습니다. 의원에는 일정 확인 후 연락드리겠다 안내했습니다. 확인 부탁드립니다",GT 보강 시 재사용 가능,low,,,,,,,,,,
clinic_case,24144,3,24144-003,cust:24144,365삼성i소아청소년과의원,24144,5,2,7032be95bb08891743e7933b7035e52b9a93b98d,hardware,printer_output,프린터/출력,[운영기획팀] 의사랑 키오스크 이슈 대응 요청의 건,2025-07-28 11:00,2025-07-28 11:00,1,TRUE,resolved,"{""ubcare"": 1}","[프린터/출력] 연결선 재장착 시도하여도 지속적으로 출력 불가하여 서비스 인입되었습니다 최신 대응: 해당의원 ip 및 드라이버 등 프린터 설정 관련 지속적으로 키오스크 프린터 관련 출력 이슈가 있는 의원으로, 방문 점검을 통한 대응 요청을 드리고자 합니다 / l 점검 요청사항 - 프린터 본체 ([IP_REDACTED]) 및 키오스크 ([IP_REDACTED]) ip 설정 상태, 프린터 포트 지정 설정 등 하드웨어 설정 정상 반영여부 키오스크 3 대를 사용하시는 의원이다",연결선 재장착 시도하여도 지속적으로 출력 불가하여 서비스 인입되었습니다,"해당의원 ip 및 드라이버 등 프린터 설정 관련 지속적으로 키오스크 프린터 관련 출력 이슈가 있는 의원으로, 방문 점검을 통한 대응 요청을 드리고자 합니다 / l 점검 요청사항 - 프린터 본체 ([IP_REDACTED]) 및 키오스크 ([IP_REDACTED]) ip 설정 상태, 프린터 포트 지정 설정 등 하드웨어 설정 정상 반영여부 키오스크 3 대를 사용하시는 의원이다",resolved,high,"안녕하십니까, 운영기획팀 오창훈 매니저입니다 . 365 삼성 i 소아청소년과의원 (24144), 1 번 키오스크 프린터 오프라인 상태로, 케이블 / 연결선 재장착 시도하여도 지속적으로 출력 불가하여 서비스 인입되었습니다 . 해당의원 ip 및 드라이버 등 프린터 설정 관련 지속적으로 키오스크 프린터 관련 출력 이슈가 있는 의원으로, 방문 점검을 통한 대응 요청을 드리고자 합니다 . l 점검 요청사항 - 프린터 본체 ([IP_REDACTED]) 및 키오스크 ([IP_REDACTED]) ip 설정 상태, 프린터 포트 지정 설정 등 하드웨어 설정 정상 반영여부 키오스크 3 대를 사용하시는 의원이다 보니, 각 기기별로 ip 및 포트 설정이 정상적으로 되어 있는지 확인을 부탁드리고자 합니다 . 업무로 바쁘신 와중에 추가적인 점검 요청을 드리는 점 양해를 구하오며 확인하시고 궁금하신 점 있으시면 언제든 말씀","안녕하십니까, 운영기획팀 오창훈 매니저입니다 . 365 삼성 i 소아청소년과의원 (24144), 1 번 키오스크 프린터 오프라인 상태로, 케이블 / 연결선 재장착 시도하여도 지속적으로 출력 불가하여 서비스 인입되었습니다 . 해당의원 ip 및 드라이버 등 프린터 설정 관련 지속적으로 키오스크 프린터 관련 출력 이슈가 있는 의원으로, 방문 점검을 통한 대응 요청을 드리고자 합니다 . l 점검 요청사항 - 프린터 본체 ([IP_REDACTED]) 및 키오스크 ([IP_REDACTED]) ip 설정 상태, 프린터 포트 지정 설정 등 하드웨어 설정 정상 반영여부 키오스크 3 대를 사용하시는 의원이다 보니, 각 기기별로 ip 및 포트 설정이 정상적으로 되어 있는지 확인을 부탁드리고자 합니다 . 업무로 바쁘신 와중에 추가적인 점검 요청을 드리는 점 양해를 구하오며 확인하시고 궁금하신 점 있으시면 언제든 말씀",GT 보강 시 재사용 가능,low,,,,,,,,,,
clinic_case,24144,4,24144-004,cust:24144,365삼성i소아청소년과의원,24144,5,2,fa409faec349cc4d0f8df61ec06684b870ec279c,hardware,printer_output,프린터/출력,[통화청] 키오스크 H/W 점검 요청의 件,2025-09-29 13:55,2025-09-30 14:43,3,TRUE,in_progress,"{""distributor"": 2, ""ubcare"": 1}",[프린터/출력] 프린터 기능이상 최신 대응: 하기 의원 금일 프린터 롤러 마모로 인한 증상으로 익일 재방문드려 교체 진행하기로 하였습니다,프린터 기능이상,하기 의원 금일 프린터 롤러 마모로 인한 증상으로 익일 재방문드려 교체 진행하기로 하였습니다,in_progress,low,"안녕하십니까, 유비케어 운영기획팀 오창훈 매니저입니다 . 의사랑 키오스크 사용 관련 대리점 영업자 통해 인입된 내용 전달드리오니 확인 및 대응 부탁드립니다 . ■ 365 삼성 i 소아청소년과의원 ( 파주시, 요양기관기호 41311728)_ 풀 키오스크 3 대 사용 1) 인입내용: 프린터 기능이상 (3 대중 1 대, 지속적인 프린터 용지걸림 증상 발생하여 인입 2) 요청사항: 23 년 5 월부터 키오스크 사용하시던 의원으로, 프린터 기기 부품 노후화로 인한 고장으로 추정되며 프린터 점검 요청드립니다 . 3) 연락처: [PHONE_REDACTED] 추가적으로 궁금하신 점 있으시면 언제든 말씀 부탁드립니다",안녕하세요. 에이치앤아이디지탈 김하은입니다. 하기 의원 금일 프린터 롤러 마모로 인한 증상으로 익일 재방문드려 교체 진행하기로 하였습니다,최종 상태가 resolved가 아님; 이슈 요약 근거가 약함,medium,,,,,,,,,,
clinic_case,24144,5,24144-005,cust:24144,365삼성i소아청소년과의원,24144,5,2,0e02c49b124fd1ed54d56df8fbd39632f5f7b2bd,hardware,printer_output,프린터/출력,[통화요청] 키오스크 H/W 통화 요청의 件,2025-12-08 10:56,2025-12-10 13:58,3,TRUE,resolved,"{""distributor"": 2, ""ubcare"": 1}","[프린터/출력] 키오스크 프린터 용지함 뒷쪽이 파손됐다고 합니다. a/s 요청주셨습니다 최신 대응: 금일 삼성 엔지니어 방문하여 프린터 1단 용지 규격부 인근 카세트 파손으로 확인되었으며, 카세트 교체 완료하였습니다 / 총 비용 105, 000원 발생(출장비 포함) 했습니다",키오스크 프린터 용지함 뒷쪽이 파손됐다고 합니다. a/s 요청주셨습니다,"금일 삼성 엔지니어 방문하여 프린터 1단 용지 규격부 인근 카세트 파손으로 확인되었으며, 카세트 교체 완료하였습니다 / 총 비용 105, 000원 발생(출장비 포함) 했습니다",resolved,high,안녕하세요 유비케어 병원고객팀 유맑은샘 입니다 . 키오스크 문의내역 전달드립니다 . 구분 내용 고객정보 상호명 365삼성i소아청소년과의원 고객명 유동길 요양기관기호 41311728 문의자 이름 접수선생님 연락 받으실 번호 [PHONE_REDACTED] 문의 내용 및 요청사항 - 이슈: 키오스크 프린터 용지함 뒷쪽이 파손됐다고 합니다. a/s 요청주셨습니다. 해당 내역으로 확인 부 탁 드립니다,"안녕하세요 에이치앤아이디지탈 김유미입니다. 금일 삼성 엔지니어 방문하여 프린터 1단 용지 규격부 인근 카세트 파손으로 확인되었으며, 카세트 교체 완료하였습니다. 총 비용 105, 000원 발생(출장비 포함) 했습니다",GT 보강 시 재사용 가능,low,,,,,,,,,,
clinic_case,24532,1,24532-001,cust:24532,무지개연합의원,24532,1,1,162a367b170c852ba77f33c89ade44bb9aa160a0,hardware,ops_policy_procurement,운영/정책/구매,[통화요청] 키오스크 H/W 통화 요청의 件,2026-02-02 11:13,2026-02-02 13:36,2,TRUE,in_progress,"{""ubcare"": 1, ""distributor"": 1}","[운영/정책/구매] 경기도 구리시 요양기관번호 31321551), 키오스크 열쇠 분실하여 대리점 영업자 통해 구매요청 인입되었습니다 최신 대응: 매니저님 에이치앤아이디지탈 김유미입니다 / 제조사 측으로 열쇠 발송 요청하였습니다","경기도 구리시 요양기관번호 31321551), 키오스크 열쇠 분실하여 대리점 영업자 통해 구매요청 인입되었습니다",매니저님 에이치앤아이디지탈 김유미입니다 / 제조사 측으로 열쇠 발송 요청하였습니다,in_progress,low,"안녕하십니까, 유비케어 운영기획팀 오창훈 매니저입니다 . 경기도 구리시 무지개연합의원 ( 요양기관번호 31321551), 키오스크 열쇠 분실하여 대리점 영업자 통해 구매요청 인입되었습니다 . 열쇠 재구매 관련 안내 및 이후 절차 진행 부탁드립니다 . 대표번호: [PHONE_REDACTED]",안녕하세요 매니저님 에이치앤아이디지탈 김유미입니다. 제조사 측으로 열쇠 발송 요청하였습니다,최종 상태가 resolved가 아님; 최종 조치가 예정/요청 단계로 보임,high,,,,,,,,,,
clinic_case,24780,1,24780-001,cust:24780,행복한봄정형외과산부인과의원,24780,2,2,0d20f04b87a0e0fd8266c69dfa9543eb1f5306b2,hardware,payment_card_reader,카드결제/리더기,[통화요청] 키오스크 H/W 통화 요청의 件,2025-04-25 15:26,2025-04-28 15:28,3,TRUE,in_progress,"{""ubcare"": 2, ""distributor"": 1}",[카드결제/리더기] 키오스크 리더기 인식이 안되어 문의주셨습니다 최신 대응: 금일 제조사 엔지니어 방문드려 카드리더기 교체 진행하였습니다 / 제조사 엔지니어 차주 월요일 오후 중 방문드릴 예정입니다,키오스크 리더기 인식이 안되어 문의주셨습니다,금일 제조사 엔지니어 방문드려 카드리더기 교체 진행하였습니다 / 제조사 엔지니어 차주 월요일 오후 중 방문드릴 예정입니다,in_progress,low,안녕하세요 . 유비케어 병원고객팀 조미연 입니다 . 키오스크 HW 점검요청 드립니다 . 구분 내용 고객정보 상호명 행복한봄정형외과산부인과의원 고객명 차정훈 요양기관기호 41313445 문의자 이름 접수실 선생님 연락 받으실 번호 [PHONE_REDACTED] 문의 내용 및 요청사항 키오스크 리더기 인식이 안되어 문의주셨습니다 . 해당 내역으로 확인 부탁드립니다,"안녕하세요, 에이치앤아이디지탈 김하은입니다. 금일 제조사 엔지니어 방문드려 카드리더기 교체 진행하였습니다. 화면 꺼졌다 켜지는 증상에 대해서는 HDMI 케이블 재장착으로 조치하였다고 하니 참고 부탁드립니다. 감사합니다. 김하은 드림 ------------------------------------------ 김 하 은 사원 | ㈜에이치앤아이디지탈 www.hnid.co.kr 서울 금천구 디지털로10길 78 가산테라타워 1441호 Tel [PHONE_REDACTED] Fax [PHONE_REDACTED] Mobile [PHONE_REDACTED] E-mail he2625 @hnid.co.kr ------------------------------------------ ------------Original Message------------ Subject: RE: [통화요청] 키오스크 H/W 통화 요",최종 상태가 resolved가 아님,medium,,,,,,,,,,
clinic_case,24780,2,24780-002,cust:24780,행복한봄정형외과산부인과의원,24780,2,2,d044ed4cfd00d612af98650dfb13434883d9f620,payment,payment_card_reader,카드결제/리더기,[운영기획팀] 의사랑 키오스크 점검 요청의 건,2025-11-19 16:59,2025-11-19 17:19,2,TRUE,in_progress,"{""ubcare"": 2}",[카드결제/리더기] 카드 간헐적 인식불가 증상으로 최신 대응: 혹시나 재발 할 시 연락달라고 한 뒤 통화 종료 하였습니다 / 참고 부탁드립니다,카드 간헐적 인식불가 증상으로,혹시나 재발 할 시 연락달라고 한 뒤 통화 종료 하였습니다 / 참고 부탁드립니다,in_progress,low,"안녕하십니까, 운영기획팀 오창훈 매니저입니다 . 대호메디케어 담당지역 행복한봄정형외과산부인과의원 (24780 / 대표번호 [PHONE_REDACTED] / 원내 담당자 [PHONE_REDACTED] ), 수납시 IC 카드 간헐적 인식불가 증상으로 HNID 에 인입된 고객으로, 24 년 6 월 납품처인 곳이라 단말기 노후화일 가능성이 높으나 유상 AS 에 대한 거부감이 있는 곳으로 파악되어 우선 SW 상 처리 가능한 사항이 있는지 1 차 확인해보고자 합니다 . 해당기기 결제오류 발생한 시간대의 로그 수집하여 정재원 매니저님께 전달 부탁드립니다",안녕하세요 . 병원고객팀 오태민 입니다 . 금일 원내 담당자 [PHONE_REDACTED] 에게 연락 드리니 현재는 결제 잘 되고 있다고 원격 거부 하셨습니다 . 혹시나 재발 할 시 연락달라고 한 뒤 통화 종료 하였습니다 . 참고 부탁드립니다,최종 상태가 resolved가 아님; 최종 조치가 예정/요청 단계로 보임,high,,,,,,,,,,
clinic_case,24802,1,24802-001,cust:24802,온누리내과,24802,1,1,d25de64b4eb6a8102f5b8d80b3276df83b9b2f27,hardware,printer_output,프린터/출력,[통화요청] 키오스크 H/W 통화 요청의 件,2025-07-10 14:02,2025-07-10 14:10,2,TRUE,in_progress,"{""ubcare"": 1, ""distributor"": 1}","[프린터/출력] 키오스크에서 출력물 나올때 잉크가 번져서 최신 대응: 해당 의원 현재 1번, 2번기기 모두 재생토너를 사용 중인 것으로 보여, 정품 토너로 교체하여 사용해보시기를 권장드렸습니다 / 정품 토너 사용 후에도 동일하게 출력 품질 저하 현상이 지속될 경우, 삼성 엔지니어의 현장 점검이 필요할 수 있다고 안내드렸습니다",키오스크에서 출력물 나올때 잉크가 번져서,"해당 의원 현재 1번, 2번기기 모두 재생토너를 사용 중인 것으로 보여, 정품 토너로 교체하여 사용해보시기를 권장드렸습니다 / 정품 토너 사용 후에도 동일하게 출력 품질 저하 현상이 지속될 경우, 삼성 엔지니어의 현장 점검이 필요할 수 있다고 안내드렸습니다",in_progress,low,안녕하세요 . 유비케어 병원고객팀 유맑은샘입니다 . 키오스크 문의내역 전달드립니다 . 구분 내용 고객정보 상호명 온누리내과 고객명 김성훈 요양기관기호 41313542 문의자 이름 접수실 선생님 연락 받으실 번호 [PHONE_REDACTED] ( 의원 연락처 ) 문의 내용 및 요청사항 키오스크에서 출력물 나올때 잉크가 번져서 지져분하게 나온다고 합니다 . 프린트 확인 요청주셨습니다 . 해당 내역으로 확인부 탁드립니다,"안녕하세요 에이치앤아이디지탈 김유미입니다. 해당 의원 현재 1번, 2번기기 모두 재생토너를 사용 중인 것으로 보여, 정품 토너로 교체하여 사용해보시기를 권장드렸습니다. 정품 토너 사용 후에도 동일하게 출력 품질 저하 현상이 지속될 경우, 삼성 엔지니어의 현장 점검이 필요할 수 있다고 안내드렸습니다. 참고 부탁드립니다",최종 상태가 resolved가 아님,medium,,,,,,,,,,
clinic_case,25154,1,25154-001,cust:25154,정해율키즈엔젤소아청소년과의원,25154,2,0,6bfff7644c5cb68a5a35085b1d2573e618bf0998,hardware,printer_output,프린터/출력,[HNID] 하프형K 하부장 외관 개선 요청 관련 조율 요청의 건,2025-08-20 15:27,2025-08-20 15:27,1,TRUE,resolved,"{""distributor"": 1}","[프린터/출력] 프린터 노출로 인해 아이들이 기기를 만질 가능성이 높고, 이로 인한 고장 우려가 있음 타 지점에서는 문제 제기가 없었는지 문의하셨으며, 문제가 있는 제품이라면 개선 차원에서 조치를 취해야 하는 것 아니냐는 의견을 주셨습니다 최신 대응: 고객님께서는 프린터가 노출되어 있는 부분을 아크릴 소재 등으로 막아달라 는 요청을 주셨으며, 개선 조치가 완료된 이후에 사용하시겠다는 입장입니다 / 토너 교체 시 불편함","프린터 노출로 인해 아이들이 기기를 만질 가능성이 높고, 이로 인한 고장 우려가 있음 타 지점에서는 문제 제기가 없었는지 문의하셨으며, 문제가 있는 제품이라면 개선 차원에서 조치를 취해야 하는 것 아니냐는 의견을 주셨습니다","고객님께서는 프린터가 노출되어 있는 부분을 아크릴 소재 등으로 막아달라 는 요청을 주셨으며, 개선 조치가 완료된 이후에 사용하시겠다는 입장입니다 / 토너 교체 시 불편함",resolved,high,"안녕하세요. 오창훈 매니저님 HNID 선자람입니다. 금일 납품 건( 정해율키즈엔젤소아청소년과의원) 과 관련하여 고객 측에서 하부장 외관에 대한 개선 요청이 있어 상황 공유 및 조율을 위해 메일드립니다. 고객님께서는 프린터가 노출되어 있는 부분을 아크릴 소재 등으로 막아달라 는 요청을 주셨으며, 개선 조치가 완료된 이후에 사용하시겠다는 입장입니다. 이에 따라 현재 기기는 의원 창고에 보관한 상태 입니다. 요청 사유는 다음과 같습니다. 프린터 노출로 인해 아이들이 기기를 만질 가능성이 높고, 이로 인한 고장 우려가 있음 타 지점에서는 문제 제기가 없었는지 문의하셨으며, 문제가 있는 제품이라면 개선 차원에서 조치를 취해야 하는 것 아니냐는 의견을 주셨습니다. 다만, 고객님께서는 일체형K 모델로 보완할 수 있다는 점은 알고 계시나, 비용 부담으로 해당 모델 변경은 어렵다 고 하셨습니다. 추가로, 고객님","안녕하세요. 오창훈 매니저님 HNID 선자람입니다. 금일 납품 건( 정해율키즈엔젤소아청소년과의원) 과 관련하여 고객 측에서 하부장 외관에 대한 개선 요청이 있어 상황 공유 및 조율을 위해 메일드립니다. 고객님께서는 프린터가 노출되어 있는 부분을 아크릴 소재 등으로 막아달라 는 요청을 주셨으며, 개선 조치가 완료된 이후에 사용하시겠다는 입장입니다. 이에 따라 현재 기기는 의원 창고에 보관한 상태 입니다. 요청 사유는 다음과 같습니다. 프린터 노출로 인해 아이들이 기기를 만질 가능성이 높고, 이로 인한 고장 우려가 있음 타 지점에서는 문제 제기가 없었는지 문의하셨으며, 문제가 있는 제품이라면 개선 차원에서 조치를 취해야 하는 것 아니냐는 의견을 주셨습니다. 다만, 고객님께서는 일체형K 모델로 보완할 수 있다는 점은 알고 계시나, 비용 부담으로 해당 모델 변경은 어렵다 고 하셨습니다. 추가로, 고객님",GT 보강 시 재사용 가능,low,,,,,,,,,,
clinic_case,25154,2,25154-002,cust:25154,정해율키즈엔젤소아청소년과의원,25154,2,0,fce15573d1f9b2d06b183b0d9a633c56c8c250d6,hardware,printer_output,프린터/출력,[통화요청] 키오스크 S/W 점검 요청의 件,2025-09-08 11:11,2025-09-08 14:06,2,TRUE,resolved,"{""ubcare"": 2}","[프린터/출력] 담당자 방문하여 처리 받아 현재는 정상출력 된다고 합니다 최신 대응: 하기의원 프린터 설정 관련하여 점검 차 연락 드렸으나, 담당자 방문하여 처리 받아 현재는 정상출력 된다고 합니다 / 참고 부탁드립니다",담당자 방문하여 처리 받아 현재는 정상출력 된다고 합니다,"하기의원 프린터 설정 관련하여 점검 차 연락 드렸으나, 담당자 방문하여 처리 받아 현재는 정상출력 된다고 합니다 / 참고 부탁드립니다",resolved,high,"안녕하십니까, 운영기획팀 오창훈 매니저입니다 . ■ 정해율키즈엔젤소아청소년과의원 (25154) ( 광주광역시 광산구 )_ 하프 K 1 대 사용 1) 인입내용: 연결된 2 단급지 프린터 급지함 변경 기능 작동하지 않는 증상으로 인입 2) 요청사항: 하기 첨부한 매뉴얼과 같이 점검 부탁드립니다 . 3) 연락처: [PHONE_REDACTED] 내용 확인 및 점검 부탁드리며, 추가적으로 궁금하신 점 있으시면 언제든 말씀 부탁드립니다","안녕하세요 . 병원고객팀 이연주입니다 . 하기의원 프린터 설정 관련하여 점검 차 연락 드렸으나, 담당자 방문하여 처리 받아 현재는 정상출력 된다고 합니다 . 참고 부탁드립니다 . 이상입니다 . 이연주 드림",GT 보강 시 재사용 가능,low,,,,,,,,,,
clinic_case,25692,1,25692-001,cust:25692,해맑은소아과,25692,1,0,126c5d141d73747ceaf94862f0f6992de0eb975d,hardware,payment_cancel_refund,결제취소/중복결제,[통화요청] 키오스크 H/W 통화 요청의 件,2025-10-13 14:35,2025-10-20 10:35,6,TRUE,resolved,"{""ubcare"": 3, ""distributor"": 3}","[결제취소/중복결제] 다만 이후에도 프린터에 빨간 불이 켜지며 출력이 불가한 상태로, 최신 대응: 토너 교체 이후에 출력 이슈가 발생될 경우 토너 자체 불량일 수 있습니다 / 하여 의원에 토너 재교체를 안내드렸으며, 토너 교체 후 정상 출력되는 점 전달 받았습니다","다만 이후에도 프린터에 빨간 불이 켜지며 출력이 불가한 상태로,","토너 교체 이후에 출력 이슈가 발생될 경우 토너 자체 불량일 수 있습니다 / 하여 의원에 토너 재교체를 안내드렸으며, 토너 교체 후 정상 출력되는 점 전달 받았습니다",resolved,high,안녕하세요 . 병원고객팀 황정안 시니어매니저 입니다 . 키오스크 점검 요청 전달 드립니다 . 구분 내용 고객정보 상호명 해맑은소아과 고객명 김미연 요양기관기호 41315359 문의자 이름 원무과 여자선생님 연락 받으실 번호 [PHONE_REDACTED] 문의 내용 및 요청사항 - 이슈: 키오스크 프린터 전원이 저절로 꺼진다 하심 . 전원연결부 확인해보고 전원을 켜놓으면 잘 작동되다가 어느 순간 보면 전원이 또 나가 있고 다시 켜고 반복중이라 점검요청 하심 해당 내역 확인 부탁드립니다,"안녕하세요 에이치앤아이디지탈 김유미입니다. 토너 교체 이후에 출력 이슈가 발생될 경우 토너 자체 불량일 수 있습니다. 하여 의원에 토너 재교체를 안내드렸으며, 토너 교체 후 정상 출력되는 점 전달 받았습니다",GT 보강 시 재사용 가능,low,,,,,,,,,,
clinic_case,2984,1,2984-001,cust:2984,올리브소아청소년과,2984,2,0,a79402c66c67bb614279675c9f8a6dc13bca040e,network,network_connection,네트워크/IP,[사업기획팀] 키오스크 이슈 관련 진행사항 안내의 件,2025-04-03 11:27,2025-04-03 11:27,1,TRUE,resolved,"{""ubcare"": 1}","[네트워크/IP] 네트워크 불량 이슈의 주요 원인이 최신 대응: 2) 공유기 자동 IP 할당 대역대 설정 완료 / →예시내용 ) 병원 환경에 맞춰 세팅 진행 [IP_REDACTED] ~ [IP_REDACTED] 까지는 자동할당대역으로 줘버리고 나머지 1~99 까지는 고정 IP 로 설정하여 충돌이 발생되지 않도록 조치 전일 교체 이후 현재까지 추가 인입내역은 없으나, 동일 이슈 건으로 재인입 될 경우 내용 공유드릴 수 있도록 하겠습니다",네트워크 불량 이슈의 주요 원인이,"2) 공유기 자동 IP 할당 대역대 설정 완료 / →예시내용 ) 병원 환경에 맞춰 세팅 진행 [IP_REDACTED] ~ [IP_REDACTED] 까지는 자동할당대역으로 줘버리고 나머지 1~99 까지는 고정 IP 로 설정하여 충돌이 발생되지 않도록 조치 전일 교체 이후 현재까지 추가 인입내역은 없으나, 동일 이슈 건으로 재인입 될 경우 내용 공유드릴 수 있도록 하겠습니다",resolved,high,"안녕하세요, 유비케어 최미선입니다 . 올리브소아청소년과의원 네트워크 이슈 관련 진행 사항 공유드립니다 . 결론부터 말씀드리자면, 네트워크 불량 이슈의 주요 원인이 ‘IP 충돌 ’ 로 확인하였으며 원내 PC 外 장비에서 IP 가 중복으로 설정되어 있는 것으로 예상 . But, 정확한 위치 확인 불가에 따라 1) 키오스크 IP 교체 및 2) 공유기 자동 IP 할당 대역대 설정 완료 하였습니다 . 올리브소아청소년과의원 - 인터넷 장애여부 확인 . 중복되는 IP 값 없음 하여, 전일 (4/2) 오전 중 대리점 담당자 현장 방문하여 변경 진행하였습니다 . 키오스크 IP 변경 (x.x.x.42 -> x.x.x. 66 ) KT 공유기: 유동 IP 대역 설정 변경 ((x.x.x.2 ~ x.x.x. 60 ) * 공유기 자동 IP 할당 대역대 설정 ( 링크 참조 ) https: //blog.naver.com/la","안녕하세요, 유비케어 최미선입니다 . 올리브소아청소년과의원 네트워크 이슈 관련 진행 사항 공유드립니다 . 결론부터 말씀드리자면, 네트워크 불량 이슈의 주요 원인이 ‘IP 충돌 ’ 로 확인하였으며 원내 PC 外 장비에서 IP 가 중복으로 설정되어 있는 것으로 예상 . But, 정확한 위치 확인 불가에 따라 1) 키오스크 IP 교체 및 2) 공유기 자동 IP 할당 대역대 설정 완료 하였습니다 . 올리브소아청소년과의원 - 인터넷 장애여부 확인 . 중복되는 IP 값 없음 하여, 전일 (4/2) 오전 중 대리점 담당자 현장 방문하여 변경 진행하였습니다 . 키오스크 IP 변경 (x.x.x.42 -> x.x.x. 66 ) KT 공유기: 유동 IP 대역 설정 변경 ((x.x.x.2 ~ x.x.x. 60 ) * 공유기 자동 IP 할당 대역대 설정 ( 링크 참조 ) https: //blog.naver.com/la",GT 보강 시 재사용 가능,low,,,,,,,,,,
clinic_case,2984,2,2984-002,cust:2984,올리브소아청소년과,2984,2,0,0e82dcb90f1a86d2cbcb8f869cd0a76793028873,software,payment_card_reader,카드결제/리더기,[통화요청] 키오스크 H/W 통화 요청의 件,2025-06-18 16:06,2025-06-19 16:36,4,TRUE,resolved,"{""ubcare"": 2, ""distributor"": 2}",[카드결제/리더기] 결제 테스트 진행했으나 리더기 오류 팝업 발생 했습니다,결제 테스트 진행했으나 리더기 오류 팝업 발생 했습니다,,resolved,medium,"안녕하세요 병원고객팀 김홍비 입니다 . 키오스크 문의내역 전달드립니다 . 구분 내용 고객정보 상호명 올리브소아청소년과 고객명 박종훈 (2984) 요양기관기호 31338194 문의자 이름 접수실 선생님 연락 받으실 번호 0312641475 문의 내용 및 요청사항 - 이슈: 키오스크에 결제시 결제가 되지 않습니다 . 1. 키오스크 H/W 설정 > CATID 가 정상적인지 확인 2. VCAT 모듈을 실행시켜서 결제가 완료되는지 확인 2-1 KSCAT 실행 후, 결제 테스트 진행했으나 리더기 오류 팝업 발생 했습니다 . 바쁘시겠지만 해당 내역으로 확인부 탁드립니다",SUBJECT: FW: RE: [통화요청] 키오스크 H/W 통화 요청의 件_올리브소아청소년과(용인),최종 조치 문장 추출 실패,low,,,,,,,,,,
clinic_case,2995,1,2995-001,cust:2995,이소아과의원,2995,2,2,e2dbbb4fda2752063ebde6507827ce1e7f47666e,hardware,printer_output,프린터/출력,[통화요청] [통화요청] 키오스크 H/W 방문 요청 이소아과의원,2025-05-27 14:35,2025-05-27 14:35,1,TRUE,in_progress,"{""ubcare"": 1}","[프린터/출력] 키오스크 프린트 토너 교체후 빨간불이 깜빡거리면서 출력되지 않은 증상 최신 대응: 구분 내용 고객정보 상호명 이소아과의원 고객명 이은숙 요양기관기호 11379651 문의자 이름 접수실 선생님 연락 받으실 번호 023730947 문의 내용 및 요청사항 - 이슈: 키오스크 프린트 토너 교체후 빨간불이 깜빡거리면서 출력되지 않은 증상 / 2) 프린트 전원, 선 재연결 해도 동일하게 빨간불이 깜빡이고 출력되지 않음 점검 확인 요청 드립니다",키오스크 프린트 토너 교체후 빨간불이 깜빡거리면서 출력되지 않은 증상,"구분 내용 고객정보 상호명 이소아과의원 고객명 이은숙 요양기관기호 11379651 문의자 이름 접수실 선생님 연락 받으실 번호 023730947 문의 내용 및 요청사항 - 이슈: 키오스크 프린트 토너 교체후 빨간불이 깜빡거리면서 출력되지 않은 증상 / 2) 프린트 전원, 선 재연결 해도 동일하게 빨간불이 깜빡이고 출력되지 않음 점검 확인 요청 드립니다",in_progress,low,"안녕하세요 유비케어 병원고객팀 김홍비 입니다 . 키오스크 문의내역 전달드립니다 . 구분 내용 고객정보 상호명 이소아과의원 고객명 이은숙 요양기관기호 11379651 문의자 이름 접수실 선생님 연락 받으실 번호 023730947 문의 내용 및 요청사항 - 이슈: 키오스크 프린트 토너 교체후 빨간불이 깜빡거리면서 출력되지 않은 증상 1) 프린트 점검도구 툴에서 계속 토너 부족 문구확인 됨 2) 프린트 전원, 선 재연결 해도 동일하게 빨간불이 깜빡이고 출력되지 않음 점검 확인 요청 드립니다 . 확인부 탁드립니다","안녕하세요 유비케어 병원고객팀 김홍비 입니다 . 키오스크 문의내역 전달드립니다 . 구분 내용 고객정보 상호명 이소아과의원 고객명 이은숙 요양기관기호 11379651 문의자 이름 접수실 선생님 연락 받으실 번호 023730947 문의 내용 및 요청사항 - 이슈: 키오스크 프린트 토너 교체후 빨간불이 깜빡거리면서 출력되지 않은 증상 1) 프린트 점검도구 툴에서 계속 토너 부족 문구확인 됨 2) 프린트 전원, 선 재연결 해도 동일하게 빨간불이 깜빡이고 출력되지 않음 점검 확인 요청 드립니다 . 확인부 탁드립니다",최종 상태가 resolved가 아님,medium,,,,,,,,,,
clinic_case,2995,2,2995-002,cust:2995,이소아과의원,2995,2,2,3070fdd7d90645780d88f747819cf3a64527e2ab,hardware,printer_output,프린터/출력,[통화요청] [통화요청] 키오스크 H/W 방문 요청 이소아과의원(서대문),2025-05-27 15:10,2025-05-27 15:10,1,TRUE,in_progress,"{""distributor"": 1}","[프린터/출력] 자세한 증상 확인차 의원 연락드리니, 금일 오전 토너 교체 이후로 해당 증상 발생한다 하여 토너 자체 불량일 가능성과 토너 재장착 시도 안내드렸습니다 최신 대응: 자세한 증상 확인차 의원 연락드리니, 금일 오전 토너 교체 이후로 해당 증상 발생한다 / 재생토너 사용중이라고 하며, 계약 만료로 비용 발생되는 부분에 대해 원장님과 상의 후 방문 필요","자세한 증상 확인차 의원 연락드리니, 금일 오전 토너 교체 이후로 해당 증상 발생한다 하여 토너 자체 불량일 가능성과 토너 재장착 시도 안내드렸습니다","자세한 증상 확인차 의원 연락드리니, 금일 오전 토너 교체 이후로 해당 증상 발생한다 / 재생토너 사용중이라고 하며, 계약 만료로 비용 발생되는 부분에 대해 원장님과 상의 후 방문 필요",in_progress,low,"안녕하세요, 에이치앤아이디지탈 김하은입니다. 자세한 증상 확인차 의원 연락드리니, 금일 오전 토너 교체 이후로 해당 증상 발생한다 하여 토너 자체 불량일 가능성과 토너 재장착 시도 안내드렸습니다. 재생토너 사용중이라고 하며, 계약 만료로 비용 발생되는 부분에 대해 원장님과 상의 후 방문 필요 시 의사랑 고객센터로 재접수하기로 하였습니다","안녕하세요, 에이치앤아이디지탈 김하은입니다. 자세한 증상 확인차 의원 연락드리니, 금일 오전 토너 교체 이후로 해당 증상 발생한다 하여 토너 자체 불량일 가능성과 토너 재장착 시도 안내드렸습니다. 재생토너 사용중이라고 하며, 계약 만료로 비용 발생되는 부분에 대해 원장님과 상의 후 방문 필요 시 의사랑 고객센터로 재접수하기로 하였습니다",최종 상태가 resolved가 아님,medium,,,,,,,,,,
clinic_case,30240,1,30240-001,cust:30240,연희내과의원,30240,2,0,02b1e46207c93b7a4aefa74f28fe9bb7dd3efb3c,hardware,payment_card_reader,카드결제/리더기,[통화요청] 키오스크 H/W 통화 요청의 件,2025-11-18 14:51,2025-11-27 16:30,5,TRUE,resolved,"{""ubcare"": 3, ""distributor"": 2}",[카드결제/리더기] 인식이 안되어 마그네틱 결제 유도 팝업만 발생한다고 하십니다 최신 대응: 담당 선생님이 퇴근하셔서 내일 재연락 드리기로 했습니다,인식이 안되어 마그네틱 결제 유도 팝업만 발생한다고 하십니다,담당 선생님이 퇴근하셔서 내일 재연락 드리기로 했습니다,resolved,medium,안녕하세요 . 유비케어 병원고객팀 김초원입니다 . 키오스크 문의내역 전달드립니다 . 구분 내용 고객정보 상호명 연희내과의원 고객명 홍순홍 요양기관번호 31382754 문의자 이름 접수실 선생님 연락받으실 번호 [PHONE_REDACTED] 문의 내용 및 요청사항 - 이슈: 키오스크에서 카드 결제가 안된다고 합니다 . 카드 IC 인식이 안되어 마그네틱 결제 유도 팝업만 발생한다고 하십니다 . 키오스크 기기를 재부팅해도 증상 동일하여 H/W 점검 요청드리오니 관련하여 확인 부탁드립니다 . 가능한 빠른 통화 요청하셨습니다 . 해당 내역으로 확인 부 탁 드립니다,안녕하세요 병원고객팀 강보득솔입니다 . 담당 선생님이 퇴근하셔서 내일 재연락 드리기로 했습니다,GT 보강 시 재사용 가능,low,,,,,,,,,,
clinic_case,30240,2,30240-002,cust:30240,연희내과의원,30240,2,0,eea30f16fa1b5b088cd19a031ffcddceca224a54,hardware,payment_card_reader,카드결제/리더기,[통화요청] 키오스크 H/W 통화 요청의 件,2026-02-04 11:53,2026-02-09 13:02,4,TRUE,resolved,"{""ubcare"": 2, ""distributor"": 2}","[카드결제/리더기] 리더기 정보확인 시 확인 실패 최신 대응: 일정 앞당겨져 지난 금요일 점검 결과, 의원에서 정상 작동으로 점검 불필요하다고 말씀주셔 점검 마무리되었습니다",리더기 정보확인 시 확인 실패,"일정 앞당겨져 지난 금요일 점검 결과, 의원에서 정상 작동으로 점검 불필요하다고 말씀주셔 점검 마무리되었습니다",resolved,high,"안녕하세요 유비케어 병원고객팀 장유나 입니다. 키오스크 문의내역 전달드립니다. 구분 내용 고객정보 상호명 연희내과의원 고객명 홍순홍 요양기관기호 31382754 문의자 이름 원무과 연락 받으실 번호 [PHONE_REDACTED] 문의 내용 및 요청사항 - 이슈: 수납을 누르면 카드를 넣지도 않았는데 마그네틱으로 결제하라고 나옵니다. ic 카드, 페이 결제 둘다 안된다고 합니다. 확인부탁드립니다. 바쁘시겠지만 해당 내역으로 확인 부 탁 드립니다. 감사합니다","안녕하세요, 에이치앤아이디지탈 김하은입니다. 일정 앞당겨져 지난 금요일 점검 결과, 의원에서 정상 작동으로 점검 불필요하다고 말씀주셔 점검 마무리되었습니다",GT 보강 시 재사용 가능,low,,,,,,,,,,
clinic_case,30537,1,30537-001,cust:30537,이경미소아청소년과의원,30537,2,0,3f5c28331c463d66660084d29227bbf39c318aa1,hardware,printer_output,프린터/출력,[유비케어] 의사랑 키오스크 점검 요청 件,2025-05-21 19:30,2025-05-21 19:30,1,TRUE,resolved,"{""ubcare"": 1}","[프린터/출력] 간헐적으로 프린터 출력이 안됨 최신 대응: ( 일주일 2-3 번 발생 ) 키오스크 재실행 시 일시적으로 정상 작동되나, 일정 시간이 지나면 동일 이슈 반복 확인사항: 24 년 프린터 이슈 점검 당시, “USB 케이블 연결 ” 로 진행 > 제조사 우선방문 일정 확보 대기 중 요청사항: 제조사 방문 및 점검 결과 및 대응 공유 연락처: [PHONE_REDACTED] 대리점 담당자로부터 유선으로 전달받아 별도 문의주신 로그는 수집하지 못한 점 양해 부탁드립니다 / 제조사 현장 점검 후 유비케어에서 추가 점검이",간헐적으로 프린터 출력이 안됨,"( 일주일 2-3 번 발생 ) 키오스크 재실행 시 일시적으로 정상 작동되나, 일정 시간이 지나면 동일 이슈 반복 확인사항: 24 년 프린터 이슈 점검 당시, “USB 케이블 연결 ” 로 진행 > 제조사 우선방문 일정 확보 대기 중 요청사항: 제조사 방문 및 점검 결과 및 대응 공유 연락처: [PHONE_REDACTED] 대리점 담당자로부터 유선으로 전달받아 별도 문의주신 로그는 수집하지 못한 점 양해 부탁드립니다 / 제조사 현장 점검 후 유비케어에서 추가 점검이",resolved,high,"안녕하십니까, 유비케어 사업기획팀 최미선입니다 . 금일 메신저로 점검 요청드린, 이경미소아청소년과의원 의사랑 키오스크 프린터 점검 요청 메일드립니다 . 이경미소아청소년과의원 _ 풀 K 1 대 사용처 ( 할부 ) 인입내용: 간헐적으로 프린터 출력이 안됨 ( 일주일 2-3 번 발생 ) 키오스크 재실행 시 일시적으로 정상 작동되나, 일정 시간이 지나면 동일 이슈 반복 확인사항: 24 년 프린터 이슈 점검 당시, “USB 케이블 연결 ” 로 진행 > 제조사 우선방문 일정 확보 대기 중 요청사항: 제조사 방문 및 점검 결과 및 대응 공유 연락처: [PHONE_REDACTED] 대리점 담당자로부터 유선으로 전달받아 별도 문의주신 로그는 수집하지 못한 점 양해 부탁드립니다 . 제조사 현장 점검 후 유비케어에서 추가 점검이 필요할 경우 내용 공유 부탁드립니다","안녕하십니까, 유비케어 사업기획팀 최미선입니다 . 금일 메신저로 점검 요청드린, 이경미소아청소년과의원 의사랑 키오스크 프린터 점검 요청 메일드립니다 . 이경미소아청소년과의원 _ 풀 K 1 대 사용처 ( 할부 ) 인입내용: 간헐적으로 프린터 출력이 안됨 ( 일주일 2-3 번 발생 ) 키오스크 재실행 시 일시적으로 정상 작동되나, 일정 시간이 지나면 동일 이슈 반복 확인사항: 24 년 프린터 이슈 점검 당시, “USB 케이블 연결 ” 로 진행 > 제조사 우선방문 일정 확보 대기 중 요청사항: 제조사 방문 및 점검 결과 및 대응 공유 연락처: [PHONE_REDACTED] 대리점 담당자로부터 유선으로 전달받아 별도 문의주신 로그는 수집하지 못한 점 양해 부탁드립니다 . 제조사 현장 점검 후 유비케어에서 추가 점검이 필요할 경우 내용 공유 부탁드립니다",GT 보강 시 재사용 가능,low,,,,,,,,,,
clinic_case,30537,2,30537-002,cust:30537,이경미소아청소년과의원,30537,2,0,b8268f1e37b7b8d6cf9ed93706f8b32851454c10,hardware,printer_output,프린터/출력,[사업기획팀] 키오스크 SW 상세점검 요청 件,2025-06-23 17:09,2025-06-24 16:45,2,TRUE,resolved,"{""ubcare"": 2}","[프린터/출력] 처방전 출력이 간헐적으로 안됨 최신 대응: 이경미소아청소년과의원 ( 풀 K 사용처 ) 처방전 출력 간헐적 오류 증상: 오류 발생 시 프린터 상태 표시등이 빨간불로 전환되며, 프린터 전원을 껐다가 켜면 파란불로 복구되어 정상 출력됨 / 흰 화면 노출 현상 발생 시점: 5 월 발생 추정 원인 및 조치: 비정기 4 차 업데이트가 진행되었음을 안내, 재발 여부 확인 예정",처방전 출력이 간헐적으로 안됨,"이경미소아청소년과의원 ( 풀 K 사용처 ) 처방전 출력 간헐적 오류 증상: 오류 발생 시 프린터 상태 표시등이 빨간불로 전환되며, 프린터 전원을 껐다가 켜면 파란불로 복구되어 정상 출력됨 / 흰 화면 노출 현상 발생 시점: 5 월 발생 추정 원인 및 조치: 비정기 4 차 업데이트가 진행되었음을 안내, 재발 여부 확인 예정",resolved,high,"안녕하십니까, 사업기획팀 최미선입니다 . 이경미소아청소년과의원 키오스크 SW 상세 점검 요청 메일드립니다 . 이경미소아청소년과의원 ( 풀 K 사용처 ) 인입내용: 키오스크 사용 도중 결제까지 되는데 처방전 출력이 간헐적으로 안됨 ( 결제부터 안되는 경우도 있다고 함 ) 확인사항: 병의원에서 위 이슈 발생한 일자 / 환자 등 리스트업 해둔 상태 ( 이오넷 문용준 팀장 ) 요청사항: 병의원에서 리스트업 한 케이스별 SW 상세 점검 / 대응 > 특이사항이 없을 경우 HW 이관 5 월 동일한 이슈로 인입된 이력 有 . But, 이슈 반복 / 미해결 등으로 고객 불만 증대 5 월 중순, 상기 의원으로부터 동일 이슈로 인입된 이력이 있으나, 별다른 조치없이 종료된 것으로 확인됩니다 . 히스토리는 고객샘 또는 ‘ ★ 키 오 스 크 이 슈 대 응_raw’ 에서 확인 부탁드립니다 . 기타 궁금하신 사항이 있으실","안녕하세요 . 병원고객팀 이연주입니다 . 아래 고객 키오스크 점검 결과 메일드립니다 . ■ 이경미소아청소년과의원 ( 풀 K 사용처 ) 처방전 출력 간헐적 오류 증상: 오류 발생 시 프린터 상태 표시등이 빨간불로 전환되며, 프린터 전원을 껐다가 켜면 파란불로 복구되어 정상 출력됨 조치: ' 스풀 기능을 사용하지 않고 인쇄 (D)' 옵션 체크 및 프린터점검툴 진행 → 향후 모니터링 결과에 따라 공급사 이관 예정 결제 오류 증상: 결제 과정 중 간헐적으로 수납이 되지 않음 → 현재 오류에 해당하는 환자 리스트는 확보되지 않은 상태이며, 환자 리스트 수집 및 관련 로그 수집 병행 예정 흰 화면 노출 현상 발생 시점: 5 월 발생 추정 원인 및 조치: 비정기 4 차 업데이트가 진행되었음을 안내, 재발 여부 확인 예정 이상입니다, 이연주 드림",GT 보강 시 재사용 가능,low,,,,,,,,,,
clinic_case,3165,1,3165-001,cust:3165,성모내과,3165,1,0,fc8b56a547edad88f2e58a224f41f66629dc4709,hardware,payment_card_reader,카드결제/리더기,[운영기획팀] 키오스크 점검 요청의 件,2025-12-01 11:10,2025-12-04 16:03,5,TRUE,resolved,"{""ubcare"": 3, ""distributor"": 2}","[카드결제/리더기] 키오스크 카드 영수증 감열지 프린터 출력이 안되는 이슈로 문의 주셨습니다 최신 대응: 금일 제조사 엔지니어 방문 점검 결과, 영수증 용지가 반대로 장착된 점 확인하였습니다 / 현장에서 올바른 용지 장착 방법을 안내드린 후 철수하였습니다",키오스크 카드 영수증 감열지 프린터 출력이 안되는 이슈로 문의 주셨습니다,"금일 제조사 엔지니어 방문 점검 결과, 영수증 용지가 반대로 장착된 점 확인하였습니다 / 현장에서 올바른 용지 장착 방법을 안내드린 후 철수하였습니다",resolved,medium,"안녕하십니까, 운영기획팀 오창훈 매니저입니다 . 대리점 영업자로부터 키오스크 이슈 관련 대응 요청 인입되어 내용 전달 및 대응 요청 드립니다 . l 고객명: 성모내과 (3165, [PHONE_REDACTED]) 키오스크 카드 영수증 감열지 프린터 출력이 안되는 이슈로 문의 주셨습니다 . 의사랑 키오스크 HW 설정 상 카드 영수증 프린터 설정이 정상적으로 되어있는지 확인하여 주시고, 설정 정상적으로 되어 있을 경우 감열지 프린터 HW 점검을 위해 HNID 이관 부탁드리고자 합니다 . 자세한 내용은 하기 설정 창 화면 참고를 부탁드립니다","안녕하세요 에이치앤아이디지탈 김유미입니다. 금일 제조사 엔지니어 방문 점검 결과, 영수증 용지가 반대로 장착된 점 확인하였습니다. 현장에서 올바른 용지 장착 방법을 안내드린 후 철수하였습니다",GT 보강 시 재사용 가능,low,,,,,,,,,,
clinic_case,32205,1,32205-001,cust:32205,김천미성형외과의원,32205,1,0,ca79326bc33376f32aaa4973d105854b018275a7,hardware,setup_configuration,설치/설정,[긴급][점검요청] 키오스크 S/W 통화 요청의 件,2025-07-04 16:00,2025-07-04 16:35,2,TRUE,resolved,"{""ubcare"": 2}","[설치/설정] 키오스크 S/W 오류 최신 대응: 요청 해주신 부분 원격으로 확인 했으며, 증상이 너무 간혈적이라 확인은 하지 못했습니다 / 해당 부분 안내 드리고, 증상 재발생 하는지 사용 안내 드렸습니다",키오스크 S/W 오류,"요청 해주신 부분 원격으로 확인 했으며, 증상이 너무 간혈적이라 확인은 하지 못했습니다 / 해당 부분 안내 드리고, 증상 재발생 하는지 사용 안내 드렸습니다",resolved_but_needs_verification,medium,"안녕하십니까, 운영기획팀 오창훈 매니저입니다 . 김천미성형외과의원 의사랑 키오스크 SW 점검요청 드립니다 . 김천미성형외과의원 _ 하프 K 1 대 사용처 인입내용: 키오스크 S/W 오류 요청사항: 키오스크 접수 도중 터치가 안되다가 초기화면으로 돌아가는 증상 발생하고 있다고 합니다 . 접수 / 수납 정보 기본 설정치가 ‘ 휴대전화번호 ’ 로 설정되어 있는 상태라고 하는데, 이전 신검단아이꿈소아청소년과 의원의 경우 기본 설정 휴대전화번호일 경우 접수 / 수납 시 무반응 현상 발생하지 않는 것으로 확인되나 증상 지속 발생하고 있어 점검 요청 드립니다 . 업데이트 ( 키오스크 / 의사랑 ) 여부, 의사랑 관리자 설정값 정상 반영 여부 등 확인하신 후 특이사항 없을 시 HNID HW 점검 이관 부탁드리겠습니다 . 키오스크 납품 및 사용 기간이 길지 않아 고객 불만이 있는 처로, 금일 중으로 점검 및 이","안녕하세요 . 병원고객팀 오태민 입니다 . 요청 해주신 부분 원격으로 확인 했으며, 증상이 너무 간혈적이라 확인은 하지 못했습니다 . 다만 의심가는 설정 – 수납 기본 설정치가 ‘ 주민번호 ’ 로 되어 있어 ‘ 휴대전화번호 ’ 로 변경 해놓은 상태 입니다 . 해당 부분 안내 드리고, 증상 재발생 하는지 사용 안내 드렸습니다 . 지속 F/U 진행 후 문제 발생 시 추가 회신 드리겠습니다",최종 조치가 예정/요청 단계로 보임; 이슈 요약 근거가 약함,low,,,,,,,,,,
clinic_case,32413,1,32413-001,cust:32413,코모키이비인후과,32413,8,1,1ba87d9dfdd5532fc2880dd10d56464002256e39,hardware,printer_output,프린터/출력,[통화요청] 키오스크 H/W 통화 요청의 件,2025-09-16 13:19,2025-09-16 17:01,3,TRUE,resolved,"{""distributor"": 2, ""ubcare"": 1}","[프린터/출력] 프린터 출력이 되지않아 프린터 본체를 살펴보니 관리자 최신 대응: 하여, 의원 측에 1~8까지 여덟 자리 숫자를 입력해 주시도록 안내드렸고, 입력 후 정상 작동된다는 회신을 받았습니다 / 현재 조치가 완료되었으니 참고 부탁드립니다",프린터 출력이 되지않아 프린터 본체를 살펴보니 관리자,"하여, 의원 측에 1~8까지 여덟 자리 숫자를 입력해 주시도록 안내드렸고, 입력 후 정상 작동된다는 회신을 받았습니다 / 현재 조치가 완료되었으니 참고 부탁드립니다",resolved,high,안녕하세요 유비케어 병원고객팀 강보득솔입니다 . 키오스크 문의내역 전달드립니다 . 구분 내용 고객정보 상호명 코모키이비인후과 고객명 박형욱 요양기관기호 12335061 문의자 이름 의사랑 담당자 연락 받으실 번호 [PHONE_REDACTED] 문의 내용 및 요청사항 - 이슈: 프린터 출력이 되지않아 프린터 본체를 살펴보니 관리자 pin 번호를 요구하는 건으로 확인이 되었습니다 . 프린터 설정이 초기화 된 것으로 의심되어 획인 부탁드립니다 해당 내역으로 확인 부 탁 드립니다,"안녕하세요 에이치앤아이디지탈 김유미입니다. 의원과 연락이 닿아 확인해 본 결과, PIN 번호 오류는 프린터 자체 초기화 시 일시적으로 나타나는 증상이었습니다. 하여, 의원 측에 1~8까지 여덟 자리 숫자를 입력해 주시도록 안내드렸고, 입력 후 정상 작동된다는 회신을 받았습니다. 현재 조치가 완료되었으니 참고 부탁드립니다",GT 보강 시 재사용 가능,low,,,,,,,,,,
clinic_case,32413,2,32413-002,cust:32413,코모키이비인후과,32413,8,1,c8bb92df461f4cc4267bc4f631cb03e349b3bf00,hardware,printer_output,프린터/출력,[병원고객팀] 키오스크에서 간헐적으로 출력이 되지 않는 현상,2025-11-24 10:08,2025-11-24 10:54,2,TRUE,resolved,"{""ubcare"": 2}",[프린터/출력] 키오스크 에서 프린터는 정상작동하나 간헐적으로 출력이 안되는 현상 발생하여 log 첨부 드립니다 최신 대응: 네트워크 케이블 연결이 잘 되어 있는 지 기기 내 네트워크 케이블 연결 상태 확인 원내 공유기 연결 상태 확인 ( 아마 이부분은 문제 없을 듯 합니다 / ) 셋탑 네트워크 칩셋 확인 무상 유지보수 기간이라면 교체도 검토 부탁드립니다,키오스크 에서 프린터는 정상작동하나 간헐적으로 출력이 안되는 현상 발생하여 log 첨부 드립니다,네트워크 케이블 연결이 잘 되어 있는 지 기기 내 네트워크 케이블 연결 상태 확인 원내 공유기 연결 상태 확인 ( 아마 이부분은 문제 없을 듯 합니다 / ) 셋탑 네트워크 칩셋 확인 무상 유지보수 기간이라면 교체도 검토 부탁드립니다,resolved,high,"안녕하세요 병원고객팀 강보득솔입니다 . . 키오스크 에서 프린터는 정상작동하나, 간헐적으로 출력이 안되는 현상 발생하여 log 첨부 드립니다 . 점검툴에서도 정상 상태로 조회되며, 테스트 출력도 정상적이지만 출력 시 로딩이 걸린 후 토너가 없다고 인식 합니다 . 확인 부탁드리겠습니다","안녕하세요, 모바일페이개발팀 정웅기입니다 . 로그 확인결과 프린터로의 산발적인 연결 지연 / 끊김이 있는 듯 합니다 . 왼쪽 로그는 토너 잔량체크 동작 기록인데, 정상인 경우 100~300ms (0.1~0.3 초 ) 이내에 응답이 오고 있으나, 10000ms(10 초 ) 이상 지연되다가 응답이 전달되는 경우들이 있습니다 . 프린터 연결을 시도했다가 실패한 경우로 보이며, 간헐적으로 발생 & 지연 후 오류응답으로 인쇄 실패라는 증상의 원인으로 판단됩니다 . 오른쪽은 윈도우 이벤트 로그입니다 . E1rexpress 로그가 빈발하고 있는데 다음 사항 확인 부탁드립니다 . 네트워크 케이블 연결이 잘 되어 있는 지 기기 내 네트워크 케이블 연결 상태 확인 원내 공유기 연결 상태 확인 ( 아마 이부분은 문제 없을 듯 합니다 .) 셋탑 네트워크 칩셋 확인 무상 유지보수 기간이라면 교체도 검토 부탁드립니다 .",GT 보강 시 재사용 가능,low,,,,,,,,,,
clinic_case,32413,3,32413-003,cust:32413,코모키이비인후과,32413,8,1,971d534c4dcffb321e2ea1eefc33525dc0dd6b00,hardware,printer_output,프린터/출력,[통화요청] 키오스크 H/W 통화 요청의 件,2025-11-26 16:13,2025-12-01 16:10,7,TRUE,resolved,"{""distributor"": 5, ""ubcare"": 2}","[프린터/출력] 간헐적으로 출력이 되지 않는 현상 발생하여 원격 점검 진행하였습니다 최신 대응: 금일 제조사 엔지니어 방문드려 기기 점검을 진행한 결과, 프록시 설정이 활성화되어 있어 이를 해제하고 프린터와 연결된 셋탑의 LAN 포트를 재장착하여 조치 완료하였습니다 / 우선적인 조치 방안으로 셋탑 교체도 고려할 수 있었으나 유상 유지보수 대상 의원인 만큼 진행 여부에 대해 사전 의사 확인 요청을 드렸고, 결과적으로 의원에서 교체를 원치 않아 금일 프록시 설정 해제 및 LAN 포트 재장착으로만 처리되었습니다",간헐적으로 출력이 되지 않는 현상 발생하여 원격 점검 진행하였습니다,"금일 제조사 엔지니어 방문드려 기기 점검을 진행한 결과, 프록시 설정이 활성화되어 있어 이를 해제하고 프린터와 연결된 셋탑의 LAN 포트를 재장착하여 조치 완료하였습니다 / 우선적인 조치 방안으로 셋탑 교체도 고려할 수 있었으나 유상 유지보수 대상 의원인 만큼 진행 여부에 대해 사전 의사 확인 요청을 드렸고, 결과적으로 의원에서 교체를 원치 않아 금일 프록시 설정 해제 및 LAN 포트 재장착으로만 처리되었습니다",resolved,high,"안녕하십니까, 유비케어 운영기획팀 오창훈 매니저입니다 . 코모키이비인후과 ( 요양기관번호 12335061, 대표번호 [PHONE_REDACTED]) 해당의원 11/24 경 프린터는 정상 작동하나, 간헐적으로 출력이 되지 않는 현상 발생하여 원격 점검 진행하였습니다 . 점검툴에서 정상 상태로 조회되며, 테스트 출력도 정상적으로 진행되나 실 사용 시 출력중 로딩 상태에 들어간 후 토너 부족 메시지가 뜨는 증상이 확인되었습니다 . 원인 파악을 위해 로그 수거 및 분석 진행한 결과 ‘ 프린터로의 산발적인 연결 지연 현상 / 끊김 ’ 현상이 발생하고 있었습니다 . 토너 잔량 체크 동작 시, 정상적인 상황에서는 100~300ms (0.1~0.3 초 ) 이내에 응답이 와야 하나, 해당 기기에서는 10000ms(10 초 ) 이상 지연되다가 응답이 전달되는 경우들이 있었습니다 . 프린터 연결 시도하다 실패한 경","안녕하세요. 에이치앤아이디지탈 김하은입니다. 금일 제조사 엔지니어 방문드려 기기 점검을 진행한 결과, 프록시 설정이 활성화되어 있어 이를 해제하고 프린터와 연결된 셋탑의 LAN 포트를 재장착하여 조치 완료하였습니다. 간혹 일부 의원에서 프록시 설정 활성화로 인해 네트워크 또는 프린터 연결 문제가 발생하는 사례가 있는데, 특히 프록시 해제 후 키오스크를 재부팅하면 알 수 없는 사유로 자동 활성화되는 경우가 있습니다. 금번 해당 의원도 유사한 사례로 파악되어 우선 프록시 설정 해제를 통해 정상화 처리하였으며, 엔지니어로부터 전달받은 기기 사진을 함께 공유드리오니 향후 SW 점검 시 참고 부탁드립니다. 우선적인 조치 방안으로 셋탑 교체도 고려할 수 있었으나 유상 유지보수 대상 의원인 만큼 진행 여부에 대해 사전 의사 확인 요청을 드렸고, 결과적으로 의원에서 교체를 원치 않아 금일 프록시 설정 해제 및",GT 보강 시 재사용 가능,low,,,,,,,,,,
clinic_case,32413,4,32413-004,cust:32413,코모키이비인후과,32413,8,1,b1fbfff8c03a0f61b5d7765cb3747091b1dc2671,hardware,device_power_display,전원/화면,[하프키오스크]하프키오스크 프록시 설정 문의,2025-12-04 09:36,2025-12-04 09:36,1,TRUE,resolved,"{""distributor"": 1}","[전원/화면] (자동 활성화 되는 경우 원인 파악 불가로 제조사를 통한 셋탑 교체로 시도해볼 수 있으나, 명확한 해결책은 아니기에 재발 가능성 有) 최신 대응: 기본적으로 프록시 설정이 활성화되어 있는 경우, 아래와 같은 방식으로 재설정을 진행하고 있습니다 / Windows 설정 → 네트워크 및 인터넷 → 프록시 설정 ‘자동으로 설정 검색’을 제외한 모든 프록시 옵션 비활성화 설정 변경 후 키오스크 전원을 재부팅했을 때, → 프록시 설정이 자동으로 다시 활성화되는지 여부를 확인 (자동 활성화 되는 경우 원인 파악 불가로 제조사를 통한 셋탑 교체로 시도해볼 수 있으나, 명확한 해결책은 아니기에 재발 가능성 有)","(자동 활성화 되는 경우 원인 파악 불가로 제조사를 통한 셋탑 교체로 시도해볼 수 있으나, 명확한 해결책은 아니기에 재발 가능성 有)","기본적으로 프록시 설정이 활성화되어 있는 경우, 아래와 같은 방식으로 재설정을 진행하고 있습니다 / Windows 설정 → 네트워크 및 인터넷 → 프록시 설정 ‘자동으로 설정 검색’을 제외한 모든 프록시 옵션 비활성화 설정 변경 후 키오스크 전원을 재부팅했을 때, → 프록시 설정이 자동으로 다시 활성화되는지 여부를 확인 (자동 활성화 되는 경우 원인 파악 불가로 제조사를 통한 셋탑 교체로 시도해볼 수 있으나, 명확한 해결책은 아니기에 재발 가능성 有)",resolved,high,"안녕하세요. 에이치앤아이디지탈 김하은입니다. 기본적으로 프록시 설정이 활성화되어 있는 경우, 아래와 같은 방식으로 재설정을 진행하고 있습니다. Windows 설정 → 네트워크 및 인터넷 → 프록시 설정 ‘자동으로 설정 검색’을 제외한 모든 프록시 옵션 비활성화 설정 변경 후 키오스크 전원을 재부팅했을 때, → 프록시 설정이 자동으로 다시 활성화되는지 여부를 확인 (자동 활성화 되는 경우 원인 파악 불가로 제조사를 통한 셋탑 교체로 시도해볼 수 있으나, 명확한 해결책은 아니기에 재발 가능성 有)","안녕하세요. 에이치앤아이디지탈 김하은입니다. 기본적으로 프록시 설정이 활성화되어 있는 경우, 아래와 같은 방식으로 재설정을 진행하고 있습니다. Windows 설정 → 네트워크 및 인터넷 → 프록시 설정 ‘자동으로 설정 검색’을 제외한 모든 프록시 옵션 비활성화 설정 변경 후 키오스크 전원을 재부팅했을 때, → 프록시 설정이 자동으로 다시 활성화되는지 여부를 확인 (자동 활성화 되는 경우 원인 파악 불가로 제조사를 통한 셋탑 교체로 시도해볼 수 있으나, 명확한 해결책은 아니기에 재발 가능성 有)",GT 보강 시 재사용 가능,low,,,,,,,,,,
clinic_case,32413,5,32413-005,cust:32413,코모키이비인후과,32413,8,1,8558b90ecc5105717622fc56ed1ac4dfb8ecf6df,hardware,printer_output,프린터/출력,[병원고객팀]키오스크 출력 및 설정 관련 문의 건,2025-12-11 15:03,2025-12-11 16:35,3,FALSE,resolved,"{""ubcare"": 3}","[프린터/출력] 키오스크 출력 관련하여 문의 사항이 있어 메일 발송 드립니다 최신 대응: 1 번으로만 출력되도록 진행 해보겠습니다 / 혹, 특이사항 발생 시 공유 드리겠습니다",키오스크 출력 관련하여 문의 사항이 있어 메일 발송 드립니다,"1 번으로만 출력되도록 진행 해보겠습니다 / 혹, 특이사항 발생 시 공유 드리겠습니다",resolved,medium,"안녕하세요 병원고객팀 강보득솔입니다 . 키오스크 출력 관련하여 문의 사항이 있어 메일 발송 드립니다 . [ 고객정보 ] 상호명 코모키이비인후과 요양기관번호 ( 면허번호 ) 12335061 (62782) 고객 ( 사용자번호 ) 박형욱 (32413) 사업자번호 215-92-26854 고객전화번호 [PHONE_REDACTED] 병원대표번호 [PHONE_REDACTED] 고객 휴대폰 [PHONE_REDACTED] 담당자 [ 사원 ] 황수빈 2 [ 내용 ] 프린터 출력이 되지 않아 HNID 에서 방문하였으며, 풀키오스크의 랜 포트 두 개 중 한 개의 랜 포트가 고장이 난 것으로 확인되었습니다 . 교체비용이 70 만 원이라 비용 문제로 고객이 불만을 토로하며 거부를 하셨고, 담당자가 대체 방안으로 허브 기를 구입하여 프린터 연결 후 테스트 페이지도 정상 출력되는 것을 확인하였습니다 . 모니터링 시 테스트 ","안녕하세요 팀장님 확인 감사합니다 . 가이드 주신대로 베포 전까지는 일반 프린터로 설정 변경 후 급지함 1 번으로만 출력되도록 진행 해보겠습니다 . 혹, 특이사항 발생 시 공유 드리겠습니다",GT 보강 시 재사용 가능,low,,,,,,,,,,
clinic_case,32413,6,32413-006,cust:32413,코모키이비인후과,32413,8,1,80a085379432a14c8fb00526c1df42e582e4c9ff,hardware,printer_output,프린터/출력,[병원고객팀]키오스크 출력 및 설정 관련 문의 건,2026-01-15 11:56,2026-01-15 11:56,1,TRUE,resolved,"{""ubcare"": 1}","[프린터/출력] 기존에 문의드렸던 키오스크 출력 이슈와 관련하여 추가 확인 요청 드립니다 최신 대응: 담당자 방문 후 설정 변경 및 테스트 진행 시에는 출력이 정상으로 판단되었으나, 이후에도 출력이 정상적으로 되지 않았다는 추가 인입이 발생한 상황입니다 / 1 번으로만 설정된 상태임에도 출력이 되지 않는 원인에 대해 확보된 로그를 기반으로 원인 파악이 가능할지 검토 요청 바쁘시겠지만 확인 부탁드리겠습니다",기존에 문의드렸던 키오스크 출력 이슈와 관련하여 추가 확인 요청 드립니다,"담당자 방문 후 설정 변경 및 테스트 진행 시에는 출력이 정상으로 판단되었으나, 이후에도 출력이 정상적으로 되지 않았다는 추가 인입이 발생한 상황입니다 / 1 번으로만 설정된 상태임에도 출력이 되지 않는 원인에 대해 확보된 로그를 기반으로 원인 파악이 가능할지 검토 요청 바쁘시겠지만 확인 부탁드리겠습니다",resolved,high,"안녕하세요 . 병원고객팀 강보득솔입니다 . 기존에 문의드렸던 코모키이비인후과 키오스크 출력 이슈와 관련하여 추가 확인 요청 드립니다 . 기존에 해당 키오스크의 랜 포트 고장으로 인해, 담당자가 허브를 이용해 임시 조치를 진행한 이후 출력이 간헐적으로 되지 않는 현상이 발생했었습니다 . 이에 따라 안내해 주신 가이드대로 지정프린터가 아닌 일반 프린터로 변경 후 급지함 1 번으로만 출력되도록 설정 변경을 진행하였습니다 . 담당자 방문 후 설정 변경 및 테스트 진행 시에는 출력이 정상으로 판단되었으나, 이후에도 출력이 정상적으로 되지 않았다는 추가 인입이 발생한 상황입니다 . 출력이 되지 않았던 당일의 로그는 현재 확보된 상태입니다 . 다만, 토너 잔량 점검 기준 관련 업데이트가 1 월 중 예정되어 있다는 내용을 이전에 들었던 것으로 기억하고 있습니다 . 해당 업데이트 일정이 이미 확정된 상태라면, ","안녕하세요 . 병원고객팀 강보득솔입니다 . 기존에 문의드렸던 코모키이비인후과 키오스크 출력 이슈와 관련하여 추가 확인 요청 드립니다 . 기존에 해당 키오스크의 랜 포트 고장으로 인해, 담당자가 허브를 이용해 임시 조치를 진행한 이후 출력이 간헐적으로 되지 않는 현상이 발생했었습니다 . 이에 따라 안내해 주신 가이드대로 지정프린터가 아닌 일반 프린터로 변경 후 급지함 1 번으로만 출력되도록 설정 변경을 진행하였습니다 . 담당자 방문 후 설정 변경 및 테스트 진행 시에는 출력이 정상으로 판단되었으나, 이후에도 출력이 정상적으로 되지 않았다는 추가 인입이 발생한 상황입니다 . 출력이 되지 않았던 당일의 로그는 현재 확보된 상태입니다 . 다만, 토너 잔량 점검 기준 관련 업데이트가 1 월 중 예정되어 있다는 내용을 이전에 들었던 것으로 기억하고 있습니다 . 해당 업데이트 일정이 이미 확정된 상태라면, ",GT 보강 시 재사용 가능,low,,,,,,,,,,
clinic_case,32413,7,32413-007,cust:32413,코모키이비인후과,32413,8,1,235a0780c1b458c88394b0ae98bde96f55a12ddc,hardware,printer_output,프린터/출력,[통화요청] 키오스크 H/W 통화 요청의 件,2026-01-23 15:05,2026-01-30 16:01,6,TRUE,resolved,"{""ubcare"": 4, ""distributor"": 2}","[프린터/출력] 특정 고객 프린터 출력 이슈로 담당자에게 전달 받아 메일 발송드립니다 최신 대응: 다만, 원장님께서는 비용을 부담해서라도 프린터 교체를 진행할 의지가 있었으나, 의사랑 담당자 측으로부터 새 부품 교체 후 동일 증상 재발 시 조치가 어렵다는 안내와 그로 인해 교체 외 방안을 검토해봐야 한다는 부분으로 인한 처리 지연에 대해 아쉬움을 표하셨습니다 / 전부 AS용 재고로 교체 후 정상 출력되어 점검 마무리하였으니 참고 부탁드립니다",특정 고객 프린터 출력 이슈로 담당자에게 전달 받아 메일 발송드립니다,"다만, 원장님께서는 비용을 부담해서라도 프린터 교체를 진행할 의지가 있었으나, 의사랑 담당자 측으로부터 새 부품 교체 후 동일 증상 재발 시 조치가 어렵다는 안내와 그로 인해 교체 외 방안을 검토해봐야 한다는 부분으로 인한 처리 지연에 대해 아쉬움을 표하셨습니다 / 전부 AS용 재고로 교체 후 정상 출력되어 점검 마무리하였으니 참고 부탁드립니다",resolved,high,"안녕하세요 유비케어 강보득솔입니다 . 특정 고객 프린터 출력 이슈로 담당자에게 전달 받아 메일 발송드립니다 . 구분 내용 고객정보 상호명 코모키이비인후과 고객명 박형욱 요양기관기호 12335061 문의자 이름 의사랑 담당자 황수빈 매니저 고객번호 [PHONE_REDACTED] 의사랑 담당자번호 [PHONE_REDACTED] 문의 내용 및 요청사항 - 이슈 2025.11.24 키오스크에서 프린터 출력이 간헐적으로 되지 않는 현상 발생 → 원격 점검 및 로그 확인 후, 제조사 점검 필요로 판단되어 이관 2025.11.27 삼성 엔지니어 현장 점검 진행 → 프린터 하드웨어 및 부품 상 특이 사항 없음으로 확인 2025.12.01 제조사 엔지니어 방문 점검 → 프록시 해제 및 LAN 포트 재장착 조치 진행 ※ 상기 내용까지가 HNID 측과 메일로 소통되었던 이력입니다 . 2025.12.09 -. 고객에","안녕하세요. 에이치앤아이디지탈 김하은입니다. 코모키이비인후과 조금 전 점검 마무리되어 내용 공유드립니다. 1. 네트워크 IP주소 오입력 (사진 첨부) → 이전 문의드린 올키즈365소아 참고하여 의사랑 담당자 통해 수정된 것으로 예상됩니다. 다만, 설정 변경했음에도 동일 증상인 경우 최초 납품 시의 IP주소로 재작업 해주셔야 합니다. 아울러, 위 내용 관련해 금일 올키즈365소아 방문한 엔지니어 통해 재확인 결과, 인터넷 업체에서 언급한 100번대 설정값은 외부망 설정에 대한 내용이라 키오스크에는 해당이 되지 않는 점을 전달 받았습니다. (셋탑-프린터 간 연결만을 위한 내부망에 해당하여, 기존 172포트 설정값을 유지하는 것이 적절함) 2. 현장에서 프린터 확인 시 작동 불가 → 첨부드린 영상과 같이 프린터 자체가 작동이 되지 않아 출력 이슈가 발생했던 것으로 예상됩니다. 고장 사유와 발생일은 알",GT 보강 시 재사용 가능,low,,,,,,,,,,
clinic_case,32413,8,32413-008,cust:32413,코모키이비인후과,32413,8,1,e0c8009d9a18672330854f67776fbae67f1e6f9b,payment,payment_card_reader,카드결제/리더기,[유비케어] 가맹점 KSTAPLUS 가입관련 질의의 건,2026-02-02 14:59,2026-02-02 17:08,3,TRUE,in_progress,"{""ubcare"": 3}","[카드결제/리더기] 이후 결제건 상세내역이 조회 불가한 점 확인하였습니다 최신 대응: 0388) 단말기번호가 입력된 점 확인하였습니다 / 현재 저희 EMR 프로그램에서 UBCARE0128 코모키이비인후과 측 10 월 21 일부터 현재까지 ‘ 키오스크 ’ 로 수납된 내역을 추출하고 있어 전체 대조할 경우 사고 금액 자체는 파악 가능할 것으로 생각 되는데, 과거 유사 사례 참고 시 어떻게 대응하는 것이 좋을 지 고견을 여쭙고자 합니다",이후 결제건 상세내역이 조회 불가한 점 확인하였습니다,"0388) 단말기번호가 입력된 점 확인하였습니다 / 현재 저희 EMR 프로그램에서 UBCARE0128 코모키이비인후과 측 10 월 21 일부터 현재까지 ‘ 키오스크 ’ 로 수납된 내역을 추출하고 있어 전체 대조할 경우 사고 금액 자체는 파악 가능할 것으로 생각 되는데, 과거 유사 사례 참고 시 어떻게 대응하는 것이 좋을 지 고견을 여쭙고자 합니다",in_progress,low,"안녕하십니까, 유비케어 운영기획팀 오창훈 매니저입니다 . 코모키이비인후과 ( 사업자번호 215-92-26854 / 단말기번호 UBCARE0128), 원장님 KSTAPLUS 가입위해 KSNET 고객센터 연락드리니 밴대리점 ( 알에스포 ) 연락하여 정보 확인받으라고 안내를 받으셨나 봅니다 . 근데 알에스포 조회결과 25/10/31 자로 관리대리점 변경되어 확인이 어렵다는 내용을 전달받았다고 합니다 . 제가 KSTARPLUS 해당 단말기번호 조회해 보는 경우에도 25/10/31 이후 결제건 상세내역이 조회 불가한 점 확인하였습니다 해당 원장님 상세내역 조회 불가한 사유와 KSTAPLUS 가입하시려면 어떤 절차를 따라야 하는지 안내해 주시면 감사하겠습니다","안녕하십니까, 유비케어 운영기획팀 오창훈 매니저입니다 . 확인하여 보니 코모키이비인후과 (215-92-26854/UBCARE0128) 키오스크에 다른 코모키이비인후과 (212-90-56879/UBCARE0388) 단말기번호가 입력된 점 확인하였습니다 . 하여 2025/10/21 14: 24: 16 이후 결제건에 대해서 전부 UBCARE0388 단말기 쪽으로 정산이 되는 불상사가 일어난 상황입니다 . 현재 저희 EMR 프로그램에서 UBCARE0128 코모키이비인후과 측 10 월 21 일부터 현재까지 ‘ 키오스크 ’ 로 수납된 내역을 추출하고 있어 전체 대조할 경우 사고 금액 자체는 파악 가능할 것으로 생각 되는데, 과거 유사 사례 참고 시 어떻게 대응하는 것이 좋을 지 고견을 여쭙고자 합니다",최종 상태가 resolved가 아님,medium,,,,,,,,,,
clinic_case,32732,1,32732-001,cust:32732,유피부과의원,32732,4,1,ff7028b5fce3c521b250bbef0e71681de58aa6a9,software,payment_card_reader,카드결제/리더기,[통화요청] 키오스크 H/W 통화 요청의 件,2025-08-01 13:18,2025-08-08 13:32,7,TRUE,resolved,"{""distributor"": 6, ""ubcare"": 1}","[카드결제/리더기] 의사랑 키오스크에서 음성인식 같은 버튼들이 자동으로 눌리는 현상 최신 대응: 해당 의원의 경우, 이전에 말씀드린 대로 재발 가능성이 있어 금일 1번 기기 키오스크 전체 교체를 진행하였습니다 / 대리점 담당자 및 제조사 엔지니어가 금일 오전 동시 방문하여 교체 작업 완료된 것을 확인한 후 철수하였습니다",의사랑 키오스크에서 음성인식 같은 버튼들이 자동으로 눌리는 현상,"해당 의원의 경우, 이전에 말씀드린 대로 재발 가능성이 있어 금일 1번 기기 키오스크 전체 교체를 진행하였습니다 / 대리점 담당자 및 제조사 엔지니어가 금일 오전 동시 방문하여 교체 작업 완료된 것을 확인한 후 철수하였습니다",resolved,high,"안녕하세요 유비케어 병원고객팀 이예지 매니저입니다 . 키오스크 문의내역 전달드립니다 . 구분 내용 고객정보 상호명 유피부과의원 고객명 유충의 요양기관기호 12331945 문의자 이름 유충의 원장선생님 연락 받으실 번호 [PHONE_REDACTED] 문의 내용 및 요청사항 - 이슈: 의사랑 키오스크에서 음성인식 같은 버튼들이 자동으로 눌리는 현상 . 키오스크에서 카드 결제 시 카드 인식이 됐다가 안됐다가 하는 현상이 간혈적으로 발생하는 현상으로 방문하여 점검 요청하셨습니다 . 원격으로 설정 확인해 보려고 했으나 본사에 몇번씩 원격 받아서 확인해 봤으나 해결되는 부분이 전혀 없다고 하시며 원격을 거부하셔서 추가 확인은 하지 못 했습니다 . 이전 지원내역을 확인해 봤을 때 기본적인 환경설정 확인, 키오스크 재설치 작업은 받으신 것으로 보입니다 . 해당 내역으로 확인 부 탁 드립니다","안녕하세요 에이치앤아이디지탈 김유미입니다. 해당 의원의 경우, 이전에 말씀드린 대로 재발 가능성이 있어 금일 1번 기기 키오스크 전체 교체를 진행하였습니다. 대리점 담당자 및 제조사 엔지니어가 금일 오전 동시 방문하여 교체 작업 완료된 것을 확인한 후 철수하였습니다. 참고 부탁드립니다",GT 보강 시 재사용 가능,low,,,,,,,,,,
clinic_case,32732,2,32732-002,cust:32732,유피부과의원,32732,4,1,cf6ce0ee4693a82010fb3dca01ef3bb89e1413fd,hardware,payment_card_reader,카드결제/리더기,[운영기획팀] 의사랑 키오스크 점검 요청의 건,2025-08-01 16:24,2025-08-04 09:24,2,TRUE,resolved,"{""ubcare"": 1, ""external"": 1}",[카드결제/리더기] 현재 화면 하부가 멋대로 터치가 되는 증상 및 결제시 간헐적으로 실패하는 현상 발생 최신 대응: 해당날짜 스케쥴상 방문이 어려워 HW점검후 동일 증상으로 서비스 인입시 통합콜센타에서 서비스 처리 부탁드리며 원격으로 어려우실 경우 이관 넘겨 주시면 확인 하겠습니다 / 수고하세요,현재 화면 하부가 멋대로 터치가 되는 증상 및 결제시 간헐적으로 실패하는 현상 발생,해당날짜 스케쥴상 방문이 어려워 HW점검후 동일 증상으로 서비스 인입시 통합콜센타에서 서비스 처리 부탁드리며 원격으로 어려우실 경우 이관 넘겨 주시면 확인 하겠습니다 / 수고하세요,resolved_but_needs_verification,medium,"안녕하십니까, 운영기획팀 오창훈 매니저입니다 . 담당하시고 계신 유피부과의원 의사랑 하프 키오스크 점검이 필요한 상황이어서, 방문 요청 드리고자 메일 올립니다 . l 유피부과의원 하프키오스크 점검 증상: 현재 화면 하부가 멋대로 터치가 되는 증상 및 결제시 간헐적으로 실패하는 현상 발생 요청사항: 7 월 말부터 해당증상 반복되어 원격제어 통해 프로그램 재설치 등 진행하였으나 차도가 없어, 더 이상의 원격지원을 거부 하고 계신 상황입니다 . 8/4( 화 ) 장치사 엔지니어 방문하여 HW 점검예정이며, 점검 통해 터치패널 및 카드리더기 교체하면 해결될 것으로 예상됩니다 . 하지만 카드결제 간헐적 실패현상 관련해서는 반드시 문제가 HW 에 있을 것이라 단정할 수 없어, 엔지니어 방문 이후 저희쪽에서 문제가 남아있는지 확인하는 절차가 필요합니다 . 8/5( 수 ) 해당의원 방문하시어 기기 상태 전반적 ",안녕하세요.비즈현메디칼 김진곤입니다. 해당날짜 스케쥴상 방문이 어려워 HW점검후 동일 증상으로 서비스 인입시 통합콜센타에서 서비스 처리 부탁드리며 원격으로 어려우실 경우 이관 넘겨 주시면 확인 하겠습니다. 수고하세요,최종 조치가 예정/요청 단계로 보임,low,,,,,,,,,,
clinic_case,32732,3,32732-003,cust:32732,유피부과의원,32732,4,1,bf7e75c26e93652a646fe3c58350e1b916f25c8f,software,payment_card_reader,카드결제/리더기,[운영기획팀] 키오스크 이슈 대응 점검 요청의 건,2025-09-09 11:53,2025-09-10 13:09,7,TRUE,resolved,"{""ubcare"": 7}",[카드결제/리더기] 진행도 바 초기화되며 결제 실패 및 접수실 방문 요청 팝업창 발생 최신 대응: 유피부과 추가 확인 사항 관련하여 안내드립니다 / 해당 병원에서는 PC 정보나 윈도우 설정을 직접 변경한 경우는 없다고 합니다,진행도 바 초기화되며 결제 실패 및 접수실 방문 요청 팝업창 발생,유피부과 추가 확인 사항 관련하여 안내드립니다 / 해당 병원에서는 PC 정보나 윈도우 설정을 직접 변경한 경우는 없다고 합니다,resolved_but_needs_verification,medium,"안녕하십니까, 운영기획팀 오창훈 매니저입니다 . 하프 키오스크 2 대 사용 중이신 유피부과의원, 키오스크 결제관련 이슈 발생하여 점검 진행하였으며 원인 규명 위한 로그 확보하여 송부드리오니 검토 부탁드립니다 . l 발생이슈 - 수납이슈 ( 금일 오전 11: 26 분 경 ) 키오스크 수납 시도 시, 카드결제 화면에서 진행도 60% 달성된 이후, 진행도 바 초기화되며 결제 실패 및 접수실 방문 요청 팝업창 발생 하여 테스트 목적으로 VCAT View 에서 100 원 테스트 결제 시도 시 성공하였고, 이후 키오스크 플레이어에서 수납 시도 시 오류 없이 결제 성공 - 키오스크 플레이어 이슈 키오스크 점검메뉴 > 출력장치 관리 > 자가점검 문서출력 항목 터치 시 프리징 발생 프리징 시 키오스크 상단 시계가 움직이는 것으로 보아 투명 모달 창 발생하는 것으로 추정됨 자세한 사항은 첨부한 로그 파일을 확인 ","안녕하세요 . 병원고객팀 이연주입니다 . 유피부과 추가 확인 사항 관련하여 안내드립니다 . 해당 병원에서는 PC 정보나 윈도우 설정을 직접 변경한 경우는 없다고 합니다 . 다만, 9 일 오전에 서버 인터넷 오류로 고객센터에 접수된 내역이 있었으며, 오후까지 네트워크가 불안정했던 것으로 추정됩니다 . 참고 부탁드립니다 . 이상입니다 . 이연주 올림",최종 조치가 예정/요청 단계로 보임,medium,,,,,,,,,,
clinic_case,32732,4,32732-004,cust:32732,유피부과의원,32732,4,1,19bb8f42b2727cb4e42b119a8202688fe4d8be50,software,software_update_or_log,SW업데이트/로그,[운영기획팀] 키오스크 이슈 대응 점검 요청의 건,2025-09-25 12:26,2025-09-26 10:16,2,TRUE,in_progress,"{""ubcare"": 2}",[SW업데이트/로그] 기타 개별배포 \master_2025 비정기 개별배포 수납시 PC 정보로그 &GUID 로그추가 수정사항 수납 시 PC 정보 로드하는 부분 로그 추가 키오스크 기기 자체 IP 를 못 가져오는 건지 의사랑 환경설정의 PC 정보를 못 가져오는 건지에 대한 확인을 위함 최신 대응: 하기 의원 9/25 일 원격으로 설치 진행하였습니다 / 참고 부탁드립니다,기타 개별배포 \master_2025 비정기 개별배포 수납시 PC 정보로그 &GUID 로그추가 수정사항 수납 시 PC 정보 로드하는 부분 로그 추가 키오스크 기기 자체 IP 를 못 가져오는 건지 의사랑 환경설정의 PC 정보를 못 가져오는 건지에 대한 확인을 위함,하기 의원 9/25 일 원격으로 설치 진행하였습니다 / 참고 부탁드립니다,in_progress,low,"안녕하십니까, 모바일페이개발팀 정재원입니다 . 하기 의원 이슈 대응을 위한 개별배포 파일 이관드립니다 . 이관경로 Y: \UBcare\INSTALL\Deployment\YSR\1. 기능 업데이트 \9. 의사랑 키오스크 \3. 기타 \ 개별배포 \master_2025 비정기 5 차 _ 개별배포 _ 수납시 PC 정보로그 &GUID 로그추가 수정사항 수납 시 PC 정보 로드하는 부분 로그 추가 - 키오스크 기기 자체 IP 를 못 가져오는 건지, 의사랑 환경설정의 PC 정보를 못 가져오는 건지에 대한 확인을 위함 의원 키오스크 기기에 설치 부탁드립니다",안녕하세요 . 병원고객팀 이연주입니다 . 하기 의원 9/25 일 원격으로 설치 진행하였습니다 . 참고 부탁드립니다,최종 상태가 resolved가 아님,medium,,,,,,,,,,
clinic_case,33512,1,33512-001,cust:33512,이가인의원,33512,2,0,6f35c6b27dce88288d8977f4ede4b56bb7a98696,hardware,payment_card_reader,카드결제/리더기,[통화요청] 키오스크 H/W 통화 요청의 件,2025-06-10 10:55,2025-06-10 16:52,3,TRUE,resolved,"{""ubcare"": 2, ""distributor"": 1}","[카드결제/리더기] : 최초에 키오스크 결제 문제로 연락오셨고, 원격 요청 시 키오스크 특정 부분 화면 터치가 안된다고 하셔서 원격이 어렵다고 하십니다. 재부팅해도 동일하여 이관드립니다. 키오스크 화면터치 안되는 부분 확인 부탁드립니다 최신 대응: 금일 점검 결과, 카드리더기 교체 후에도 동일 증상으로 교체 전후로 KSCAT 프로그램 자체 결제 테스트를 진행해보니 이상 없었다고 합니다 / 현재 카드리더기 교체된 상태로 의사랑 프로그램 점검을 부탁드립니다",": 최초에 키오스크 결제 문제로 연락오셨고, 원격 요청 시 키오스크 특정 부분 화면 터치가 안된다고 하셔서 원격이 어렵다고 하십니다. 재부팅해도 동일하여 이관드립니다. 키오스크 화면터치 안되는 부분 확인 부탁드립니다","금일 점검 결과, 카드리더기 교체 후에도 동일 증상으로 교체 전후로 KSCAT 프로그램 자체 결제 테스트를 진행해보니 이상 없었다고 합니다 / 현재 카드리더기 교체된 상태로 의사랑 프로그램 점검을 부탁드립니다",resolved,medium,"안녕하세요 . 유비케어 병원고객팀 김민수입니다 . 키오스크 문의내역 전달드립니다 . 구분 내용 고객정보 상호명 이가인의원 고객명 이경원 요양기관기호 12337790 문의자 이름 접수실 여자 직원 연락 받으실 번호 [PHONE_REDACTED] 문의 내용 및 요청사항 - 이슈: 최초에 키오스크 결제 문제로 연락오셨고, 원격 요청 시 키오스크 특정 부분 화면 터치가 안된다고 하셔서 원격이 어렵다고 하십니다. 재부팅해도 동일하여 이관드립니다. 키오스크 화면터치 안되는 부분 확인 부탁드립니다. 해당 내역으로 확인부 탁드립니다 . 감사합니다","안녕하세요, 에이치앤아이디지탈 김하은입니다. 금일 점검 결과, 카드리더기 교체 후에도 동일 증상으로 교체 전후로 KSCAT 프로그램 자체 결제 테스트를 진행해보니 이상 없었다고 합니다. 현재 카드리더기 교체된 상태로 의사랑 프로그램 점검을 부탁드립니다. 더불어, 현장 방문한 제조사 엔지니어 통해 전달받기로, 해당 의원과 동일한 오류가 노출되는 경우 VAN사 문제일 가능성이 있다고 이전에 영업 담당자 통해 안내받은 적 있다 하여 공유드립니다",GT 보강 시 재사용 가능,low,,,,,,,,,,
clinic_case,33512,2,33512-002,cust:33512,이가인의원,33512,2,0,2d2bcce1cc1fa621d429a57b3921b961d3526b10,hardware,setup_configuration,설치/설정,[점검요청][통화요청] 키오스크 H/W 통화 요청의 件,2025-06-18 16:55,2025-06-19 17:39,5,TRUE,resolved,"{""ubcare"": 5}",[설치/설정] 6/11 당시에 오창주 매니저님과 공동 원격으로 확인하였고 의사랑 환경설정의 PC 등록 정보가 키오스크가 아닌 프린터 IP 로 잡혀 있어서 결제가 안 되었습니다,6/11 당시에 오창주 매니저님과 공동 원격으로 확인하였고 의사랑 환경설정의 PC 등록 정보가 키오스크가 아닌 프린터 IP 로 잡혀 있어서 결제가 안 되었습니다,,resolved,medium,"안녕하십니까, 모바일페이개발팀 정재원입니다 . 6/11 당시에 오창주 매니저님과 공동 원격으로 확인하였고, 의사랑 환경설정의 PC 등록 정보가 키오스크가 아닌 프린터 IP 로 잡혀 있어서 결제가 안 되었습니다 . 설정 변경 후, 정상 동작 확인되었습니다 . 6/11 이후 동일 증상이 발현한 걸까요 ? 확인 부탁드립니다",SUBJECT: RE: [점검요청][통화요청] 키오스크 H/W 통화 요청의 件_이가인의원(마포),최종 조치 문장 추출 실패,low,,,,,,,,,,
clinic_case,34514,1,34514-001,cust:34514,다건연세내과의원,34514,2,0,a7cf34cf49998f362cde4711750610b93c542fd3,software,network_connection,네트워크/IP,[참고][사업기획팀] 의사랑 키오스크 이슈 인입 공유 件,2025-04-14 10:17,2025-04-21 18:19,8,TRUE,resolved,"{""ubcare"": 8}","[네트워크/IP] → 쌍자음 입력이 안됨 최신 대응: 오태민 매니저님과 함께 공동 원격으로 해당 의원의 이벤트 로그를 확인하였습니다 / 문의사항 있으시면, 회신 부탁드립니다",→ 쌍자음 입력이 안됨,"오태민 매니저님과 함께 공동 원격으로 해당 의원의 이벤트 로그를 확인하였습니다 / 문의사항 있으시면, 회신 부탁드립니다",resolved,medium,"안녕하세요, 사업기획팀 최미선입니다 . 금일 (4/14) 다건연세내과의원 키오스크 이슈 인입 내용 공유드립니다 . 병의원에는 ‘ 발생 유형 / 시점 ’ 등이 구체적이여야 내부에서 즉각 지원이 가능한 부분에 대해 양해 말씀드렸으며, 향후 병의원에서 이슈 재발 시 내용 공유주기로 눈높이했사오니 우선 업무에 참고만 부탁드립니다 . ■ 다건연세내과의원 ( 사용자번호 34514)_ 풀 (Full) 키오스크 2 대 사용 인입 내용 NO 이슈 1 이슈 2 내용 주소창 이슈 → 주소 입력 후 ‘ 다음 ’ 이 안눌러짐 → 쌍자음 입력이 안됨 수진자 조회 불가 병의원 안내사항 내부 재현 진행 ‘ 발생시간 / 환자 / 환자차트 ’ 전달 요청 요청사항 (1) 이슈 1: @ 정재원 매니저님, 내부 재현 한번 부탁드립니다 . (2) 이슈 2: 병의원으로부터 정보 확보 시, 병원고객팀 AM( 오태민 매니저님 ) 께 내용 ","안녕하십니까, 모바일페이개발팀 정재원입니다 . 오태민 매니저님과 함께 공동 원격으로 해당 의원의 이벤트 로그를 확인하였습니다 . 하기 메일 내용대로 지속적으로 “ 네트워크 링크 분리 메시지 ” 와 “ 패킷 손실 ” 메시지가 다수 발견되었습니다 . 네트워크가 불안정한 상태에서 [ 신환 접수 > 주소 입력 & 검색 ] 시, 주소 정보를 받아오지 못할 가능성이 큽니다 . 그러므로 공급사로 업무 이관해야 한다고 판단됩니다 . 추가로, “ 주소 검색 실패 시 별도 처리 ” 안은 별도의 기획 및 검토가 필요하므로 금번 정기 2 차 업데이트에 포함은 어렵습니다 . 추후 재인입되는 빈도를 파악하여 검토가 수행될 수 있다는 점 참고 부탁드립니다 . 문의사항 있으시면, 회신 부탁드립니다",이슈 요약 근거가 약함,low,,,,,,,,,,
clinic_case,34514,2,34514-002,cust:34514,다건연세내과의원,34514,2,0,6591c310a6dd0006b10c4bc0098ab303c32c7dbb,hardware,network_connection,네트워크/IP,[통화요청] 키오스크 H/W 통화 요청의 件,2025-04-22 09:27,2025-04-22 17:08,7,TRUE,resolved,"{""ubcare"": 6, ""distributor"": 1}",[네트워크/IP] 키오스크 간혈적으로 주소검색 오류 및 띄어쓰기 불가 발생합니다 최신 대응: 해당 건 관련하여 다건연세내과의원 팀장님과 직접 통화 완료 / 다만 H/W 점검 및 교체 시 비용 발생 하는 부분은 좀 더 고민해보겠다고 하시며 원장님과 상의 후 다시 요청 주신다고 했습니다,키오스크 간혈적으로 주소검색 오류 및 띄어쓰기 불가 발생합니다,해당 건 관련하여 다건연세내과의원 팀장님과 직접 통화 완료 / 다만 H/W 점검 및 교체 시 비용 발생 하는 부분은 좀 더 고민해보겠다고 하시며 원장님과 상의 후 다시 요청 주신다고 했습니다,resolved,high,"안녕하십니까, 유비케어 병원고객팀 오태민 매니저입니다 . 키오스크 문의내역 전달드립니다 . 구분 내용 고객정보 상호명 다건연세내과의원 고객명 이재훈 요양기관기호 41322797 문의자 이름 접수실 선생님 연락 받으실 번호 [PHONE_REDACTED] 문의 내용 및 요청사항 - 이슈: 키오스크 간혈적으로 주소검색 오류 및 띄어쓰기 불가 발생합니다 . 윈도우 이벤트 로그 확인 시 지속적으로 “ 네트워크 링크 분리 메시지와 “ 패킷 손실 ” 메시지가 다수 발견 되었습니다 . 네트워크가 불안정한 상태에서 [ 신환 접수 > 주소 입력 검색 ] 시 주소 정보를 받아오지 못할 가능성이 크므로 기기 점검 부탁 드립니다 . 확인 부탁드립니다","안녕하세요 . 병원고객팀 오태민 입니다 . 해당 건 관련하여 다건연세내과의원 팀장님과 직접 통화 완료 했으며, S/W 점검 진행 한 부분에 대해서 설명 및 이해 하셨습니다 . 다만 H/W 점검 및 교체 시 비용 발생 하는 부분은 좀 더 고민해보겠다고 하시며 원장님과 상의 후 다시 요청 주신다고 했습니다 . 해당 건은 잠시 보류 해주시면 될 것 같으며, 재요청 시 다시 메일 전달 드리도록 하겠습니다 . 참고 부탁드립니다",GT 보강 시 재사용 가능,low,,,,,,,,,,
clinic_case,34572,1,34572-001,cust:34572,행복한소아청소년과,34572,1,0,c1d2e71b044a958b873dfb5ade51a074eb5da916,software,payment_card_reader,카드결제/리더기,[통화요청] 키오스크 H/W 통화 요청의 件,2025-09-30 14:12,2025-09-30 15:59,5,TRUE,resolved,"{""ubcare"": 3, ""distributor"": 2}","[카드결제/리더기] 키오스크 카드결제시 카드삽입이 올바르지 않다 제거후 다시 넣어달라는 메시지가 뜨며 수납안된다함 ( 원격확인시 pc 정보 ip 이상없고, vcat 실행되어 있음 ) 최신 대응: 해당 의원과 통화하여 원격으로 KSCAT 프로그램 업데이트를 진행한 결과, 정상 작동되는 점 확인하였습니다 / 참고 부탁드립니다","키오스크 카드결제시 카드삽입이 올바르지 않다 제거후 다시 넣어달라는 메시지가 뜨며 수납안된다함 ( 원격확인시 pc 정보 ip 이상없고, vcat 실행되어 있음 )","해당 의원과 통화하여 원격으로 KSCAT 프로그램 업데이트를 진행한 결과, 정상 작동되는 점 확인하였습니다 / 참고 부탁드립니다",resolved,high,"안녕하세요 유비케어 병원고객팀 황정안 입니다 . 키오스크 문의내역 전달드립니다 . 구분 내용 고객정보 상호명 행복한소아청소년과 고객명 이순영 요양기관기호 37346989 문의자 이름 원무과 여자 선생님 연락 받으실 번호 [PHONE_REDACTED] 문의 내용 및 요청사항 - 이슈: 키오스크 카드결제시 카드삽입이 올바르지 않다 제거후 다시 넣어달라는 메시지가 뜨며 수납안된다함 ( 원격확인시 pc 정보 ip 이상없고, vcat 실행되어 있음 ) 해당 내역으로 확인 부 탁 드립니다","안녕하세요 에이치앤아이디지탈 김유미입니다. 해당 의원과 통화하여 원격으로 KSCAT 프로그램 업데이트를 진행한 결과, 정상 작동되는 점 확인하였습니다. 참고 부탁드립니다",GT 보강 시 재사용 가능,low,,,,,,,,,,
clinic_case,34882,1,34882-001,cust:34882,연세홈닥터의원,34882,1,1,b3b332a9eab099196dffd5f393bcdc55ef192e02,unknown,setup_configuration,설치/설정,[유비케어] 의사랑 키오스크 전면부 패널 열쇠 구매 가능 여부 문의의 건,2025-11-27 15:26,2025-11-27 15:26,1,FALSE,in_progress,"{""ubcare"": 1}","[설치/설정] 365 요양기관번호 34345001, ), 23 10 월 풀 키오스크 대 납품한 곳으로 전면 키오스크 패널 열쇠 분실하셨다 최신 대응: 하여 신규 구매 요청하셨습니다 / 확인 및 대응을 부탁드리고자 합니다","365 요양기관번호 34345001, ), 23 10 월 풀 키오스크 대 납품한 곳으로 전면 키오스크 패널 열쇠 분실하셨다",하여 신규 구매 요청하셨습니다 / 확인 및 대응을 부탁드리고자 합니다,in_progress,low,"안녕하십니까, 유비케어 운영기획팀 오창훈 매니저입니다 . 365 연세홈닥터의원 ( 요양기관번호 34345001, [PHONE_REDACTED]), 23 년 10 월 풀 키오스크 1 대 납품한 곳으로 전면 키오스크 패널 열쇠 분실하셨다 하여 신규 구매 요청하셨습니다 . 확인 및 대응을 부탁드리고자 합니다","안녕하십니까, 유비케어 운영기획팀 오창훈 매니저입니다 . 365 연세홈닥터의원 ( 요양기관번호 34345001, [PHONE_REDACTED]), 23 년 10 월 풀 키오스크 1 대 납품한 곳으로 전면 키오스크 패널 열쇠 분실하셨다 하여 신규 구매 요청하셨습니다 . 확인 및 대응을 부탁드리고자 합니다",최종 상태가 resolved가 아님; 최종 조치가 예정/요청 단계로 보임; 카테고리 unknown,high,,,,,,,,,,
clinic_case,35,1,35-001,cust:35,박내과의원,35,2,2,7d9c24f230526dad355d1bc7994f456d7eade696,payment,payment_cancel_refund,결제취소/중복결제,[병원고객팀]박내과의원 키오스크 미수중복 결제 취소 요청 件,2025-12-02 18:11,2025-12-03 14:50,3,FALSE,in_progress,"{""ubcare"": 3}",[결제취소/중복결제] 일에 키오스크로 결제한 환자 미수내역 이중 결제되었다고 말씀하시며 중복 결제건 취소 요청하셨습니다 최신 대응: 의원측에 3 개월 이전 내역으로 취소 어려움 및 카드사에 직접 연락하시어 해당 내용 취소 요청 하시도록 안내 드렸습니다,일에 키오스크로 결제한 환자 미수내역 이중 결제되었다고 말씀하시며 중복 결제건 취소 요청하셨습니다,의원측에 3 개월 이전 내역으로 취소 어려움 및 카드사에 직접 연락하시어 해당 내용 취소 요청 하시도록 안내 드렸습니다,in_progress,low,"안녕하세요 . 병원고객팀 홍민영입니다 . 4 월 4 일에 키오스크로 결제한 환자 미수내역 이중 결제되었다고 말씀하시며 중복 결제건 취소 요청하셨습니다 . 결제정보: 서은숙 / 27, 900 원 / 신한카드 / 10: 36: 57 동시에 결제된 141, 700 원이 원래 진료금액에 미수 포함되어 내려온 수납으로 맞는 결제 내역이나, 27, 900 원 추가 결제 되었습니다 . 취소 부탁드립니다",안녕하세요 병원고객팀 홍민영입니다 . 의원측에 3 개월 이전 내역으로 취소 어려움 및 카드사에 직접 연락하시어 해당 내용 취소 요청 하시도록 안내 드렸습니다,최종 상태가 resolved가 아님; 최종 조치가 예정/요청 단계로 보임,high,,,,,,,,,,
clinic_case,35,2,35-002,cust:35,박내과의원,35,2,2,967b7cabdc81c7ed6243cdc5dfda5c8a16e89da7,payment,payment_cancel_refund,결제취소/중복결제,[유비케어] 키오스크 결제 취소 요청 件,2025-12-03 10:25,2025-12-03 14:26,2,FALSE,in_progress,"{""ubcare"": 2}","[결제취소/중복결제] 불가할 경우 저희 측에서 진행하겠습니다 최신 대응: 가맹점에서 카드사로 요청하여 거래 취소 가능한지 확인 가능하실까요? / 키오스크 사용고객 이중 결제 발생하여, 해당 건 승인 취소 요청드립니다",불가할 경우 저희 측에서 진행하겠습니다,"가맹점에서 카드사로 요청하여 거래 취소 가능한지 확인 가능하실까요? / 키오스크 사용고객 이중 결제 발생하여, 해당 건 승인 취소 요청드립니다",in_progress,low,"안녕하십니까, 유비케어 운영기획팀 오창훈 매니저입니다 . 키오스크 사용고객 이중 결제 발생하여, 해당 건 승인 취소 요청드립니다 . 사용처: 박내과의원 결제일시: 2025 년 4 월 4 일 10: 36: 56 ( 취소 요청건 ) [KSCAT LOG] [KSCAT - v2.4.0.7 (ver.20250324)] [2025-04-04 10: 36: 56.750][01660] ▷ 거래요청 응답 [0454 [1] IC010210NUBCARE0218 000000000000O00000000250404103654N 신한카드 OK: 34135625 34135625 069228846853 0011493350 05 신한카드 05 신한카드 24CA6616AFABD32D6B000000000000000000000000000000000000 마이신한 P 잔여 0 전자서명전표 37798808******* 진행 간 궁금하신","안녕하십니까 오창훈 매니저님 케이에스넷 진민규 매니저입니다. 해당 거래건 90일 초과하여 VAN사 -> 카드사 VANTR 취소 진행을 위해서는 당사에서 카드사로 별도 공문/요청 후 진행이 필요합니다. 가맹점에서 카드사로 요청하여 거래 취소 가능한지 확인 가능하실까요? 불가할 경우 저희 측에서 진행하겠습니다. 검토 부탁드립니다. 감사합니다. --- Original Message --- From: ""오창훈"" To: ""진민규"" Cc: [EMAIL_REDACTED], "".운영기획팀"", "".병원고객팀"" Date: 2025/12/03 수요일 오전 10: 25: 29 Subject: [유비케어] 키오스크 결제 취소 요청 件_박내과의원 안녕하십니까, 유비케어 운영기획팀 오창훈 매니저입니다 . 키오스크 사용고객 이중 결제 발생하여, 해당 건 승인 취소 요청드립니다 . 사용처: 박내과의원 결제일시: 2025 년 ",최종 상태가 resolved가 아님; 최종 조치가 예정/요청 단계로 보임,high,,,,,,,,,,
clinic_case,35446,1,35446-001,cust:35446,장사랑박종범내과,35446,3,1,62b2e6c6a6e5a09617864c13ec91775f51d3c598,hardware,setup_configuration,설치/설정,[통화요청] 키오스크 H/W 통화 요청의 件,2025-07-09 09:55,2025-07-09 10:00,3,TRUE,in_progress,"{""ubcare"": 2, ""distributor"": 1}",[설치/설정] 만원이상 서명 시 서명 화면 터치가 안된다고 문의주셨습니다 최신 대응: 병원에 재확인하니 5 만원이상일때만 서명패드터치를 사용하고 있어서 그렇게 말씀하신 것이지 서명패드 자체가 터치가 안된다고 하십니다 / 확인부탁드립니다,만원이상 서명 시 서명 화면 터치가 안된다고 문의주셨습니다,병원에 재확인하니 5 만원이상일때만 서명패드터치를 사용하고 있어서 그렇게 말씀하신 것이지 서명패드 자체가 터치가 안된다고 하십니다 / 확인부탁드립니다,in_progress,low,안녕하세요 . 유비케어 병원고객팀 이윤지입니다 . 키오스크 문의내역 전달드립니다 . 구분 내용 고객정보 상호명 장사랑박종범내과 고객명 박종범 요양기관기호 33317691 문의자 이름 접수실 선생님 연락 받으실 번호 [PHONE_REDACTED] ( 의원 연락처 ) 문의 내용 및 요청사항 키오스크 5 만원이상 서명 시 서명 화면 터치가 안된다고 문의주셨습니다 해당 내역으로 확인부 탁드립니다,안녕하세요 병원고객팀 이윤지입니다 . 병원에 재확인하니 5 만원이상일때만 서명패드터치를 사용하고 있어서 그렇게 말씀하신 것이지 서명패드 자체가 터치가 안된다고 하십니다 . 확인부탁드립니다,최종 상태가 resolved가 아님,medium,,,,,,,,,,
clinic_case,35446,2,35446-002,cust:35446,장사랑박종범내과,35446,3,1,9333b4bdd0e3f57f70d4272b53ed870cffe824b8,hardware,payment_card_reader,카드결제/리더기,[S/W점검 요] 키오스크 H/W 통화 요청의 件,2025-07-09 11:08,2025-07-14 13:10,5,TRUE,resolved,"{""ubcare"": 4, ""distributor"": 1}","[카드결제/리더기] Vcat 설정값은 정상적으로 적용되어 있었으며, 바탕화면이나 프로그램 외에서는 화면 터치에 이상이 없는 것으로 확인되었습니다 최신 대응: 하기 의원 서비스센터로 인입되어 확인해보니 VCAT 뷰어가 노출되어 있어 ‘ 숨김 ’ 조치 해드렸습니다 / 참고 부탁드립니다","Vcat 설정값은 정상적으로 적용되어 있었으며, 바탕화면이나 프로그램 외에서는 화면 터치에 이상이 없는 것으로 확인되었습니다",하기 의원 서비스센터로 인입되어 확인해보니 VCAT 뷰어가 노출되어 있어 ‘ 숨김 ’ 조치 해드렸습니다 / 참고 부탁드립니다,resolved,high,"안녕하세요 에이치앤아이디지탈 김유미입니다. 해당 의원과 통화 후 원격으로 점검 진행해보았습니다. Vcat 설정값은 정상적으로 적용되어 있었으며, 바탕화면이나 프로그램 외에서는 화면 터치에 이상이 없는 것으로 확인되었습니다. 다만, 아래 첨부이미지와 같이 5만원 이상 수납 시 서명 후 화면이 먹통이 되는 증상이 발생하고 있으며, 이후 의사랑 프로그램을 종료하면 다시 터치가 정상 작동하는 것으로 보아, S/W 점검이 필요한 것으로 판단됩니다. 해당 내용 확인 후 의원과 통화 및 안내 요청드리며, 조치 결과는 저희에게도 공유 부탁드립니다",안녕하세요 . 병원고객팀 이연주 입니다 . 하기 의원 서비스센터로 인입되어 확인해보니 VCAT 뷰어가 노출되어 있어 ‘ 숨김 ’ 조치 해드렸습니다 . 참고 부탁드립니다 . 이상입니다 . 이연주 드림,GT 보강 시 재사용 가능,low,,,,,,,,,,
clinic_case,35446,3,35446-003,cust:35446,장사랑박종범내과,35446,3,1,e435adc2656f17b91ef5c18e24fd9cb941e1e72b,hardware,device_power_display,전원/화면,[S/W점검 요] 키오스크 H/W 통화 요청의 件,2025-08-22 15:11,2025-08-22 15:50,2,TRUE,resolved,"{""distributor"": 2}","[전원/화면] 금일 해당 건과 관련하여 영업 담당자가 저희에게 직접 연락을 주셨습니다 최신 대응: 추가로 3차례 키오스크 재부팅 테스트를 진행하였으며, 키패드가 화면에 표시되지 않고 숨겨진 상태로 정상 작동하고 있습니다 / 참고 부탁드리며, 의원에도 내용 안내 완료하였습니다",금일 해당 건과 관련하여 영업 담당자가 저희에게 직접 연락을 주셨습니다,"추가로 3차례 키오스크 재부팅 테스트를 진행하였으며, 키패드가 화면에 표시되지 않고 숨겨진 상태로 정상 작동하고 있습니다 / 참고 부탁드리며, 의원에도 내용 안내 완료하였습니다",resolved,high,"안녕하세요 에이치앤아이디지탈 김유미입니다. 금일 해당 건과 관련하여 영업 담당자가 저희에게 직접 연락을 주셨습니다. 현재 저희가 추가로 확인해야 할 부분이 있는지 검토 중이며, 확인되는 대로 의사랑 및 의원에 안내드리겠습니다. 참고 부탁드립니다","안녕하세요 에이치앤아이디지탈 김유미입니다. 해당 의원 V-CAT 설정값을 ‘화면숨김’으로 체크 후 바탕화면에서 키패드가 활성화되지 않는 점 확인하였습니다. 추가로 3차례 키오스크 재부팅 테스트를 진행하였으며, 키패드가 화면에 표시되지 않고 숨겨진 상태로 정상 작동하고 있습니다. 참고 부탁드리며, 의원에도 내용 안내 완료하였습니다",GT 보강 시 재사용 가능,low,,,,,,,,,,
clinic_case,35955,1,35955-001,cust:35955,김서영의원,35955,2,1,6c71d7757da29d64752ec78d9d61e865b022200f,software,payment_cancel_refund,결제취소/중복결제,[통화요청] 키오스크 H/W 통화 요청의 件,2025-05-22 15:22,2025-05-29 16:31,4,TRUE,resolved,"{""ubcare"": 2, ""distributor"": 2}","[결제취소/중복결제] 카드 인식이안되어 계속 마그네틱으로만 결제해야한다고 하십니다 최신 대응: 해당 의원 영수증 출력불가 관련하여 원격으로 확인해본 결과, 영수증 프린터(화성프린터) 연결이 끊겨 있어, 프린터 드라이버 재설치하였습니다 / 설치 후 수납 테스트 진행해본 결과, 영수증 정상 출력되는 것을 확인하였습니다",카드 인식이안되어 계속 마그네틱으로만 결제해야한다고 하십니다,"해당 의원 영수증 출력불가 관련하여 원격으로 확인해본 결과, 영수증 프린터(화성프린터) 연결이 끊겨 있어, 프린터 드라이버 재설치하였습니다 / 설치 후 수납 테스트 진행해본 결과, 영수증 정상 출력되는 것을 확인하였습니다",resolved,high,안녕하세요 유비케어 병원고객팀 이윤지매니저 입니다 . 키오스크 문의내역 전달드립니다 . 구분 내용 고객정보 상호명 김서영의원 고객명 김서영 요양기관기호 41324463 문의자 이름 접수실 여자선생님 연락 받으실 번호 [PHONE_REDACTED] 문의 내용 및 요청사항 - 이슈: 키오스크 ic 카드 인식이안되어 계속 마그네틱으로만 결제해야한다고 하십니다 . 확인부탁드립니다 . 지역 담당자 분 한테 인입된 건으로 빠른 처리 부탁드립니다,"안녕하세요 에이치앤아이디지탈 김유미입니다. 해당 의원 영수증 출력불가 관련하여 원격으로 확인해본 결과, 영수증 프린터(화성프린터) 연결이 끊겨 있어, 프린터 드라이버 재설치하였습니다. 설치 후 수납 테스트 진행해본 결과, 영수증 정상 출력되는 것을 확인하였습니다. 따라서 별도의 방문은 필요하지 않을 것으로 보입니다. 참고 부탁드립니다",GT 보강 시 재사용 가능,low,,,,,,,,,,
clinic_case,35955,2,35955-002,cust:35955,김서영의원,35955,2,1,69ec1b7c4f8b335bbfd1291bb6d70c513badf105,hardware,printer_output,프린터/출력,[통화요청] 키오스크 H/W 통화 요청의 件,2025-06-25 09:17,2025-07-02 16:48,4,TRUE,in_progress,"{""distributor"": 3, ""ubcare"": 1}","[프린터/출력] 달 전부터 키오스크에서 프린터 출력 시 소음 발생하였으며 최신 대응: 당시 의원에서 재생토너 사용중에 있어, 토너로 인한 문제로 예상되어 정품토너 교체 안내와 함께 부품은 별도로 교체 없이 점검 마쳤다고 하니, 참고 부탁드립니다 / 방문 일정 변경으로 내용 공유가 늦어진 점 양해 부탁드립니다",달 전부터 키오스크에서 프린터 출력 시 소음 발생하였으며,"당시 의원에서 재생토너 사용중에 있어, 토너로 인한 문제로 예상되어 정품토너 교체 안내와 함께 부품은 별도로 교체 없이 점검 마쳤다고 하니, 참고 부탁드립니다 / 방문 일정 변경으로 내용 공유가 늦어진 점 양해 부탁드립니다",in_progress,low,"안녕하세요 . 유비케어 병원고객팀 윤혜수입니다 . 키오스크 문의내역 전달드립니다 . 구분 내용 고객정보 상호명 김서영의원 고객명 김서영 요양기관기호 41324463 문의자 이름 유비케어 대리점 담당자 ( 이충만팀장: [PHONE_REDACTED]) 연락 받으실 번호 [PHONE_REDACTED] ( 의원 연락처 ) 문의 내용 및 요청사항 1~2 달 전부터 키오스크에서 프린터 출력 시 소음 발생하였으며, 증상 심화로 H/W 점검 요청 해당 내역으로 확인부 탁드립니다","안녕하세요. 윤혜수 매니저님 에이치앤아이디지탈 김하은입니다. 김서영의원 프린터 소음 관련하여 기존 일정이 금일 오후 3시 30분경이었으나, 삼성 고객센터 통해 확인하니, 6/27(금) 삼성 엔지니어 이미 점검 진행됐다고 합니다. 당시 의원에서 재생토너 사용중에 있어, 토너로 인한 문제로 예상되어 정품토너 교체 안내와 함께 부품은 별도로 교체 없이 점검 마쳤다고 하니, 참고 부탁드립니다. 방문 일정 변경으로 내용 공유가 늦어진 점 양해 부탁드립니다",최종 상태가 resolved가 아님,medium,,,,,,,,,,
clinic_case,35992,1,35992-001,cust:35992,서울정형외과의원,35992,3,3,722a0579291a05b296b6f9df13c20e844b2bb5a9,network,device_power_display,전원/화면,[사업기획팀] 의사랑 키오스크 이슈 인입 공유 件,2025-04-24 09:51,2025-04-24 09:51,1,TRUE,in_progress,"{""ubcare"": 1}",[전원/화면] 키오스크 환자접수 과정에서 간헐적인 멈춤 현상 발생 최신 대응: 인입내용: 키오스크 환자접수 과정에서 간헐적인 멈춤 현상 발생 ( 환자 휴대전화번호 혹은 주소입력 도중 멈춤 ) 요청사항: 첨부의 의사랑 키오스크 이슈대응 가이드라인 내용 참고하시어 대응 부탁드립니다 / 네트워크 연결 불안정하여 이슈 발생하는 것으로 추정되어 ‘ 네트워크 이슈 ’ 관련내용 점검해 주시면 감사하겠습니다,키오스크 환자접수 과정에서 간헐적인 멈춤 현상 발생,인입내용: 키오스크 환자접수 과정에서 간헐적인 멈춤 현상 발생 ( 환자 휴대전화번호 혹은 주소입력 도중 멈춤 ) 요청사항: 첨부의 의사랑 키오스크 이슈대응 가이드라인 내용 참고하시어 대응 부탁드립니다 / 네트워크 연결 불안정하여 이슈 발생하는 것으로 추정되어 ‘ 네트워크 이슈 ’ 관련내용 점검해 주시면 감사하겠습니다,in_progress,low,"안녕하십니까, 사업기획팀 오창훈 매니저입니다 . 4/22 하프키오스크 납품된 서울정형외과의원 (35992), 장애 발생하여 대리점 통해 인입되었습니다 . 인입내용: 키오스크 환자접수 과정에서 간헐적인 멈춤 현상 발생 ( 환자 휴대전화번호 혹은 주소입력 도중 멈춤 ) 요청사항: 첨부의 의사랑 키오스크 이슈대응 가이드라인 내용 참고하시어 대응 부탁드립니다 . 네트워크 연결 불안정하여 이슈 발생하는 것으로 추정되어 ‘ 네트워크 이슈 ’ 관련내용 점검해 주시면 감사하겠습니다 . [ 확인 방법 ] 이벤트 뷰어 실행 è 사용자 지정 보기 만들기 클릭 è 원본별 체크 è 이벤트 원본 선택 (e1rexpress, NetBT, Tcpip 선택 ) è 확인 è 화면 캡처 병원 연락처: [PHONE_REDACTED]","안녕하십니까, 사업기획팀 오창훈 매니저입니다 . 4/22 하프키오스크 납품된 서울정형외과의원 (35992), 장애 발생하여 대리점 통해 인입되었습니다 . 인입내용: 키오스크 환자접수 과정에서 간헐적인 멈춤 현상 발생 ( 환자 휴대전화번호 혹은 주소입력 도중 멈춤 ) 요청사항: 첨부의 의사랑 키오스크 이슈대응 가이드라인 내용 참고하시어 대응 부탁드립니다 . 네트워크 연결 불안정하여 이슈 발생하는 것으로 추정되어 ‘ 네트워크 이슈 ’ 관련내용 점검해 주시면 감사하겠습니다 . [ 확인 방법 ] 이벤트 뷰어 실행 è 사용자 지정 보기 만들기 클릭 è 원본별 체크 è 이벤트 원본 선택 (e1rexpress, NetBT, Tcpip 선택 ) è 확인 è 화면 캡처 병원 연락처: [PHONE_REDACTED]",최종 상태가 resolved가 아님; 최종 조치가 예정/요청 단계로 보임,high,,,,,,,,,,
clinic_case,35992,2,35992-002,cust:35992,서울정형외과의원,35992,3,3,488f0e9815bda94253ada0bfccbf21ed4628f85a,hardware,device_power_display,전원/화면,[서울정형외과의원]신규납품 고객 키오스크 멈춤 현상으로 인한 확인 요청,2025-04-24 10:54,2025-04-29 12:05,4,TRUE,in_progress,"{""ubcare"": 4}","[전원/화면] 신규 하프키오스크 (4/22) 납품 작업을 진행한 고객에게서 키오스크 멈춤 현상이 발생하여 확인 요청드립니다 최신 대응: 위 방안을 통하여 SW/HW 문제를 구분하고자 하였으며, 동일 증상이 발생하지 않는 한 현재로써 구분하기 어렵습니다 / 참고 부탁드립니다",신규 하프키오스크 (4/22) 납품 작업을 진행한 고객에게서 키오스크 멈춤 현상이 발생하여 확인 요청드립니다,"위 방안을 통하여 SW/HW 문제를 구분하고자 하였으며, 동일 증상이 발생하지 않는 한 현재로써 구분하기 어렵습니다 / 참고 부탁드립니다",in_progress,low,"안녕하세요 . 병원고객팀 강보득솔입니다 . 신규 하프키오스크 (4/22) 납품 작업을 진행한 고객에게서 키오스크 멈춤 현상이 발생하여 확인 요청드립니다, n 이슈사항 ① 키오스크 사용 도중 멈춤 현상, 화면이 하얗게 현상 X ② 아무런 터치도 되지를 않음 키오스크 전원버튼을 눌러 강제 종료함 22 일 11 시 ~2 시 사이, 오늘 9 시 30 분 이전에 발생하였다고 하십니다 . 어제도 발생하였으나 발생 시간을 모릅니다 . 이벤트뷰어에 네트워크 오류는 없었고, 터치패널의 문제인지 s/w 문제인지 확인이 되지 않아 s/w 점검 먼저 해보려고 합니다 . 기기 문제가 맞다면 제조사로 기기 변경 요청 메일 보내도록 하겠습니다 . 벌써 반품 얘기가 나오고있어 … 바쁘시겠지만 최대한 빠른 확인 부탁드리겠습니다","안녕하십니까, 모바일페이개발팀 정재원입니다 . 강보득솔 시매님 통해서 전달받은 바로는 일전에 제가 제안드린 ‘ 창모드 ’ 방안을 적용하신 상태이고, 현재까지 ‘ 키오스크 멈춤 / 터치불가 ’ 현상이 나타나지 않았다고 합니다 . 위 방안을 통하여 SW/HW 문제를 구분하고자 하였으며, 동일 증상이 발생하지 않는 한 현재로써 구분하기 어렵습니다 . 참고 부탁드립니다",최종 상태가 resolved가 아님; 최종 조치가 예정/요청 단계로 보임,high,,,,,,,,,,
clinic_case,35992,3,35992-003,cust:35992,서울정형외과의원,35992,3,3,8b499810a968abbac58180aaaf81853be198b29d,hardware,device_power_display,전원/화면,[서울정형외과의원]신규납품 고객 키오스크 멈춤 현상으로 인한 확인 요청,2025-05-26 09:58,2025-05-26 09:58,1,FALSE,in_progress,"{""ubcare"": 1}","[전원/화면] 4/24 창모드 세팅 이후 터치 불가 현상이 인입되지 않은 것으로 확인되었습니다 최신 대응: 4/24 창모드 세팅 이후, 터치 불가 현상이 인입되지 않은 것으로 확인되었습니다 / 현재 대응 종료로 전환하고, 추후 동일 이슈 인입 시 대응하는 것이 어떨지 의견드립니다",4/24 창모드 세팅 이후 터치 불가 현상이 인입되지 않은 것으로 확인되었습니다,"4/24 창모드 세팅 이후, 터치 불가 현상이 인입되지 않은 것으로 확인되었습니다 / 현재 대응 종료로 전환하고, 추후 동일 이슈 인입 시 대응하는 것이 어떨지 의견드립니다",in_progress,low,"안녕하십니까, 모바일페이개발팀 정재원입니다 . 4/24 창모드 세팅 이후, 터치 불가 현상이 인입되지 않은 것으로 확인되었습니다 . 화면 모드에 따라 기능 차이는 없기에, 일시적으로 발생한 현상으로 판단됩니다 . 현재 대응 종료로 전환하고, 추후 동일 이슈 인입 시 대응하는 것이 어떨지 의견드립니다 . 추가로, 현재 창모드를 전체화면으로 전환 부탁드립니다 . 문의사항 있으시면, 회신 부탁드립니다","안녕하십니까, 모바일페이개발팀 정재원입니다 . 4/24 창모드 세팅 이후, 터치 불가 현상이 인입되지 않은 것으로 확인되었습니다 . 화면 모드에 따라 기능 차이는 없기에, 일시적으로 발생한 현상으로 판단됩니다 . 현재 대응 종료로 전환하고, 추후 동일 이슈 인입 시 대응하는 것이 어떨지 의견드립니다 . 추가로, 현재 창모드를 전체화면으로 전환 부탁드립니다 . 문의사항 있으시면, 회신 부탁드립니다",최종 상태가 resolved가 아님,medium,,,,,,,,,,
clinic_case,36479,1,36479-001,cust:36479,삼성키즈소아청소년과의원,36479,6,2,1ba44da41ee4c14446ba2dd4c401acc79075523f,hardware,printer_output,프린터/출력,[통화요청] 키오스크 H/W 통화 요청의 件,2025-05-12 10:46,2025-05-15 10:57,4,TRUE,in_progress,"{""distributor"": 3, ""ubcare"": 1}","[프린터/출력] 키오스크에서 프린트 출력 시 용지 걸림 현상이 최신 대응: 용지 걸림의 일반적인 원인으로 롤러 마모를 의심해볼 수 있어, 1~2단 롤러 전부 점검해보았을 때도 사용량이 적어 그로 인한 문제로 보이지는 않는다고 하며, 롤러 사용량 역시 최대 10만매 중 7천매 정도 사용한 상태로 교체가 필요한 상황은 아니었기에 금일 별도의 부품 교체없이 현장 점검으로 마쳤습니다 / 추후 짧은 기간에 동일 문제가 지속 발생할 경우, 제조사 측에 추가 점검을 요청해볼 예정이오니 내용 참고 부탁드립니다",키오스크에서 프린트 출력 시 용지 걸림 현상이,"용지 걸림의 일반적인 원인으로 롤러 마모를 의심해볼 수 있어, 1~2단 롤러 전부 점검해보았을 때도 사용량이 적어 그로 인한 문제로 보이지는 않는다고 하며, 롤러 사용량 역시 최대 10만매 중 7천매 정도 사용한 상태로 교체가 필요한 상황은 아니었기에 금일 별도의 부품 교체없이 현장 점검으로 마쳤습니다 / 추후 짧은 기간에 동일 문제가 지속 발생할 경우, 제조사 측에 추가 점검을 요청해볼 예정이오니 내용 참고 부탁드립니다",in_progress,low,안녕하세요 유비케어 병원고객팀 김선민 입니다 . 키오스크 문의내역 전달드립니다 . 구분 내용 고객정보 상호명 삼성키즈소아청소년과의원 고객명 전지은 요양기관기호 12349241 문의자 이름 접수실 선생님 연락 받으실 번호 [PHONE_REDACTED] 문의 내용 및 요청사항 - 이슈: 키오스크에서 프린트 출력 시 용지 걸림 현상이 2 달째 발생하신다고 합니다 . 용지 빼서 다시 하면 되긴 하나 자주 발생해서 불편하시다고 키오스크 기기 프린터 점검 요청하 셨습니다,"안녕하세요 에이치앤아이디지탈 김유미입니다. 금일 오전 10: 30분경 삼성 엔지니어 방문드려 프린터 점검하였습니다. 의원에서 1일 1~2회 정도 용지 걸림 증상 발생한다 하여 현장 점검해보았으나, 증상 재현이 되지 않아 정확한 원인 파악은 어려웠다고 합니다. 추가 점검으로 1단 용지 전부 제거 후 2단에만 용지 채워둔 상태에서 6~7장씩 연속 출력으로 테스트 해보았을 때도 동일하게 용지 걸림 증상은 발생되지 않았습니다. 용지 걸림의 일반적인 원인으로 롤러 마모를 의심해볼 수 있어, 1~2단 롤러 전부 점검해보았을 때도 사용량이 적어 그로 인한 문제로 보이지는 않는다고 하며, 롤러 사용량 역시 최대 10만매 중 7천매 정도 사용한 상태로 교체가 필요한 상황은 아니었기에 금일 별도의 부품 교체없이 현장 점검으로 마쳤습니다. 추후 짧은 기간에 동일 문제가 지속 발생할 경우, 제조사 측에 추가 점검을 ",최종 상태가 resolved가 아님,medium,,,,,,,,,,
clinic_case,36479,2,36479-002,cust:36479,삼성키즈소아청소년과의원,36479,6,2,9948dd247cf50132b65a4df14e7ab65657fbc589,hardware,printer_output,프린터/출력,[점검요청] 키오스크 H/W 점검 요청의 件,2025-06-05 09:34,2025-06-17 11:15,5,TRUE,resolved,"{""distributor"": 4, ""ubcare"": 1}","[프린터/출력] 1단 용지 전부 제거 후 2단에만 채워둔 상태에서 연속 출력 해보았을 때도 용지 걸림 증상 없이 정상 작동되던 상태였습니다 최신 대응: 테스트 기간 동안 의원에서는 사용할 수 있도록 AS용 프린터와 2단 급지함을 배치해두었으며, 용지걸림 등 별다른 문제 없이 정상적으로 잘 사용되었습니다 / 17) 기존 장비로 원복 조치하였으며, AS용 장비는 오늘 중으로 제조사 엔지니어가 회수할 예정입니다",1단 용지 전부 제거 후 2단에만 채워둔 상태에서 연속 출력 해보았을 때도 용지 걸림 증상 없이 정상 작동되던 상태였습니다,"테스트 기간 동안 의원에서는 사용할 수 있도록 AS용 프린터와 2단 급지함을 배치해두었으며, 용지걸림 등 별다른 문제 없이 정상적으로 잘 사용되었습니다 / 17) 기존 장비로 원복 조치하였으며, AS용 장비는 오늘 중으로 제조사 엔지니어가 회수할 예정입니다",resolved,high,안녕하세요 . 유비케어 병원고객팀 김태섭입니다 . 키오스크 문의내역 전달드립니다 . 구분 내용 고객정보 상호명 삼성키즈소아청소년과의원 고객명 전지은 요양기관기호 12349241 문의자 이름 병원 직원 연락 받으실 번호 [PHONE_REDACTED] 문의 내용 및 요청사항 - 이슈: 키오스크 프린터 용지 걸림으로 3 달째 사용을 제대로 못 한다고 크게 불편 표현을 하셨고 5/15 일에 삼성 엔지니어가 방문해서 점검하고 다른 분과 다시 이야기 해본다고 하고 한달 째 연락이 없다고 빨리 일정 잡아서 와서 점검 요청 주셨습니다 . 해당 내역으로 확인부 탁드립니다,"안녕하세요 에이치앤아이디지탈 김유미입니다. 해당 의원에 삼성 엔지니어와 제조사 엔지니어가 함께 방문해 점검을 진행한 결과, 삼성 엔지니어 판단으로는 프린터 자체의 문제는 아닌 것으로 보였습니다. 이후 프린터 + 2단 급지함을 회수해 500장 이상 출력 테스트를 진행하였으나, 별다른 이상은 발견되지 않았습니다. 테스트 기간 동안 의원에서는 사용할 수 있도록 AS용 프린터와 2단 급지함을 배치해두었으며, 용지걸림 등 별다른 문제 없이 정상적으로 잘 사용되었습니다. 회수한 장비에서 이상이 없음을 확인해 금일(6/17) 기존 장비로 원복 조치하였으며, AS용 장비는 오늘 중으로 제조사 엔지니어가 회수할 예정입니다. 의원 측에서도 테스트 기간 동안 용지걸림 없이 잘 작동되었다고 확인해주셨고, 현재로서는 프린터나 2단 급지함의 문제가 아닌 것으로 판단됩니다. 다만, 재생 토너 사용이 원인일 가능성이 있어 ",GT 보강 시 재사용 가능,low,,,,,,,,,,
clinic_case,36479,3,36479-003,cust:36479,삼성키즈소아청소년과의원,36479,6,2,131c9a880f987cef660794f3fb1e9def6725d72c,hardware,payment_card_reader,카드결제/리더기,[통화요청] 키오스크 H/W 통화 요청의 件,2025-06-26 15:02,2025-06-27 16:22,3,TRUE,resolved,"{""distributor"": 2, ""ubcare"": 1}","[카드결제/리더기] 키오스크 수납 시 즉시 결제 되지 않고 단말기에 카드 인식이 잘 안되는 현상이 자주 발생된다고 하십니다 최신 대응: 금일 점검 결과, 네트워크 프록시 설정 내 '스크립트 사용' 해제 후 카드리더기 정상 결제되어 교체는 별도로 진행하지 않았습니다",키오스크 수납 시 즉시 결제 되지 않고 단말기에 카드 인식이 잘 안되는 현상이 자주 발생된다고 하십니다,"금일 점검 결과, 네트워크 프록시 설정 내 '스크립트 사용' 해제 후 카드리더기 정상 결제되어 교체는 별도로 진행하지 않았습니다",resolved,high,"안녕하세요 유비케어 병원고객팀 진솔 매니저 입니다 . 키오스크 문의내역 전달드립니다 . 구분 내용 고객정보 상호명 삼성키즈소아청소년과의원 고객명 최성환 요양기관기호 41355750 문의자 이름 접수실 선생님 연락 받으실 번호 [PHONE_REDACTED] 문의 내용 및 요청사항 - 이슈: 키오스크 수납 시 즉시 결제 되지 않고 단말기에 카드 인식이 잘 안되는 현상이 자주 발생된다고 하십니다 . 지난번에 원격으로 KSCAT 설정 확인, 키오스크 설정 확인, 의사랑 내 pc 정보 확인시에는 이상 없었고 병원 선생님께서 해당 현상이 자주 발생해 단말기 점검 원한다고 하셔서 전달드립니다 . 해당 내역으로 확인부 탁드립니다","안녕하세요. 에이치앤아이디지탈 김하은입니다. 금일 점검 결과, 네트워크 프록시 설정 내 '스크립트 사용' 해제 후 카드리더기 정상 결제되어 교체는 별도로 진행하지 않았습니다",GT 보강 시 재사용 가능,low,,,,,,,,,,
clinic_case,36479,4,36479-004,cust:36479,삼성키즈소아청소년과의원,36479,6,2,d3eab797e5c591612afdbc5ff185a4d5b65490c1,hardware,printer_output,프린터/출력,[통화요청] 키오스크 H/W 통화 요청의 件,2025-11-19 13:23,2025-11-20 12:30,4,TRUE,resolved,"{""distributor"": 3, ""ubcare"": 1}",[프린터/출력] : 어제 의사랑 키오스크 설치하셨는데 프린터 출력 시 오른쪽 부분만 흐리게 출력된다고 하십니다. 토너 흔들어봐도 동일해서 이관드립니다. 확인부탁드리겠습니다 최신 대응: 금일 토너 교체로 정상 출력 확인하였습니다,: 어제 의사랑 키오스크 설치하셨는데 프린터 출력 시 오른쪽 부분만 흐리게 출력된다고 하십니다. 토너 흔들어봐도 동일해서 이관드립니다. 확인부탁드리겠습니다,금일 토너 교체로 정상 출력 확인하였습니다,resolved,high,안녕하세요 유비케어 병원고객팀 김민수입니다 . 키오스크 문의내역 전달드립니다 . 구분 내용 고객정보 상호명 삼성키즈소아청소년과의원 고객명 하상균 요양기관기호 12356000 문의자 이름 원장님 연락 받으실 번호 [PHONE_REDACTED] 문의 내용 및 요청사항 - 이슈: 어제 의사랑 키오스크 설치하셨는데 프린터 출력 시 오른쪽 부분만 흐리게 출력된다고 하십니다. 토너 흔들어봐도 동일해서 이관드립니다. 확인부탁드리겠습니다. 해당 내역으로 확인 부 탁 드립니다,안녕하세요. 에이치앤아이디지탈 김하은입니다. 금일 토너 교체로 정상 출력 확인하였습니다,GT 보강 시 재사용 가능,low,,,,,,,,,,
clinic_case,36479,5,36479-005,cust:36479,삼성키즈소아청소년과의원,36479,6,2,de85e7e5b3d128324be1e908e47f577cfcebda0a,software,payment_card_reader,카드결제/리더기,[통화요청] 키오스크 H/W 통화 요청의 件,2025-12-10 17:45,2025-12-11 09:19,2,TRUE,in_progress,"{""ubcare"": 1, ""distributor"": 1}",[카드결제/리더기] 대만 카드리더기 인식이 안된다고 하십니다. 리더기 이물질 여부도 확인해봐도 동일하다고 하십니다 최신 대응: 6월에도 결제 이슈로 방문 당시 프록시 설정이 활성화되어 있어 재설정으로 조치하였던 이력 확인되어 금번 원격 접속으로 프록시 설정 재확인과 함께 KSCAT 프로그램 최신 버전으로 업데이트 진행하였습니다 / 금일 오후 중으로 의원에 결제 진행 여부 확인 후 방문 필요성 판단할 예정이오니 참고 부탁드립니다,대만 카드리더기 인식이 안된다고 하십니다. 리더기 이물질 여부도 확인해봐도 동일하다고 하십니다,6월에도 결제 이슈로 방문 당시 프록시 설정이 활성화되어 있어 재설정으로 조치하였던 이력 확인되어 금번 원격 접속으로 프록시 설정 재확인과 함께 KSCAT 프로그램 최신 버전으로 업데이트 진행하였습니다 / 금일 오후 중으로 의원에 결제 진행 여부 확인 후 방문 필요성 판단할 예정이오니 참고 부탁드립니다,in_progress,low,안녕하세요 유비케어 병원고객팀 김민수 입니다 . 키오스크 문의내역 전달드립니다 . 구분 내용 고객정보 상호명 삼성키즈 소아청소년과의원 고객명 최성환 요양기관기호 41355750 문의자 이름 여자 선생님 연락 받으실 번호 [PHONE_REDACTED] 문의 내용 및 요청사항 - 이슈: 키오스크 2 대중 1 대만 카드리더기 인식이 안된다고 하십니다. 리더기 이물질 여부도 확인해봐도 동일하다고 하십니다. 해당 내역으로 확인 부 탁 드립니다,안녕하세요. 김민수 매니저님 에이치앤아이디지탈 김하은입니다. 6월에도 결제 이슈로 방문 당시 프록시 설정이 활성화되어 있어 재설정으로 조치하였던 이력 확인되어 금번 원격 접속으로 프록시 설정 재확인과 함께 KSCAT 프로그램 최신 버전으로 업데이트 진행하였습니다. 금일 오후 중으로 의원에 결제 진행 여부 확인 후 방문 필요성 판단할 예정이오니 참고 부탁드립니다,최종 상태가 resolved가 아님,medium,,,,,,,,,,
clinic_case,36479,6,36479-006,cust:36479,삼성키즈소아청소년과의원,36479,6,2,78e32436404fff40799f409b8650b27b96056e20,hardware,printer_output,프린터/출력,[통화요청] 키오스크 H/W 통화 요청의 件,2026-01-26 15:37,2026-01-30 13:18,4,TRUE,resolved,"{""ubcare"": 2, ""distributor"": 2}","[프린터/출력] 처방전 출력 시 프린터에서 끼익끼익 소음이 난다고 하십니다 최신 대응: 삼성 엔지니어 점검 결과, 원내가 혼잡한 관계로 프린터를 회수하여 점검이 필요할 것으로 예상되나, 의원에서 당장의 회수는 원하시지 않아 별도의 조치없이 점검 마무리하였습니다 / (현장에서 부품 사용량에 대한 출력은 따로 진행하지 않았다고 함)",처방전 출력 시 프린터에서 끼익끼익 소음이 난다고 하십니다,"삼성 엔지니어 점검 결과, 원내가 혼잡한 관계로 프린터를 회수하여 점검이 필요할 것으로 예상되나, 의원에서 당장의 회수는 원하시지 않아 별도의 조치없이 점검 마무리하였습니다 / (현장에서 부품 사용량에 대한 출력은 따로 진행하지 않았다고 함)",resolved,medium,"안녕하십니까, 유비케어 강보득솔입니다 . 조금전 대리점 담당자 통해 인입된 문의내역 전달드립니다 . 구분 내용 고객정보 상호명 삼성키즈소아청소년과의원 고객명 천보람 요양기관기호 37357671 문의자 이름 원무과 선생님 연락 받으실 번호 [PHONE_REDACTED] 문의 내용 및 요청사항 - 이슈: 처방전 출력 시 프린터에서 끼익끼익 소음이 난다고 하십니다 . 방문비용를 꺼려하시는 고객이라 비용 발생 시 안내부탁드립니다","안녕하세요. 에이치앤아이디지탈 김하은입니다. 삼성 엔지니어 점검 결과, 원내가 혼잡한 관계로 프린터를 회수하여 점검이 필요할 것으로 예상되나, 의원에서 당장의 회수는 원하시지 않아 별도의 조치없이 점검 마무리하였습니다. (현장에서 부품 사용량에 대한 출력은 따로 진행하지 않았다고 함)",GT 보강 시 재사용 가능,low,,,,,,,,,,
clinic_case,37901,1,37901-001,cust:37901,김영소아청소년과,37901,11,3,ea079dfd076ccb8a2a8065038f3e94f3c918ddd1,software,printer_output,프린터/출력,키오스크 이슈 관련 논의안 공유 件_횐 화면 노출/프린터/ 수납,2025-03-31 17:52,2025-03-31 17:52,1,FALSE,resolved,"{""ubcare"": 1}","[프린터/출력] 모두 키오스크 이름 등록 실패 현상이 있어 최신 대응: ) 키오스크는 기본적으로 네트워크 연결이 정상적인 상태에서 동작해야 하므로, 이벤트뷰어에서 발견된 로그들을 우선적으로 해결해야 할 것 같습니다 / (IP/ 호스트 충돌 등 ) 금일 오후에 논의한 내용대로, 루원튼튼 365/ 김영소아청소년과 / 화성이엠 365 모두 키오스크 이름 등록 실패 현상이 있어 키오스크 이름을 고유하게 설정한 후 흰 화면 노출 현상이 다시 발생하는지 확인해야 할 것 같습니다",모두 키오스크 이름 등록 실패 현상이 있어,") 키오스크는 기본적으로 네트워크 연결이 정상적인 상태에서 동작해야 하므로, 이벤트뷰어에서 발견된 로그들을 우선적으로 해결해야 할 것 같습니다 / (IP/ 호스트 충돌 등 ) 금일 오후에 논의한 내용대로, 루원튼튼 365/ 김영소아청소년과 / 화성이엠 365 모두 키오스크 이름 등록 실패 현상이 있어 키오스크 이름을 고유하게 설정한 후 흰 화면 노출 현상이 다시 발생하는지 확인해야 할 것 같습니다",resolved,high,"안녕하세요 . 모바일페이개발팀 정재원입니다 . 금일 루원튼튼 365 의원 개별대응 결과 공유드립니다 . 흰 화면 노출 개선용 개별배포 파일 적용 후, 모니터링 진행하였습니다 . 해당 의원 모니터링하는 동안 흰 화면 노출 현상이 발생하지 않았습니다 . 개별배포 파일은 주로 네트워크 이슈 중 프린터와의 통신 중에 홈 화면으로 이동하면서 생기는 현상을 타임아웃 및 보완 작업으로 개선한 버전입니다 . ( 이슈 인입 시, 어떤 상황에서 발생했는지 확인이 어려워 내부재현 성공한 케이스를 개선함 ) 키오스크는 기본적으로 네트워크 연결이 정상적인 상태에서 동작해야 하므로, 이벤트뷰어에서 발견된 로그들을 우선적으로 해결해야 할 것 같습니다 . (IP/ 호스트 충돌 등 ) 금일 오후에 논의한 내용대로, 루원튼튼 365/ 김영소아청소년과 / 화성이엠 365 모두 키오스크 이름 등록 실패 현상이 있어 키오스크 이름을","안녕하세요 . 모바일페이개발팀 정재원입니다 . 금일 루원튼튼 365 의원 개별대응 결과 공유드립니다 . 흰 화면 노출 개선용 개별배포 파일 적용 후, 모니터링 진행하였습니다 . 해당 의원 모니터링하는 동안 흰 화면 노출 현상이 발생하지 않았습니다 . 개별배포 파일은 주로 네트워크 이슈 중 프린터와의 통신 중에 홈 화면으로 이동하면서 생기는 현상을 타임아웃 및 보완 작업으로 개선한 버전입니다 . ( 이슈 인입 시, 어떤 상황에서 발생했는지 확인이 어려워 내부재현 성공한 케이스를 개선함 ) 키오스크는 기본적으로 네트워크 연결이 정상적인 상태에서 동작해야 하므로, 이벤트뷰어에서 발견된 로그들을 우선적으로 해결해야 할 것 같습니다 . (IP/ 호스트 충돌 등 ) 금일 오후에 논의한 내용대로, 루원튼튼 365/ 김영소아청소년과 / 화성이엠 365 모두 키오스크 이름 등록 실패 현상이 있어 키오스크 이름을",GT 보강 시 재사용 가능,low,,,,,,,,,,
clinic_case,37901,2,37901-002,cust:37901,김영소아청소년과,37901,11,3,5c0d2f088ada72d80ec3f374380ca134e9e88cc4,hardware,printer_output,프린터/출력,[통화요청] 키오스크 H/W 통화 요청의 件,2025-04-01 14:55,2025-04-01 14:55,1,TRUE,resolved,"{""ubcare"": 1}",[프린터/출력] 에러 메시지 등 최신 대응: 1) 기존 탑재된 프린터 현재 상태 확인 ( 단순 경고 문구 or 제품 마모 확인 ) ① 제어판: 프린터 ‘테스트 페이지’ 인쇄 시 프린터 상태값 확인 > 정상 출력 또는 출력 불가 여부 ( 프린터 ‘ 빨간등 ’ / 프린터 환경설정 경고 노출 등 ) ② 키오스크 hw 환경설정: 프린터 설정에 ‘프린터 출력테스트’ 및 프린터 점검 툴 확인 > 프린터 상태값 확인 > 프린터 출력 테스트 정상 여부 / 프린터 점검 툴 ‘ 에러 메시지 ’ 있었는지 ③ 약 5 회 정도 ,에러 메시지 등,1) 기존 탑재된 프린터 현재 상태 확인 ( 단순 경고 문구 or 제품 마모 확인 ) ① 제어판: 프린터 ‘테스트 페이지’ 인쇄 시 프린터 상태값 확인 > 정상 출력 또는 출력 불가 여부 ( 프린터 ‘ 빨간등 ’ / 프린터 환경설정 경고 노출 등 ) ② 키오스크 hw 환경설정: 프린터 설정에 ‘프린터 출력테스트’ 및 프린터 점검 툴 확인 > 프린터 상태값 확인 > 프린터 출력 테스트 정상 여부 / 프린터 점검 툴 ‘ 에러 메시지 ’ 있었는지 ③ 약 5 회 정도 ,resolved,high,"안녕하세요, 김유미 주임님 유비케어 최미선입니다 . 먼저, 유비케어에서 요청한 가이드 순으로 점검 / 진행해주셔서 감사드립니다 . 삼성 AS/ HNID 에서 진행한 김영소아청소년과의원 점검 가이드 관련 추가 요청 사항이 있어 메일드립니다 . ■ 김영소아청소년과의원 프린터 점검 추가 자료 요청 1) 점검상태 결과 재공유: 케이스 별 점검 통한 ‘ 프린터 상태값 ( 경고, 에러 메시지 등 )’ 이미지 자료 2) 픽업롤러 교체 비용 및 고객 반응 - 상세 요청사항 확인 후 회신 부탁드립니다 .(‘ 파란 글씨 ’ 기재 ) 구분 내용 담당 점검가이드 (1) 기존 탑재된 프린터 현재 상태 확인 ( 단순 경고 문구 or 제품 마모 확인 ) ① 제어판: 프린터 ‘테스트 페이지’ 인쇄 시 프린터 상태값 확인 > 정상 출력 또는 출력 불가 여부 ( 프린터 ‘ 빨간등 ’ / 프린터 환경설정 경고 노출 등 ) ② 키","안녕하세요, 김유미 주임님 유비케어 최미선입니다 . 먼저, 유비케어에서 요청한 가이드 순으로 점검 / 진행해주셔서 감사드립니다 . 삼성 AS/ HNID 에서 진행한 김영소아청소년과의원 점검 가이드 관련 추가 요청 사항이 있어 메일드립니다 . ■ 김영소아청소년과의원 프린터 점검 추가 자료 요청 1) 점검상태 결과 재공유: 케이스 별 점검 통한 ‘ 프린터 상태값 ( 경고, 에러 메시지 등 )’ 이미지 자료 2) 픽업롤러 교체 비용 및 고객 반응 - 상세 요청사항 확인 후 회신 부탁드립니다 .(‘ 파란 글씨 ’ 기재 ) 구분 내용 담당 점검가이드 (1) 기존 탑재된 프린터 현재 상태 확인 ( 단순 경고 문구 or 제품 마모 확인 ) ① 제어판: 프린터 ‘테스트 페이지’ 인쇄 시 프린터 상태값 확인 > 정상 출력 또는 출력 불가 여부 ( 프린터 ‘ 빨간등 ’ / 프린터 환경설정 경고 노출 등 ) ② 키",이슈 요약 근거가 약함,low,,,,,,,,,,
clinic_case,37901,3,37901-003,cust:37901,김영소아청소년과,37901,11,3,77648b203e99fe4259e1365b488d843b70c7e7d1,hardware,network_connection,네트워크/IP,[유비케어] 의사랑 키오스크 셋탑 교체 일정 확보 및 비용 부담 관련 문의 件,2025-04-03 20:06,2025-04-07 14:21,4,TRUE,resolved,"{""ubcare"": 4}","[네트워크/IP] 서비스에 대한 긍정적 인식 제고 위해 업체 간 비용 부담하여 이슈 우선 대응하고 최신 대응: 앞선 점검에서 개발팀 원격 점검 전까지 추가 확인이 되지 않은 부분에 대해 HW 점검 범위가 너무 좁은 것은 아닌지 생각되어, HW 지원 범위 재검토해주시기 바랍니다 / 제조사 교체 가능한 일정 우선 확보 후 전달주시면 현장 방문 의사랑 담당자 지정 후 공유드리도록 하겠습니다",서비스에 대한 긍정적 인식 제고 위해 업체 간 비용 부담하여 이슈 우선 대응하고,"앞선 점검에서 개발팀 원격 점검 전까지 추가 확인이 되지 않은 부분에 대해 HW 점검 범위가 너무 좁은 것은 아닌지 생각되어, HW 지원 범위 재검토해주시기 바랍니다 / 제조사 교체 가능한 일정 우선 확보 후 전달주시면 현장 방문 의사랑 담당자 지정 후 공유드리도록 하겠습니다",resolved,medium,"안녕하세요, 유비케어 사업기획팀 최미선입니다 . 현재 키오스크 유상 AS 병의원 “ 김영소아청소년과의원 / 루원튼튼 365 의원 ” 이슈 대응위해 셋탑 교체일정 확보 요청드립니다 . 또한, 셋탑 교체 비용 관련 고객 부담 없이 유비케어와 HNID 에서 비용을 반반 부담하여 처리하는 것은 어떨지 문의 메일드립니다 .( 비용: 3 대 교체 약 225 만 예상 ) 유비케어에서 SW 적으로 예상되는 원인에 대해 기능개선 후 개별 배포 및 모니터링 진행하였으나 동일하게 “ 흰 화면 노출 ” 증상이 재발했으며, 이벤트 뷰어에선 “ 네트워크 링크 분리 ” 현상이 노출됐습니다 . ( 경로: 이벤트 뷰어 실행 > 사용자 지정 보기 만들기 클릭 > 원본별 체크 > 이벤트 원본 선택 (e1rexpress, NetBT, Tcpip 선택 ) > 확인 ) SW/HW 모두 정확한 원인을 파악하지 못한 상태로 시간이 지체되","안녕하세요, 유비케어 최미선입니다 . 김영소아청소년과의원 및 루원튼튼 365 의원 회신주신 내용 확인하였으며 아래와 같이 FU 요청드립니다 . 위 2 처 의원 AS 용 셋탑 장비로 교체 요청드리며, 출장비는 유비케어에서 부담하도록 하겠습니다 . 유비케어에서 이슈 관련 초기 인입 시, HNID 에 공유한 시점이 늦은 점 / 과거 이슈 이력 확인 ( 접지 / 누설 이슈 등 ) 등 HNID 에서 의견주신 것처럼 AS 용으로 부품 교체 통해 우선 대응하도록 하겠습니다 . 이슈 대응과 별개로, HNID 에 HW 이슈 점검 및 대응 방안 관련하여 아래와 같이 세 가지 추가 검토해주시길 요청드립니다 . 키오스크 검토 ( 장비 보완 / 점검 범위 등 ) 1. 문의: 키오스크 장비 보완 검토 ( 또는 대응안 확보 ) - 키오스크 스펙 상 접지 / 누설 전류 처리가 되지 않는 환경에서 사용 불가한지 문의드립니다 ",GT 보강 시 재사용 가능,low,,,,,,,,,,
clinic_case,37901,4,37901-004,cust:37901,김영소아청소년과,37901,11,3,2a2499f3b7a10f780ec6b799f7a5b4b64bfa490d,payment,device_replacement,장비교체,[사업기획팀] 의사랑 키오스크 이슈 현황 보고 件,2025-04-04 15:20,2025-04-04 15:20,1,TRUE,resolved,"{""ubcare"": 1}","[장비교체] 서비스에 대한 긍정적 인식 제고 위해 최신 대응: 원인인 ‘ 셋탑 교체 ’ 를 진행하고자 하며, 교체 비용은 UB 또는 UB-HNID 간 협의 하여 마무리하고자 합니다 / 자세한 내용은 하기 표 및 첨부파일 확인 부탁드리며, 피드백 주시면 반영하여 유관부서에 진행 사항에 대해 공유하도록 하겠습니다",서비스에 대한 긍정적 인식 제고 위해,"원인인 ‘ 셋탑 교체 ’ 를 진행하고자 하며, 교체 비용은 UB 또는 UB-HNID 간 협의 하여 마무리하고자 합니다 / 자세한 내용은 하기 표 및 첨부파일 확인 부탁드리며, 피드백 주시면 반영하여 유관부서에 진행 사항에 대해 공유하도록 하겠습니다",resolved,medium,"안녕하세요, 사업기획팀 최미선입니다 . 3 월 의사랑 키오스크 이슈 대응 중인 ‘ 김영소아청소년과의원 / 루원튼튼 365 소아청소년과의원 ’ 현황 보고드립니다 . 위 2 처 모두 ‘ (1) AS 유상 고객이고, (2) 이슈 발생일로부터 약 3 주가 지났으나 명확한 원인을 파악하지 못했으며, (3) 제품 사용 기간이 짧음 ( 약 1.3 개월 )’ 등을 고려 하여 고객이 제품 사용에 대한 불만 해소 / 서비스에 대한 긍정적 인식 제고 위해 주요 원인인 ‘ 셋탑 교체 ’ 를 진행하고자 하며, 교체 비용은 UB 또는 UB-HNID 간 협의 하여 마무리하고자 합니다 . 보다 자세한 내용은 하기 표 및 첨부파일 확인 부탁드리며, 피드백 주시면 반영하여 유관부서에 진행 사항에 대해 공유하도록 하겠습니다 . p.s. 2025 KIMES 현장에서 계약하셨던 “ 상쾌한이비인후과 ” 는 원장님이 “ 키오스크 구매 ","안녕하세요, 사업기획팀 최미선입니다 . 3 월 의사랑 키오스크 이슈 대응 중인 ‘ 김영소아청소년과의원 / 루원튼튼 365 소아청소년과의원 ’ 현황 보고드립니다 . 위 2 처 모두 ‘ (1) AS 유상 고객이고, (2) 이슈 발생일로부터 약 3 주가 지났으나 명확한 원인을 파악하지 못했으며, (3) 제품 사용 기간이 짧음 ( 약 1.3 개월 )’ 등을 고려 하여 고객이 제품 사용에 대한 불만 해소 / 서비스에 대한 긍정적 인식 제고 위해 주요 원인인 ‘ 셋탑 교체 ’ 를 진행하고자 하며, 교체 비용은 UB 또는 UB-HNID 간 협의 하여 마무리하고자 합니다 . 보다 자세한 내용은 하기 표 및 첨부파일 확인 부탁드리며, 피드백 주시면 반영하여 유관부서에 진행 사항에 대해 공유하도록 하겠습니다 . p.s. 2025 KIMES 현장에서 계약하셨던 “ 상쾌한이비인후과 ” 는 원장님이 “ 키오스크 구매 ",GT 보강 시 재사용 가능,low,,,,,,,,,,
clinic_case,37901,5,37901-005,cust:37901,김영소아청소년과,37901,11,3,8d72cdc6e5245fa78109ca087f951f7bb6d9d71a,unknown,unknown_other,기타/미분류,[사업기획팀] 의사랑 키오스크 이슈 대응계획 보고 件,2025-04-04 17:46,2025-04-04 17:46,1,FALSE,in_progress,"{""ubcare"": 1}","[기타/미분류] 매니저님 아래 보고한 의견대로 고객대응 진행하세요 최신 대응: 매니저님, 아래 보고한 의견대로 고객대응 진행하세요",매니저님 아래 보고한 의견대로 고객대응 진행하세요,"매니저님, 아래 보고한 의견대로 고객대응 진행하세요",in_progress,low,"매니저님, 아래 보고한 의견대로 고객대응 진행하세요","매니저님, 아래 보고한 의견대로 고객대응 진행하세요",최종 상태가 resolved가 아님; 카테고리 unknown,high,,,,,,,,,,
clinic_case,37901,6,37901-006,cust:37901,김영소아청소년과,37901,11,3,45da825b813e142f5392b1025b56d214e3a7ecfe,hardware,device_replacement,장비교체,"[사업기획팀] 의사랑 키오스크, HNID 셋탑 교체 및 HW 점검 요청 件",2025-04-07 15:25,2025-04-07 15:25,1,TRUE,in_progress,"{""ubcare"": 1}","[장비교체] 흰 화면 노출증상 관련하여 SW /HW 이슈 등 원인이 불명확하여 ‘AS 용 셋탑으로 교체 진행 )’ 우선 대응하고자 합니다 최신 대응: 타 의원에서 ‘ 흰 화면 ’ 증상 인입되고 있어 모바일페이개발팀에서 공동원격 통해 점검 진행 예정이며, 원인이 불명확 상태에서 UB 에서 전액 비용 부담 통해 대응하는 것은 리스크가 있을 것으로 예상되어 AS 장비를 의원에 제공 및 기존 셋탑은 회수하여 상세 점검하고자 합니다 / 하여, 아래와 같이 HNID 에 셋탑 교체일정 확보 및 HW 점검 관련 메일을 전달할 예정으로, 관련하여 피드백 주시면 반영하여 전달하도록 하겠습니다",흰 화면 노출증상 관련하여 SW /HW 이슈 등 원인이 불명확하여 ‘AS 용 셋탑으로 교체 진행 )’ 우선 대응하고자 합니다,"타 의원에서 ‘ 흰 화면 ’ 증상 인입되고 있어 모바일페이개발팀에서 공동원격 통해 점검 진행 예정이며, 원인이 불명확 상태에서 UB 에서 전액 비용 부담 통해 대응하는 것은 리스크가 있을 것으로 예상되어 AS 장비를 의원에 제공 및 기존 셋탑은 회수하여 상세 점검하고자 합니다 / 하여, 아래와 같이 HNID 에 셋탑 교체일정 확보 및 HW 점검 관련 메일을 전달할 예정으로, 관련하여 피드백 주시면 반영하여 전달하도록 하겠습니다",in_progress,low,"안녕하세요, 사업기획팀 최미선입니다 . 김영소아청소년과의원 / 루원튼튼의원 FU 사항 보고드립니다 . 위 2 처 ‘ 흰 화면 노출증상 ’ 관련하여 SW /HW 이슈 등 원인이 불명확하여 ‘AS 용 셋탑으로 교체 진행 ( 유비케어 출장비 부담 )’ 우선 대응하고자 합니다 . 타 의원에서 ‘ 흰 화면 ’ 증상 인입되고 있어 모바일페이개발팀에서 공동원격 통해 점검 진행 예정이며, 원인이 불명확 상태에서 UB 에서 전액 비용 부담 통해 대응하는 것은 리스크가 있을 것으로 예상되어 AS 장비를 의원에 제공 및 기존 셋탑은 회수하여 상세 점검하고자 합니다 . 하여, 아래와 같이 HNID 에 셋탑 교체일정 확보 및 HW 점검 관련 메일을 전달할 예정으로, 관련하여 피드백 주시면 반영하여 전달하도록 하겠습니다","안녕하세요, 사업기획팀 최미선입니다 . 김영소아청소년과의원 / 루원튼튼의원 FU 사항 보고드립니다 . 위 2 처 ‘ 흰 화면 노출증상 ’ 관련하여 SW /HW 이슈 등 원인이 불명확하여 ‘AS 용 셋탑으로 교체 진행 ( 유비케어 출장비 부담 )’ 우선 대응하고자 합니다 . 타 의원에서 ‘ 흰 화면 ’ 증상 인입되고 있어 모바일페이개발팀에서 공동원격 통해 점검 진행 예정이며, 원인이 불명확 상태에서 UB 에서 전액 비용 부담 통해 대응하는 것은 리스크가 있을 것으로 예상되어 AS 장비를 의원에 제공 및 기존 셋탑은 회수하여 상세 점검하고자 합니다 . 하여, 아래와 같이 HNID 에 셋탑 교체일정 확보 및 HW 점검 관련 메일을 전달할 예정으로, 관련하여 피드백 주시면 반영하여 전달하도록 하겠습니다",최종 상태가 resolved가 아님,medium,,,,,,,,,,
clinic_case,37901,7,37901-007,cust:37901,김영소아청소년과,37901,11,3,247026c3c7c93b89763d9ab503beb8b3b71f335c,hardware,network_connection,네트워크/IP,[유비케어] 의사랑 키오스크 셋탑 교체 일정 확보 및 비용 부담 관련 회신 件,2025-04-07 18:24,2025-04-07 18:24,1,TRUE,resolved,"{""ubcare"": 1}","[네트워크/IP] 누설 전류 처리가 되지 않는 환경에서 사용 불가한지 문의드립니다 최신 대응: ( 네트워크 링크분리 / IP& 호스트명 중복 등 ) 유비케어에서 정확한 원인 파악을 위해 다음 배포에서 링크 분리가 발생하는 기기에 대한 로그 수집을 진행할 예정이며 키오스크 SW 는 정상 구성 / 작동하는 HW 환경 상에서 작동되는 것을 전제로 하기에, 해당 장애가 발생하는 기기에 대해 사전 모니터링 및 선조치 ( 교체 or 점검 ) 가능한지 검토 부탁드립니다 / 제조사 교체 가능한 일정 우선 확보 후 전달주시면 현장 방문 가능한 의사랑 담당자 배정 후 공유",누설 전류 처리가 되지 않는 환경에서 사용 불가한지 문의드립니다,"( 네트워크 링크분리 / IP& 호스트명 중복 등 ) 유비케어에서 정확한 원인 파악을 위해 다음 배포에서 링크 분리가 발생하는 기기에 대한 로그 수집을 진행할 예정이며 키오스크 SW 는 정상 구성 / 작동하는 HW 환경 상에서 작동되는 것을 전제로 하기에, 해당 장애가 발생하는 기기에 대해 사전 모니터링 및 선조치 ( 교체 or 점검 ) 가능한지 검토 부탁드립니다 / 제조사 교체 가능한 일정 우선 확보 후 전달주시면 현장 방문 가능한 의사랑 담당자 배정 후 공유",resolved,high,"안녕하세요, 유비케어 최미선입니다 . 김영소아청소년과의원 및 루원튼튼 365 의원 회신주신 내용 확인하였으며 아래와 같이 FU 요청드립니다 . 위 2 처 의원 AS 용 셋탑 장비로 교체 요청드리며, 출장비는 유비케어에서 부담하도록 하겠습니다 . 유비케어에서 이슈 관련 초기 인입 시, HNID 에 공유한 시점이 늦은 점 / 과거 이슈 이력 확인 ( 접지 / 누설 이슈 등 ) 등을 고려하여 HNID 에서 의견주신 것처럼 AS 용으로 부품 교체 통해 우선 대응하도록 하겠습니다 . 이슈 대응과 별개로, HNID 에 HW 이슈 점검 및 대응 방안 관련하여 아래와 같이 세 가지 추가 검토해주시길 요청드립니다 . 키오스크 검토 ( 장비 보완 / 점검 범위 등 ) 1. 문의: 키오스크 장비 보완 검토 ( 또는 대응안 확보 ) - 키오스크 스펙 상 접지 / 누설 전류 처리가 되지 않는 환경에서 사용 불가한지 문","안녕하세요, 유비케어 최미선입니다 . 김영소아청소년과의원 및 루원튼튼 365 의원 회신주신 내용 확인하였으며 아래와 같이 FU 요청드립니다 . 위 2 처 의원 AS 용 셋탑 장비로 교체 요청드리며, 출장비는 유비케어에서 부담하도록 하겠습니다 . 유비케어에서 이슈 관련 초기 인입 시, HNID 에 공유한 시점이 늦은 점 / 과거 이슈 이력 확인 ( 접지 / 누설 이슈 등 ) 등을 고려하여 HNID 에서 의견주신 것처럼 AS 용으로 부품 교체 통해 우선 대응하도록 하겠습니다 . 이슈 대응과 별개로, HNID 에 HW 이슈 점검 및 대응 방안 관련하여 아래와 같이 세 가지 추가 검토해주시길 요청드립니다 . 키오스크 검토 ( 장비 보완 / 점검 범위 등 ) 1. 문의: 키오스크 장비 보완 검토 ( 또는 대응안 확보 ) - 키오스크 스펙 상 접지 / 누설 전류 처리가 되지 않는 환경에서 사용 불가한지 문",GT 보강 시 재사용 가능,low,,,,,,,,,,
clinic_case,37901,8,37901-008,cust:37901,김영소아청소년과,37901,11,3,81997ae5f7cbe740d3b458ea75770f1edf8fef7c,hardware,device_replacement,장비교체,[사업기획팀] 의사랑 키오스크 AS용 셋탑 교체 위한 현장 지원 요청 件,2025-04-08 17:27,2025-04-08 17:27,1,TRUE,resolved,"{""ubcare"": 1}",[장비교체] ■ 의원 사용자번호 37901)_ (Full) 키오스크 대 사용 (AS 유상 1) 요청사항 키오스크 현장 방문 및 프로그램 의사랑 키오스크 설치 지원 2) 교체일자 11 ) 11: 00~ 의원 가능한 일정 우선 확보 후 문의드리는 점 너른 양해 부탁드립니다 최신 대응: 3) 요청사유: ① 키오스크 사용 도중 “ 흰 화면 노출 ” 증상 간헐적 발생에 따라 고객이 제품 사용 간 불편 증대 (3/19( 수 )~) ② 점검 과정 중 ‘ 네트워크 분리 ’ 영향으로 셋탑 교체 필요성 有 > ‘AS 용 셋탑 교체 ’ 통해 우선 대응 / 4) 현장 지원 가이드 구분 지원 내용 담당자 교체 기기 - 풀 (Full) 키오스크 2 대: AS 용 셋탑으로 교체 - 교체 일자 - 4 월 11 일 ( 금 ) 11: 00~ - 고객 안내 - 금일 진행 ,■ 의원 사용자번호 37901)_ (Full) 키오스크 대 사용 (AS 유상 1) 요청사항 키오스크 현장 방문 및 프로그램 의사랑 키오스크 설치 지원 2) 교체일자 11 ) 11: 00~ 의원 가능한 일정 우선 확보 후 문의드리는 점 너른 양해 부탁드립니다,3) 요청사유: ① 키오스크 사용 도중 “ 흰 화면 노출 ” 증상 간헐적 발생에 따라 고객이 제품 사용 간 불편 증대 (3/19( 수 )~) ② 점검 과정 중 ‘ 네트워크 분리 ’ 영향으로 셋탑 교체 필요성 有 > ‘AS 용 셋탑 교체 ’ 통해 우선 대응 / 4) 현장 지원 가이드 구분 지원 내용 담당자 교체 기기 - 풀 (Full) 키오스크 2 대: AS 용 셋탑으로 교체 - 교체 일자 - 4 월 11 일 ( 금 ) 11: 00~ - 고객 안내 - 금일 진행 ,resolved,medium,"안녕하세요, 사업기획팀 최미선입니다 . 김영소아청소년과의원 의사랑 키오스크 셋탑 교체 위한 현장 지원 요청드립니다 . ■ 김영소아청소년과의원 ( 사용자번호 37901)_ 풀 (Full) 키오스크 2 대 사용 (AS 유상 ) 1) 요청사항: 키오스크 현장 방문 및 프로그램 ( 의사랑 / 키오스크 ) 설치 지원 2) 교체일자: 4 월 11 일 ( 금 ) 11: 00~ ( 의원 가능한 일정 우선 확보 후 문의드리는 점 너른 양해 부탁드립니다 .) 3) 요청사유: ① 키오스크 사용 도중 “ 흰 화면 노출 ” 증상 간헐적 발생에 따라 고객이 제품 사용 간 불편 증대 (3/19( 수 )~) ② 점검 과정 중 ‘ 네트워크 분리 ’ 영향으로 셋탑 교체 필요성 有 > ‘AS 용 셋탑 교체 ’ 통해 우선 대응 4) 현장 지원 가이드 구분 지원 내용 담당자 교체 기기 - 풀 (Full) 키오스크 2 대: AS 용 ","안녕하세요, 사업기획팀 최미선입니다 . 김영소아청소년과의원 의사랑 키오스크 셋탑 교체 위한 현장 지원 요청드립니다 . ■ 김영소아청소년과의원 ( 사용자번호 37901)_ 풀 (Full) 키오스크 2 대 사용 (AS 유상 ) 1) 요청사항: 키오스크 현장 방문 및 프로그램 ( 의사랑 / 키오스크 ) 설치 지원 2) 교체일자: 4 월 11 일 ( 금 ) 11: 00~ ( 의원 가능한 일정 우선 확보 후 문의드리는 점 너른 양해 부탁드립니다 .) 3) 요청사유: ① 키오스크 사용 도중 “ 흰 화면 노출 ” 증상 간헐적 발생에 따라 고객이 제품 사용 간 불편 증대 (3/19( 수 )~) ② 점검 과정 중 ‘ 네트워크 분리 ’ 영향으로 셋탑 교체 필요성 有 > ‘AS 용 셋탑 교체 ’ 통해 우선 대응 4) 현장 지원 가이드 구분 지원 내용 담당자 교체 기기 - 풀 (Full) 키오스크 2 대: AS 용 ",GT 보강 시 재사용 가능,low,,,,,,,,,,
clinic_case,37901,9,37901-009,cust:37901,김영소아청소년과,37901,11,3,a5aa3908529994ac6a4e8f8b4db1814918284a2e,hardware,setup_configuration,설치/설정,[유비케어] 의사랑 키오스크 AS용 셋탑 교체 현장 지원 담당자 안내 件,2025-04-11 14:57,2025-04-16 13:58,2,TRUE,resolved,"{""ubcare"": 2}","[설치/설정] 현장에서 1번기기 전원 켜짐 불가로 추가 문의주셔 점검 해보니 최신 대응: 현장에서 1번기기 전원 켜짐 불가로 추가 문의주셔 점검 해보니 셋탑의 보조 전원 케이블 한 개가 접촉 불량 상태로 이상이 있던 것으로 예상되어 셋탑 케이블 교체가 필요했으나 부분 교체로는 진행되지 않아 1번기기 셋탑 재교체 진행했다고 합니다 / (비용 미발생) 1번기기의 경우 셋탑 교체한지 얼마 지나지 않아 케이블 불량이라는 부분이 의아하긴 하나 키오스크 위치 이동 과정에서 케이블이 빠지거나, 키오스크 사용 과정에서 케이블이 헐거워 접촉 불량이 발생할 가능성도 ",현장에서 1번기기 전원 켜짐 불가로 추가 문의주셔 점검 해보니,"현장에서 1번기기 전원 켜짐 불가로 추가 문의주셔 점검 해보니 셋탑의 보조 전원 케이블 한 개가 접촉 불량 상태로 이상이 있던 것으로 예상되어 셋탑 케이블 교체가 필요했으나 부분 교체로는 진행되지 않아 1번기기 셋탑 재교체 진행했다고 합니다 / (비용 미발생) 1번기기의 경우 셋탑 교체한지 얼마 지나지 않아 케이블 불량이라는 부분이 의아하긴 하나 키오스크 위치 이동 과정에서 케이블이 빠지거나, 키오스크 사용 과정에서 케이블이 헐거워 접촉 불량이 발생할 가능성도 ",resolved,medium,"안녕하세요, 매니저님. 에이치앤아이디지탈 김유미입니다. 금일 제조사 엔지니어 방문하여 키오스크(1) 셋탑 교체 완료하였습니다. 셋탑 교체와 함께 기기 내 전반적인 부품 점검도 진행되었으며, 육안상 특이사항은 확인되지 않았습니다. 이후 HNID에서 원격으로 하드웨어 기본 설정값을 점검하였으며, 2시 40분경 의원과 통화하여 현재까지는 문제 없이 정상 작동 중인 것을 확인하였습니다. 다만, 당분간은 추가적인 모니터링이 필요할 것으로 보입니다. 참고로 키오스크(2)는 차주 중 셋탑 교체 예정이오니 업무에 참고 부탁드립니다","안녕하세요 에이치앤아이디지탈 김유미입니다. 해당 의원 금일 2번기기 셋탑 교체 마쳤습니다. 현장에서 1번기기 전원 켜짐 불가로 추가 문의주셔 점검 해보니 셋탑의 보조 전원 케이블 한 개가 접촉 불량 상태로 이상이 있던 것으로 예상되어 셋탑 케이블 교체가 필요했으나 부분 교체로는 진행되지 않아 1번기기 셋탑 재교체 진행했다고 합니다. (비용 미발생) 1번기기의 경우 셋탑 교체한지 얼마 지나지 않아 케이블 불량이라는 부분이 의아하긴 하나 키오스크 위치 이동 과정에서 케이블이 빠지거나, 키오스크 사용 과정에서 케이블이 헐거워 접촉 불량이 발생할 가능성도 있다고해 내용 전달드리오니 참고 부탁드립니다",GT 보강 시 재사용 가능,low,,,,,,,,,,
clinic_case,37901,10,37901-010,cust:37901,김영소아청소년과,37901,11,3,4b0376c61b7e85f4716dd993b39c09e2e4046e83,network,network_other,네트워크 기타,FYI: 서대문연세이비인후과/김영소아청소년과 히스토리,2025-04-23 18:11,2025-04-23 18:11,1,FALSE,unknown,"{""ubcare"": 1}","[네트워크 기타] >From """" Fri Jan 10 13: 54: 01 2025 Received: from WSH-UBExg1.UBWare.com () by WSH-UBExg2.UBWare.com () with Microsoft SMTP Server (version=TLS1_2, cipher=TLS_ECDHE_RSA_WITH_AES 최신 대응: >From ""[EMAIL_REDACTED]"" Fri Jan 10 13: 54: 01 2025 Received: from WSH-UBExg1.UBWare.com ([IP_REDACTED]) by WSH-UBExg2.UBWare.com ([IP_REDACTED]) with Microsoft SMTP Server (version=TLS1_2, cipher=TLS_ECDHE_RSA_WITH_AES_256_G",">From """" Fri Jan 10 13: 54: 01 2025 Received: from WSH-UBExg1.UBWare.com () by WSH-UBExg2.UBWare.com () with Microsoft SMTP Server (version=TLS1_2, cipher=TLS_ECDHE_RSA_WITH_AES",">From ""[EMAIL_REDACTED]"" Fri Jan 10 13: 54: 01 2025 Received: from WSH-UBExg1.UBWare.com ([IP_REDACTED]) by WSH-UBExg2.UBWare.com ([IP_REDACTED]) with Microsoft SMTP Server (version=TLS1_2, cipher=TLS_ECDHE_RSA_WITH_AES_256_GCM_SHA",unknown,low,">From ""[EMAIL_REDACTED]"" Fri Jan 10 13: 54: 01 2025 Received: from WSH-UBExg1.UBWare.com ([IP_REDACTED]) by WSH-UBExg2.UBWare.com ([IP_REDACTED]) with Microsoft SMTP Server (version=TLS1_2, cipher=TLS_ECDHE_RSA_WITH_AES_256_GCM_SHA384) id 15.2.1544.11 via Mailbox Transport; Fri, 10 Jan 2025 13: 54: 02 +0900 Received: from WSH-UBExg2.UBWare.com ([IP_REDACTED]) by WSH-UBExg1.UBWare.com ([IP_REDACTED]) with Microsoft SMTP Server (version=TLS1_2, cip",">From ""[EMAIL_REDACTED]"" Fri Jan 10 13: 54: 01 2025 Received: from WSH-UBExg1.UBWare.com ([IP_REDACTED]) by WSH-UBExg2.UBWare.com ([IP_REDACTED]) with Microsoft SMTP Server (version=TLS1_2, cipher=TLS_ECDHE_RSA_WITH_AES_256_GCM_SHA384) id 15.2.1544.11 via Mailbox Transport; Fri, 10 Jan 2025 13: 54: 02 +0900 Received: from WSH-UBExg2.UBWare.com ([IP_REDACTED]) by WSH-UBExg1.UBWare.com ([IP_REDACTED]) with Microsoft SMTP Server (version=TLS1_2, cip",최종 상태가 resolved가 아님,high,,,,,,,,,,
clinic_case,37901,11,37901-011,cust:37901,김영소아청소년과,37901,11,3,c68a5176820ab75b18b6a21e50a69b670e4c4273,hardware,printer_output,프린터/출력,[통화요청] 키오스크 H/W 통화 요청의 件,2025-06-09 17:00,2025-06-10 17:23,5,TRUE,resolved,"{""ubcare"": 3, ""distributor"": 2}","[프린터/출력] 번 기기에서 프린터가 빨간불로 뜨고 처방전 출력이 안되고 있고 최신 대응: 금일 삼성 엔지니어 방문드려 부품 교체 진행하였습니다 / (트레이 롤러, 픽업 롤러) 해당 의원 재생토너 사용처로 정착기 마모 및 프린터 뒤 걸린 용지가 많아 정착기 교체도 같이 진행할 예정이나 현재 부품 수급 불가로 차주 수~금 중으로 재방문 예정이니 참고 부탁드립니다",번 기기에서 프린터가 빨간불로 뜨고 처방전 출력이 안되고 있고,"금일 삼성 엔지니어 방문드려 부품 교체 진행하였습니다 / (트레이 롤러, 픽업 롤러) 해당 의원 재생토너 사용처로 정착기 마모 및 프린터 뒤 걸린 용지가 많아 정착기 교체도 같이 진행할 예정이나 현재 부품 수급 불가로 차주 수~금 중으로 재방문 예정이니 참고 부탁드립니다",resolved,medium,안녕하세요 유비케어 병원고객팀 이윤지 매니저 입니다 . 키오스크 문의내역 전달드립니다 . 구분 내용 고객정보 상호명 김영소아청소년과 고객명 김영득 요양기관기호 34340602 문의자 이름 접수처 직원 연락 받으실 번호 01056586449 문의 내용 및 요청사항 - 요청사항: 키오스크 2 대 사용중이신데 2 대 모두 계속 키오스크화면이 흰색으로 변경되는 것 때문에 방문하셔서 어떤걸 교체하셔야 한다고 하시고 사용안내 받았었는데 현재 여전히 안된다고 하십니다 . 관련하여 점검 방문요청하셨습니다 . 통화 부탁드립니다 . 해당 내역으로 확인부 탁드립니다,"안녕하세요. 에이치앤아이디지탈 김하은입니다. 금일 삼성 엔지니어 방문드려 부품 교체 진행하였습니다. (트레이 롤러, 픽업 롤러) 해당 의원 재생토너 사용처로 정착기 마모 및 프린터 뒤 걸린 용지가 많아 정착기 교체도 같이 진행할 예정이나 현재 부품 수급 불가로 차주 수~금 중으로 재방문 예정이니 참고 부탁드립니다",GT 보강 시 재사용 가능,low,,,,,,,,,,
clinic_case,37917,1,37917-001,cust:37917,엠플러스의원,37917,1,0,6502e369f4c575a77cda5dc8499cd7acf0ca5f97,hardware,printer_output,프린터/출력,[통화요청] 키오스크 H/W 통화 요청의 件,2025-10-13 13:00,2025-10-13 16:24,4,TRUE,resolved,"{""distributor"": 3, ""ubcare"": 1}",[프린터/출력] 앞서 발송드린 메일의 메일 제목 상호명 오류로 제목 수정해서 다시 발송드립니다 최신 대응: 점검 결과 프린터 내부 카세트 위치가 밀려 있어 발생한 것으로 예상되어 조정 후 실제 환자 접수/수납 과정에서 정상 출력되는 점 확인 후 점검 마쳤습니다,앞서 발송드린 메일의 메일 제목 상호명 오류로 제목 수정해서 다시 발송드립니다,점검 결과 프린터 내부 카세트 위치가 밀려 있어 발생한 것으로 예상되어 조정 후 실제 환자 접수/수납 과정에서 정상 출력되는 점 확인 후 점검 마쳤습니다,resolved,high,앞서 발송드린 메일의 메일 제목 상호명 오류로 제목 수정해서 다시 발송드립니다 . 혼선을 드려서 죄송합니다 . 구분 내용 고객정보 상호명 엠플러스의원 고객명 송상현 요양기관기호 12393860 문의자 이름 원장님 연락 받으실 번호 [PHONE_REDACTED] 문의 내용 및 요청사항 - 이슈: 키오스크 프린터 용지부족으로 뜬다 하십니다 . 프린터 용지함 확인 및 트레이 열고 닫고 전원도 껐다 켜봤다 하셔도 동일하다고 합니다 . 점검 요청드립니다 . 해당 내역 확인 부탁드립니다,안녕하세요. 에이치앤아이디지탈 김하은입니다. 점검 결과 프린터 내부 카세트 위치가 밀려 있어 발생한 것으로 예상되어 조정 후 실제 환자 접수/수납 과정에서 정상 출력되는 점 확인 후 점검 마쳤습니다,GT 보강 시 재사용 가능,low,,,,,,,,,,
clinic_case,40088,1,40088-001,cust:40088,제일봄소아청소년과의원,40088,1,1,b737a890c25859b936688d10bbaf2d13e828c4b6,hardware,generic_check_request,점검/문의,FYI: [통화요청] 키오스크 H/W 통화 요청의 件,2025-04-10 15:35,2025-04-10 15:35,1,FALSE,in_progress,"{""ubcare"": 1}",[점검/문의] ㅋㅋㅋㅋㅋ 잊고있었다 최신 대응: ㅋㅋㅋㅋㅋ 잊고있었다 / 담당자 변경 안내를 안했다는 사실을,ㅋㅋㅋㅋㅋ 잊고있었다,ㅋㅋㅋㅋㅋ 잊고있었다 / 담당자 변경 안내를 안했다는 사실을,in_progress,low,ㅋㅋㅋㅋㅋ 잊고있었다 . 담당자 변경 안내를 안했다는 사실을,ㅋㅋㅋㅋㅋ 잊고있었다 . 담당자 변경 안내를 안했다는 사실을,최종 상태가 resolved가 아님; 이슈 요약 근거가 약함,high,,,,,,,,,,
clinic_case,4093,1,4093-001,cust:4093,웰빙수의원,4093,1,0,46004cd966aa580e9550dd10d09190921f0037dd,payment,payment_other,결제 기타,[통화요청][사업기획팀] 의사랑 키오스크 상담 요청의 건,2025-04-07 10:38,2025-04-07 10:38,1,FALSE,resolved,"{""ubcare"": 1}","[결제 기타] 할부금융 상품 없음 최신 대응: 풀 키오스크 730 만원 710 만원 일시불 상품만 해당 하프 키오스크 456 만 5 천원 430 만원 키오스크 상담 진행 위한 영업자료 첨부드리오니 확인하여 상담 부탁드리며, 상담 완료 / 후 진척 사항 공유 부탁드립니다",할부금융 상품 없음,"풀 키오스크 730 만원 710 만원 일시불 상품만 해당 하프 키오스크 456 만 5 천원 430 만원 키오스크 상담 진행 위한 영업자료 첨부드리오니 확인하여 상담 부탁드리며, 상담 완료 / 후 진척 사항 공유 부탁드립니다",resolved,high,"안녕하십니까, 사업기획팀 오창훈입니다 . 지난주 일요일 (4/6) 온라인 MKT 통해 인입된 의사랑 키오스크 상담 요청 내용 전달드립니다 . ■ 병의원 상담 문의 내용 1) 가격 (VAT 포함 ) ① 풀 (Full): 일시불 730 만원 / 할부 25.5 만원 (36 개월 ) ② 하프 (Half): 일시불 456.5 만원 (+ 하부장, 프린터 필요 시 별도 구매 ) / 할부금융 상품 없음 2) 할부 가능여부 금융사 연계 할부상품은 풀 KIOSK 에만 존재하나, 하프 KIOSK 경우에도 원장님 개인카드 등으로 할부결제 진행 가능합니다 . 3) 프로모션: 2025 년 4 월 내 계약 시, KIMES 프로모션 적용 가능 구분 정가 KIMES 프로모션가 비고 VAT 포함 VAT 포함 풀 키오스크 730 만원 710 만원 일시불 상품만 해당 하프 키오스크 456 만 5 천원 430 만원 키오스크 상담 진","안녕하십니까, 사업기획팀 오창훈입니다 . 지난주 일요일 (4/6) 온라인 MKT 통해 인입된 의사랑 키오스크 상담 요청 내용 전달드립니다 . ■ 병의원 상담 문의 내용 1) 가격 (VAT 포함 ) ① 풀 (Full): 일시불 730 만원 / 할부 25.5 만원 (36 개월 ) ② 하프 (Half): 일시불 456.5 만원 (+ 하부장, 프린터 필요 시 별도 구매 ) / 할부금융 상품 없음 2) 할부 가능여부 금융사 연계 할부상품은 풀 KIOSK 에만 존재하나, 하프 KIOSK 경우에도 원장님 개인카드 등으로 할부결제 진행 가능합니다 . 3) 프로모션: 2025 년 4 월 내 계약 시, KIMES 프로모션 적용 가능 구분 정가 KIMES 프로모션가 비고 VAT 포함 VAT 포함 풀 키오스크 730 만원 710 만원 일시불 상품만 해당 하프 키오스크 456 만 5 천원 430 만원 키오스크 상담 진",이슈 요약 근거가 약함,low,,,,,,,,,,
clinic_case,4183,1,4183-001,cust:4183,준소아청소년과의원,4183,2,0,b8395d426fc0f51929a8919e14c63a06bcaeb58f,software,payment_card_reader,카드결제/리더기,[통화요청] 키오스크 H/W 통화 요청의 件,2025-11-28 10:18,2025-12-01 13:18,4,TRUE,resolved,"{""ubcare"": 2, ""distributor"": 2}",[카드결제/리더기] 인식이 안되어 마그네틱 결제 유도 팝업만 발생하지만 긁어서 결제해도 인식이 잘되지 않는다고 하십니다 최신 대응: 금일 카드리더기 교체 진행하였습니다,인식이 안되어 마그네틱 결제 유도 팝업만 발생하지만 긁어서 결제해도 인식이 잘되지 않는다고 하십니다,금일 카드리더기 교체 진행하였습니다,resolved,medium,안녕하세요 . 유비케어 병원고객팀 장혜정입니다 . 키오스크 문의내역 전달드립니다 . 구분 내용 고객정보 상호명 준소아청소년과의원 고객명 최원준 요양기관번호 31370829 문의자 이름 원장 선생님 연락받으실 번호 [PHONE_REDACTED] 문의 내용 및 요청사항 - 이슈: 키오스크에서 카드 결제가 안된다고 합니다 . 카드 IC 인식이 안되어 마그네틱 결제 유도 팝업만 발생하지만 긁어서 결제해도 인식이 잘되지 않는다고 하십니다 . 키오스크 기기를 재부팅해도 증상 동일하여 H/W 점검 및 빠른통화 요청하셨습니다 . 관련하여 확인 부탁드립니다 . 가능한 빠른 통화 요청하셨습니다 . 해당 내역으로 확인 부 탁 드립니다,안녕하세요. 에이치앤아이디지탈 김하은입니다. 금일 카드리더기 교체 진행하였습니다,최종 조치 정보가 짧음,low,,,,,,,,,,
clinic_case,4183,2,4183-002,cust:4183,준소아청소년과의원,4183,2,0,03524c13a14e01684f86bf357dbb2cd8dae87374,hardware,generic_check_request,점검/문의,[통화요청] 키오스크 H/W 통화 요청의 件,2025-12-19 08:36,2025-12-19 13:17,6,TRUE,resolved,"{""distributor"": 4, ""ubcare"": 2}","[점검/문의] 금일 아침부터 키오스크 전원이 들어오지 않아 문의 주셨습니다. 전원선을 뽑았다가 다시 연결해보았으나 동일합니다 최신 대응: 금일 제조사 엔지니어가 방문하여 점검한 결과, 전원 케이블 옆 메인 스위치가 꺼져 있는 상태로 확인되어 스위치 ON으로 조치하였으며, 현재 정상 작동 중입니다",금일 아침부터 키오스크 전원이 들어오지 않아 문의 주셨습니다. 전원선을 뽑았다가 다시 연결해보았으나 동일합니다,"금일 제조사 엔지니어가 방문하여 점검한 결과, 전원 케이블 옆 메인 스위치가 꺼져 있는 상태로 확인되어 스위치 ON으로 조치하였으며, 현재 정상 작동 중입니다",resolved,high,안녕하세요 . 유비케어 병원고객팀 김초원입니다 . 키오스크 문의내역 전달드립니다 . 구분 내용 고객정보 상호명 준소아청소년과의원 고객명 최원준 요양기관기호 31370829 문의자 이름 접수선생님 연락 받으실 번호 [PHONE_REDACTED] 문의 내용 및 요청사항 - 이슈: 금일 아침부터 키오스크 전원이 들어오지 않아 문의 주셨습니다 . 전원선을 뽑았다가 다시 연결해보았으나 동일합니다 . 해당 내역으로 확인 부 탁 드립니다,"안녕하세요 에이치앤아이디지탈 김유미입니다. 금일 제조사 엔지니어가 방문하여 점검한 결과, 전원 케이블 옆 메인 스위치가 꺼져 있는 상태로 확인되어 스위치 ON으로 조치하였으며, 현재 정상 작동 중입니다",GT 보강 시 재사용 가능,medium,,,,,,,,,,
clinic_case,74905,1,74905-001,cust:74905,연세드림정형외과의원,74905,1,1,268bcc783e07b8b592a6682466f9854c18cf44fc,hardware,printer_output,프린터/출력,[통화요청] 키오스크 H/W 통화 요청의 件,2025-11-13 11:56,2025-11-13 14:20,2,TRUE,in_progress,"{""ubcare"": 1, ""distributor"": 1}","[프린터/출력] 용지 걸림 이슈로 출력 불가 증상 최신 대응: 해당 의원과 통화 결과, 원장님께서 자체 수리하셔 방문은 취소되었습니다",용지 걸림 이슈로 출력 불가 증상,"해당 의원과 통화 결과, 원장님께서 자체 수리하셔 방문은 취소되었습니다",in_progress,low,"안녕하세요 유비케어 병원고객팀 윤혜수입니다 . 키오스크 문의내역 전달드립니다 . 구분 내용 고객정보 상호명 연세드림정형외과의원 고객명 전인모 요양기관기호 41390628 문의자 이름 의원 직원 연락 받으실 번호 [PHONE_REDACTED] 문의 내용 및 요청사항 - 이슈: 용지 걸림 이슈로 출력 불가 증상 실제 걸린 용지 없음, 프린터 전원 재부팅해도 동일 오류 발생 해당 내역으로 확인 부 탁 드립니다","안녕하세요 에이치앤아이디지탈 김유미입니다. 해당 의원과 통화 결과, 원장님께서 자체 수리하셔 방문은 취소되었습니다",최종 상태가 resolved가 아님,medium,,,,,,,,,,
clinic_case,99742,1,99742-001,cust:99742,아이비소아청소년과의원,99742,1,0,8645cea6c3242f0ca891cbd0a1c0a8c21fe2b881,payment,payment_card_reader,카드결제/리더기,[통화요청] 키오스크 H/W 통화 요청의 件,2025-11-17 15:59,2025-11-20 15:32,3,TRUE,resolved,"{""distributor"": 2, ""ubcare"": 1}",[카드결제/리더기] : 키오스에서 카드 결제가 안된다고 합니다. ic 인식안되서 마그네틱 긁어 달라고해서 긁어도 안되고 최신 대응: 해당 의원 금일 제조사 엔지니어 방문하여 카드리더기 교체 완료하였습니다,: 키오스에서 카드 결제가 안된다고 합니다. ic 인식안되서 마그네틱 긁어 달라고해서 긁어도 안되고,해당 의원 금일 제조사 엔지니어 방문하여 카드리더기 교체 완료하였습니다,resolved,high,안녕하세요 유비케어 병원고객팀 유맑은입니다 . 키오스크 문의내역 전달드립니다 . 구분 내용 고객정보 상호명 아이비소아청소년과의원 고객명 김문섭 요양기관호 41336640 문의자 이름 접수실 선생님 연락 받으실 번호 [PHONE_REDACTED] 문의 내용 및 요청사항 - 이슈: 키오스에서 카드 결제가 안된다고 합니다. ic 인식안되서 마그네틱 긁어 달라고해서 긁어도 안되고 카드 여러번 닦아서 하면 잠깐 한두번 결제되고 다시 또 결제 안된다고 합니다. 단말기에서 카드 인식 못하는것 같다고 기사님 요청하셨습니다. 확인 부탁드립니다. 감사합니다. 해당 내역으로 확인 부 탁 드립니다,안녕하세요 에이치앤아이디지탈 김유미입니다. 해당 의원 금일 제조사 엔지니어 방문하여 카드리더기 교체 완료하였습니다,GT 보강 시 재사용 가능,low,,,,,,,,,,
clinic_case,99886,1,99886-001,cust:99886,도담소아청소년과의원,99886,1,0,afcb1495bd31fa8d5565f419497162bea67e2efa,hardware,printer_output,프린터/출력,[통화요청] 키오스크 H/W 통화 요청의 件,2026-01-09 09:48,2026-01-13 15:21,6,TRUE,resolved,"{""ubcare"": 3, ""distributor"": 3}","[프린터/출력] 키오스크에서 처방전 출력 시도시 프린터 기기에서 주황불 뜨시고 정상 인쇄안되신다 말씀하시며 점검요청하셨습니다 원격하여 프린터 스풀러 재시작 및 프린터 드라이버 재설치 등 조치 시도해보았으나 테스트 페이지 인쇄 시 드라이버 상태 오프라인으로 뜨시고 키오스크 프린터 점검 도구툴로 프린터 상태 점검시에는 용지걸림 상태메시지 확인됩니다 1/3일경에도 동일 증상있으셨다 말씀하시는 부분 확인 부탁드립니 최신 대응: 삼성 엔지니어 익일 방문 예정이었으나, 엔지니어 일정 앞당겨저 금일 방문하였습니다 / 용지 제거 후 정상 작동되어 철수하셨습니다",키오스크에서 처방전 출력 시도시 프린터 기기에서 주황불 뜨시고 정상 인쇄안되신다 말씀하시며 점검요청하셨습니다 원격하여 프린터 스풀러 재시작 및 프린터 드라이버 재설치 등 조치 시도해보았으나 테스트 페이지 인쇄 시 드라이버 상태 오프라인으로 뜨시고 키오스크 프린터 점검 도구툴로 프린터 상태 점검시에는 용지걸림 상태메시지 확인됩니다 1/3일경에도 동일 증상있으셨다 말씀하시는 부분 확인 부탁드립니,"삼성 엔지니어 익일 방문 예정이었으나, 엔지니어 일정 앞당겨저 금일 방문하였습니다 / 용지 제거 후 정상 작동되어 철수하셨습니다",resolved,high,안녕하세요 . 유비케어 병원고객팀 김성우입니다. 키오스크 문의내역 전달드립니다. 구분 내용 고객정보 상호명 도담소아청소년과의원 고객명 이혁 요양기관기호 35322641 문의자 이름 여자 직원 연락 받으실 번호 [PHONE_REDACTED] 문의 내용 및 요청사항 - 이슈: 키오스크에서 처방전 출력 시도시 프린터 기기에서 주황불 뜨시고 정상 인쇄안되신다 말씀하시며 점검요청하셨습니다 원격하여 프린터 스풀러 재시작 및 프린터 드라이버 재설치 등 조치 시도해보았으나 테스트 페이지 인쇄 시 드라이버 상태 오프라인으로 뜨시고 키오스크 프린터 점검 도구툴로 프린터 상태 점검시에는 용지걸림 상태메시지 확인됩니다 1/3일경에도 동일 증상있으셨다 말씀하시는 부분 확인 부탁드립니다. 해당 내역으로 확인 부 탁드립니다,"안녕하세요 에이치앤아이디지탈 김유미입니다. 삼성 엔지니어 익일 방문 예정이었으나, 엔지니어 일정 앞당겨저 금일 방문하였습니다. 점검 결과, 2단 급지함에 용지가 걸려있었다고 합니다. 용지 제거 후 정상 작동되어 철수하셨습니다. - 비용: 42, 500원 발생(출장비, 수리비 포함)",GT 보강 시 재사용 가능,low,,,,,,,,,,
clinic_case,병원,1,병원-001,name:병원,병원,,2,2,422c8ae1a760bebd6a393db703bb25385070a499,payment,generic_check_request,점검/문의,[통화요청] 키오스크 H/W 통화 요청의 件,2025-11-25 10:12,2025-11-25 10:12,1,FALSE,in_progress,"{""ubcare"": 1}",[점검/문의] 벗이비인후과 광명점이고 키오스크3번 자리에서 결제가 안된다고 하십니다 최신 대응: 벗이비인후과 광명점이고 키오스크3번 자리에서 결제가 안된다고 하십니다,벗이비인후과 광명점이고 키오스크3번 자리에서 결제가 안된다고 하십니다,벗이비인후과 광명점이고 키오스크3번 자리에서 결제가 안된다고 하십니다,in_progress,low,안녕하세요. 유비케어 병원고객팀 장유나입니다. 벗이비인후과 광명점이고 키오스크3번 자리에서 결제가 안된다고 하십니다. 감사합니다,안녕하세요. 유비케어 병원고객팀 장유나입니다. 벗이비인후과 광명점이고 키오스크3번 자리에서 결제가 안된다고 하십니다. 감사합니다,최종 상태가 resolved가 아님,high,,,,,,,,,,
clinic_case,병원,2,병원-002,name:병원,병원,,2,2,061d41c968dc6bfd87903b2018f572975d52a554,hardware,payment_card_reader,카드결제/리더기,[통화요청] 키오스크 H/W 점검 요청의 件,2025-11-28 10:47,2025-11-28 10:47,1,TRUE,in_progress,"{""ubcare"": 1}",[카드결제/리더기] 벗이비인후과(광명점) 3번 키오스크 카드리더기 인식 문제로 인하여 이전에 출장/교체 비용 안내받으셨고 측에서 출장점검 요청하셨습니다 관련하여 확인 부탁드립니다 최신 대응: 구분 내용 고객정보 상호명 벗이비인후과 고객명 곽희붕 요양기관번호 41332946 문의자 이름 병원측 선생님 연락받으실 번호 [PHONE_REDACTED] 문의 내용 및 요청사항 - 이슈: 벗이비인후과(광명점) 3번 키오스크 카드리더기 인식 문제로 인하여 이전에 출장/교체 비용 안내받으셨고 병원 측에서 출장점검 요청하셨습니다 / 해당 내역으로 확인 부 탁 드립니다,벗이비인후과(광명점) 3번 키오스크 카드리더기 인식 문제로 인하여 이전에 출장/교체 비용 안내받으셨고 측에서 출장점검 요청하셨습니다 관련하여 확인 부탁드립니다,구분 내용 고객정보 상호명 벗이비인후과 고객명 곽희붕 요양기관번호 41332946 문의자 이름 병원측 선생님 연락받으실 번호 [PHONE_REDACTED] 문의 내용 및 요청사항 - 이슈: 벗이비인후과(광명점) 3번 키오스크 카드리더기 인식 문제로 인하여 이전에 출장/교체 비용 안내받으셨고 병원 측에서 출장점검 요청하셨습니다 / 해당 내역으로 확인 부 탁 드립니다,in_progress,low,안녕하세요 . 유비케어 병원고객팀 김성우입니다 . 키오스크 문의내역 전달드립니다 . 구분 내용 고객정보 상호명 벗이비인후과 고객명 곽희붕 요양기관번호 41332946 문의자 이름 병원측 선생님 연락받으실 번호 [PHONE_REDACTED] 문의 내용 및 요청사항 - 이슈: 벗이비인후과(광명점) 3번 키오스크 카드리더기 인식 문제로 인하여 이전에 출장/교체 비용 안내받으셨고 병원 측에서 출장점검 요청하셨습니다 관련하여 확인 부탁드립니다. 해당 내역으로 확인 부 탁 드립니다,안녕하세요 . 유비케어 병원고객팀 김성우입니다 . 키오스크 문의내역 전달드립니다 . 구분 내용 고객정보 상호명 벗이비인후과 고객명 곽희붕 요양기관번호 41332946 문의자 이름 병원측 선생님 연락받으실 번호 [PHONE_REDACTED] 문의 내용 및 요청사항 - 이슈: 벗이비인후과(광명점) 3번 키오스크 카드리더기 인식 문제로 인하여 이전에 출장/교체 비용 안내받으셨고 병원 측에서 출장점검 요청하셨습니다 관련하여 확인 부탁드립니다. 해당 내역으로 확인 부 탁 드립니다,최종 상태가 resolved가 아님,medium,,,,,,,,,,
clinic_case,병원고객팀,1,병원고객팀-001,name:병원고객팀,병원고객팀,,2,1,e8a09a2b9d7f2a9e3561c702fd0885175434d31c,software,software_update_or_log,SW업데이트/로그,(긴급)[병원고객팀] 키오스크 오류 확인 요청,2025-10-21 09:42,2025-10-21 09:42,1,FALSE,in_progress,"{""ubcare"": 1}","[SW업데이트/로그] (긴급) 키오스크 오류 확인 요청 최신 대응: 현재 30 분간 100 건 수준 서비스 응대인데 키오스크가 10 처 이상 동일 증상 접수되고 있습니다 / 저희도 원격으로 원인과 임시 방법 확인중이나, 시간이 소요되고 있으니 동시에 확인 부탁드립니다",(긴급) 키오스크 오류 확인 요청,"현재 30 분간 100 건 수준 서비스 응대인데 키오스크가 10 처 이상 동일 증상 접수되고 있습니다 / 저희도 원격으로 원인과 임시 방법 확인중이나, 시간이 소요되고 있으니 동시에 확인 부탁드립니다",in_progress,low,"안녕하세요 . 고재웅입니다 . 어제 업데이트 이후, 아래와 같이 창이 뜨면서 소리가 나고 있는 것 같습니다 . 현재 30 분간 100 건 수준 서비스 응대인데 키오스크가 10 처 이상 동일 증상 접수되고 있습니다 . 저희도 원격으로 원인과 임시 방법 확인중이나, 시간이 소요되고 있으니 동시에 확인 부탁드립니다","안녕하세요 . 고재웅입니다 . 어제 업데이트 이후, 아래와 같이 창이 뜨면서 소리가 나고 있는 것 같습니다 . 현재 30 분간 100 건 수준 서비스 응대인데 키오스크가 10 처 이상 동일 증상 접수되고 있습니다 . 저희도 원격으로 원인과 임시 방법 확인중이나, 시간이 소요되고 있으니 동시에 확인 부탁드립니다",최종 상태가 resolved가 아님; 최종 조치가 예정/요청 단계로 보임,high,,,,,,,,,,
clinic_case,병원고객팀,2,병원고객팀-002,name:병원고객팀,병원고객팀,,2,1,f366c02c338099b6e4f49782587d112e2220abd6,hardware,printer_output,프린터/출력,[병원고객팀]키오스크 출력 및 설정 관련 문의 건,2026-01-15 13:36,2026-01-15 13:36,1,TRUE,resolved,"{""ubcare"": 1}","[프린터/출력] 우선 토너관련 이슈는 아직 배포 일정이 확정되지는 않았습니다 최신 대응: à 정상적으로 인쇄가 되는 경우도 있는 것으로 보아 연결방식이나 데이터의 문제는 아닌 것으로 보입니다 / 보니 우선 기존 문제가 있는 부분 ( 셋탑 교체, 허브제거 ) 을 조치하고 이후에 프린터 점검을 진행하는 것이 좋겠습니다",우선 토너관련 이슈는 아직 배포 일정이 확정되지는 않았습니다,"à 정상적으로 인쇄가 되는 경우도 있는 것으로 보아 연결방식이나 데이터의 문제는 아닌 것으로 보입니다 / 보니 우선 기존 문제가 있는 부분 ( 셋탑 교체, 허브제거 ) 을 조치하고 이후에 프린터 점검을 진행하는 것이 좋겠습니다",resolved,high,"안녕하세요, 병원부가개발팀 정웅기입니다 . 우선 토너관련 이슈는 아직 배포 일정이 확정되지는 않았습니다 . 다만 이번 문의주신 건의 경우는 토너 잔량 확인과는 관계 없는 것으로 보입니다 . 로그 확인결과는 아래와 같습니다 . 프린터 상태확인을 위한 연결 실패 로그 확인 ( 토너체크 아님 ) à 이 건은 토너체크와 달리 프린터가 실제 사용 불가한 상태일 수 있어 인쇄를 막아야 할 것으로 보입니다 . à 셋탑이 아니라 프린터 문제일 수도 있습니다 . à 정상적으로 인쇄가 되는 경우도 있는 것으로 보아 연결방식이나 데이터의 문제는 아닌 것으로 보입니다 . 프린터 드라이버 설치상태 확인 à 일반적으로 universal printer driver 로 설치하면 아래와 같은 모델명이 아닌 아이피가 포함된 이름으로 인식됩니다 . ( 아래 로그는 인쇄 성공으로 보이긴 합니다 ) 해당 모델의 전용 드라이버를 사용","안녕하세요, 병원부가개발팀 정웅기입니다 . 우선 토너관련 이슈는 아직 배포 일정이 확정되지는 않았습니다 . 다만 이번 문의주신 건의 경우는 토너 잔량 확인과는 관계 없는 것으로 보입니다 . 로그 확인결과는 아래와 같습니다 . 프린터 상태확인을 위한 연결 실패 로그 확인 ( 토너체크 아님 ) à 이 건은 토너체크와 달리 프린터가 실제 사용 불가한 상태일 수 있어 인쇄를 막아야 할 것으로 보입니다 . à 셋탑이 아니라 프린터 문제일 수도 있습니다 . à 정상적으로 인쇄가 되는 경우도 있는 것으로 보아 연결방식이나 데이터의 문제는 아닌 것으로 보입니다 . 프린터 드라이버 설치상태 확인 à 일반적으로 universal printer driver 로 설치하면 아래와 같은 모델명이 아닌 아이피가 포함된 이름으로 인식됩니다 . ( 아래 로그는 인쇄 성공으로 보이긴 합니다 ) 해당 모델의 전용 드라이버를 사용",GT 보강 시 재사용 가능,low,,,,,,,,,,
clinic_case,선이비인후과,1,선이비인후과-001,name:선이비인후과,선이비인후과,,1,1,78d9dfcab7efbda63f0ab0b6cab7e673e6d18013,hardware,generic_check_request,점검/문의,[통화요청] 키오스크 H/W 통화 요청의 件,2025-04-09 09:40,2025-04-09 09:40,1,TRUE,in_progress,"{""ubcare"": 1}",[점검/문의] ( 점검 불필요 최신 대응: 선이비인후과 재인입 내용 공유드립니다 / ( 점검 불필요,( 점검 불필요,선이비인후과 재인입 내용 공유드립니다 / ( 점검 불필요,in_progress,low,"안녕하세요, 유비케어 최미선입니다 . 선이비인후과 재인입 내용 공유드립니다 . 업무에 참고 부탁드립니다 .( 점검 불필요 )","안녕하세요, 유비케어 최미선입니다 . 선이비인후과 재인입 내용 공유드립니다 . 업무에 참고 부탁드립니다 .( 점검 불필요 )",최종 상태가 resolved가 아님; 이슈 요약 근거가 약함,high,,,,,,,,,,
clinic_case,신통가정의학과,1,신통가정의학과-001,name:신통가정의학과,신통가정의학과,,1,0,d5b8b6857492dfd14031b78dae76ec9e79e12448,hardware,printer_output,프린터/출력,[통화요청] 키오스크 H/W 점검 요청의 件,2025-12-02 11:09,2025-12-12 09:47,5,TRUE,resolved,"{""distributor"": 3, ""ubcare"": 2}","[프린터/출력] 월 말 하프 키오스크 납품된 곳으로 키오스크 내장 스피커에 불량의 의심되어 최신 대응: 대리점 담당자분의 회신 지연으로 확인해보니, 일정 조율에 어려움이 있어 현재 12/16(화) 의원 점심시간에 방문하여 프로그램 재설치를 진행 하는 것으로 전달받았습니다 / 재설치 결과 및 후속 조치가 필요할 경우, 확인 후 다시 공유드리겠습니다",월 말 하프 키오스크 납품된 곳으로 키오스크 내장 스피커에 불량의 의심되어,"대리점 담당자분의 회신 지연으로 확인해보니, 일정 조율에 어려움이 있어 현재 12/16(화) 의원 점심시간에 방문하여 프로그램 재설치를 진행 하는 것으로 전달받았습니다 / 재설치 결과 및 후속 조치가 필요할 경우, 확인 후 다시 공유드리겠습니다",resolved,medium,"안녕하십니까, 운영기획팀 오창훈 매니저입니다 . 키오스크 H/W 점검 요청 전달드립니다 . l 고객명: 신통가정의학과 ( 요양기관번호 38347725) l 연락처: 대표번호 [PHONE_REDACTED] l 이슈 상세: 25 년 10 월 말 하프 키오스크 납품된 곳으로 키오스크 내장 스피커에 불량의 의심되어 ( 웅웅거리는 소음 발생, 음량 작음 ) 대리점 담당자 통해 인입되었습니다 . HW 점검 및 대응 부탁드립니다","안녕하세요. 오창훈 매니저님 에이치앤아이디지탈 선자람입니다. 해당 의원의 진행사항 공유드립니다. 대리점 담당자분의 회신 지연으로 확인해보니, 일정 조율에 어려움이 있어 현재 12/16(화) 의원 점심시간에 방문하여 프로그램 재설치를 진행 하는 것으로 전달받았습니다. 재설치 결과 및 후속 조치가 필요할 경우, 확인 후 다시 공유드리겠습니다",GT 보강 시 재사용 가능,low,,,,,,,,,,
clinic_case,연세이동훈피부과,1,연세이동훈피부과-001,name:연세이동훈피부과,연세이동훈피부과,,1,1,aae45af3b4eaf4ba988b2e492fa34c0ee58c92eb,payment,payment_other,결제 기타,[플러스CRM] 문자메시지 중복 발송관련,2025-11-28 06:01,2025-11-28 06:01,1,FALSE,unknown,"{""external"": 1}",[결제 기타] 케이컨셉 고재학입니다 최신 대응: 케이컨셉 고재학입니다 / 연세이동훈피부과 담당자님께 연락하여 확인한 결과 해당의원에서 별도의 추가적인 이슈사항은 없는것으로 답변받았습니다,케이컨셉 고재학입니다,케이컨셉 고재학입니다 / 연세이동훈피부과 담당자님께 연락하여 확인한 결과 해당의원에서 별도의 추가적인 이슈사항은 없는것으로 답변받았습니다,unknown,low,안녕하십니까. 케이컨셉 고재학입니다. 연세이동훈피부과 담당자님께 연락하여 확인한 결과 해당의원에서 별도의 추가적인 이슈사항은 없는것으로 답변받았습니다. 감사합니다,안녕하십니까. 케이컨셉 고재학입니다. 연세이동훈피부과 담당자님께 연락하여 확인한 결과 해당의원에서 별도의 추가적인 이슈사항은 없는것으로 답변받았습니다. 감사합니다,최종 상태가 resolved가 아님; 이슈 요약 근거가 약함,high,,,,,,,,,,
clinic_case,의원,1,의원-001,name:의원,의원,,1,1,37389e434d84e6e15d488e0455c99c2e9afb5ab0,payment,payment_card_reader,카드결제/리더기,[통화요청] 키오스크 H/W 통화 요청의 件,2025-11-25 09:47,2025-11-25 09:47,1,TRUE,in_progress,"{""ubcare"": 1}","[카드결제/리더기] <p class=""MsoNormal"" style=""margin: 0cm; font-family: ""맑은 고딕""; font-size: 11pt; line-height: 23.4667px; color: rgb(51, 51, 최신 대응: 하기 의원 어제부터 결제가 진행되지 않는 증상으로 점검 요청 드립니다 / 파란점등 나오는것 확인했고 키오스크 재부팅해도 동일합니다","<p class=""MsoNormal"" style=""margin: 0cm; font-family: ""맑은 고딕""; font-size: 11pt; line-height: 23.4667px; color: rgb(51, 51,",하기 의원 어제부터 결제가 진행되지 않는 증상으로 점검 요청 드립니다 / 파란점등 나오는것 확인했고 키오스크 재부팅해도 동일합니다,in_progress,low,"안녕하세요, 유비케어 병원고객팀 장유나입니다. 하기 의원 어제부터 결제가 진행되지 않는 증상으로 점검 요청 드립니다. 구분 내용 고객정보 상호명 벗이비인후과 고객명 곽희붕 요양기관기호 41332946 문의자 이름 원무과 연락 받으실 번호 [PHONE_REDACTED] /[PHONE_REDACTED] 문의 내용 및 요청사항 - 이슈: 어제 부터 키오스크 결제 시도 시 카드인식이 되지 않음 - 증상: 수납시 사용할수 없는 카드라고 나오며 결제 안됩니다. 파란점등 나오는것 확인했고 키오스크 재부팅해도 동일합니다. 확인 부탁드립니다. 해당 내역으로 확인 부 탁 드립니다. 이상입니다. 장유나드림","안녕하세요, 유비케어 병원고객팀 장유나입니다. 하기 의원 어제부터 결제가 진행되지 않는 증상으로 점검 요청 드립니다. 구분 내용 고객정보 상호명 벗이비인후과 고객명 곽희붕 요양기관기호 41332946 문의자 이름 원무과 연락 받으실 번호 [PHONE_REDACTED] /[PHONE_REDACTED] 문의 내용 및 요청사항 - 이슈: 어제 부터 키오스크 결제 시도 시 카드인식이 되지 않음 - 증상: 수납시 사용할수 없는 카드라고 나오며 결제 안됩니다. 파란점등 나오는것 확인했고 키오스크 재부팅해도 동일합니다. 확인 부탁드립니다. 해당 내역으로 확인 부 탁 드립니다. 이상입니다. 장유나드림",최종 상태가 resolved가 아님; 최종 조치가 예정/요청 단계로 보임,high,,,,,,,,,,
clinic_case,의원불명,1,의원불명-001,name:의원불명,의원 불명,,1,0,e61e869225fa55b685b466a0e72476f09cbf3aeb,hardware,printer_output,프린터/출력,[통화요청] 의사랑 담당자 키오스크 셋팅 문의,2026-01-15 13:32,2026-01-15 13:32,1,TRUE,resolved,"{""distributor"": 1}",[프린터/출력] 4. 위 사항들을 모두 확인하였음에도 불구하고 프린터 인식이 되지 않을 경우에는 제조사 엔지니어 방문이 필요할 수 있습니다 최신 대응: 의원 키오스크 PC의 인터넷 연결 상태 확인 바탕화면 우측 하단 날짜/시간 옆에 있는 모니터 아이콘(네트워크)이 정상 연결로 표시되는지 확인 부탁드립니다 / 프린터 네트워크 연결 시 IP 주소가 172.xxx.xxx.xxx 대역으로 정상 설정되어 있는지도 함께 확인 부탁드립니다,4. 위 사항들을 모두 확인하였음에도 불구하고 프린터 인식이 되지 않을 경우에는 제조사 엔지니어 방문이 필요할 수 있습니다,의원 키오스크 PC의 인터넷 연결 상태 확인 바탕화면 우측 하단 날짜/시간 옆에 있는 모니터 아이콘(네트워크)이 정상 연결로 표시되는지 확인 부탁드립니다 / 프린터 네트워크 연결 시 IP 주소가 172.xxx.xxx.xxx 대역으로 정상 설정되어 있는지도 함께 확인 부탁드립니다,resolved,high,"안녕하세요 에이치앤아이디지탈 김유미입니다. 보내주신 담당자 연락처로 전화드렸으나 연결이 되지 않아, 우선적으로 확인 가능하신 부분 먼저 안내드립니다. 담당자와 통화가 되신다면 아래 내용 전달 부탁드립니다. [확인사항] 1. 의원 키오스크 PC의 인터넷 연결 상태 확인 바탕화면 우측 하단 날짜/시간 옆에 있는 모니터 아이콘(네트워크)이 정상 연결로 표시되는지 확인 부탁드립니다. → 아래 이미지와 같이 정상 연결로 표시될 경우, 인터넷 자체에는 문제가 없는 상태입니다. 2. 1/13(화)에 전달드린 [삼성 프린터 드라이버 재설치 가이드] 기준으로 드라이버 재설치가 진행되었는지 확인 부탁드립니다. 3. 프린터 네트워크 연결 시 IP 주소가 172.xxx.xxx.xxx 대역으로 정상 설정되어 있는지도 함께 확인 부탁드립니다. 4. 위 사항들을 모두 확인하였음에도 불구하고 프린터 인식이 되지 않을 경우에","안녕하세요 에이치앤아이디지탈 김유미입니다. 보내주신 담당자 연락처로 전화드렸으나 연결이 되지 않아, 우선적으로 확인 가능하신 부분 먼저 안내드립니다. 담당자와 통화가 되신다면 아래 내용 전달 부탁드립니다. [확인사항] 1. 의원 키오스크 PC의 인터넷 연결 상태 확인 바탕화면 우측 하단 날짜/시간 옆에 있는 모니터 아이콘(네트워크)이 정상 연결로 표시되는지 확인 부탁드립니다. → 아래 이미지와 같이 정상 연결로 표시될 경우, 인터넷 자체에는 문제가 없는 상태입니다. 2. 1/13(화)에 전달드린 [삼성 프린터 드라이버 재설치 가이드] 기준으로 드라이버 재설치가 진행되었는지 확인 부탁드립니다. 3. 프린터 네트워크 연결 시 IP 주소가 172.xxx.xxx.xxx 대역으로 정상 설정되어 있는지도 함께 확인 부탁드립니다. 4. 위 사항들을 모두 확인하였음에도 불구하고 프린터 인식이 되지 않을 경우에",GT 보강 시 재사용 가능,low,,,,,,,,,,
clinic_case,의원특정X,1,의원특정X-001,name:의원특정x,의원특정 X,,1,0,79ad152648cefc0df7fa44e8f84780c5e180ff06,hardware,printer_output,프린터/출력,"[유비케어] 키오스크 토너 부족 알림 관련, 배포 연관 가능성 검토의 건",2025-12-09 16:51,2025-12-10 08:32,2,TRUE,resolved,"{""ubcare"": 2}","[프린터/출력] 의사랑 하프 키오스크 지정프린터 미사용하는 의원에서 지정프린터 옵션 선택 시 발생하는 토너 부족 메시지 관련 하기 HNID 질의사항에 대해 간략하게 설명 주시면 활용하여 답변 진행할 수 있도록 하겠습니다 최신 대응: 인식불량 / 단순 설정오류 ) n 잔량체크 요청 미응답 ( 프린터 통신실패인지, 프린터의 단순 응답지연인지는 확인 불가 ) 결론적으로 최근 배포건과 통신이슈는 무관합니다 / 한들 모델 교체 이외에 개선이 불가능한 영역으로 보여 이 문제에 집중하는 건 빠른 해결책이 되지 않을 듯 합니다",의사랑 하프 키오스크 지정프린터 미사용하는 의원에서 지정프린터 옵션 선택 시 발생하는 토너 부족 메시지 관련 하기 HNID 질의사항에 대해 간략하게 설명 주시면 활용하여 답변 진행할 수 있도록 하겠습니다,"인식불량 / 단순 설정오류 ) n 잔량체크 요청 미응답 ( 프린터 통신실패인지, 프린터의 단순 응답지연인지는 확인 불가 ) 결론적으로 최근 배포건과 통신이슈는 무관합니다 / 한들 모델 교체 이외에 개선이 불가능한 영역으로 보여 이 문제에 집중하는 건 빠른 해결책이 되지 않을 듯 합니다",resolved,high,"안녕하십니까, 운영기획팀 오창훈 매니저입니다 . 의사랑 하프 키오스크, 지정프린터 미사용하는 의원에서 ‘ 지정프린터 ’ 옵션 선택 시 발생하는 토너 부족 메시지 관련 하기 HNID 질의사항에 대해 간략하게 설명 주시면 활용하여 답변 진행할 수 있도록 하겠습니다","안녕하세요, 모바일페이개발팀 정웅기입니다 . 아래 문의주신 사항 답변 드립니다 . 토너부족 문구 발생 관련 토너 부족 문구는 인쇄 전, 지정수준 이상의 토너 잔량이 있는 지 확인하는 과정에서 발생합니다 . n 토너 잔량이 5% 이하인 경우 n 잔량 체크에 실패한 경우 ( 연결실패 / 프린터 무응답 등 모든 실패 케이스 ) 잔량 체크의 목적은 “ 인쇄물의 일관된 품질을 보장하기 위함 ” 입니다 . 다만 아래의 착안점이 있습니다 . n 5% 가 아니라 0% 여도 인쇄가 잘 되는 경우가 있음 ( 프린터 자체의 표기 잔량 대비 버퍼가 있는 것으로 추정 ) n 토너 부족 상태여도 인쇄 요청을 프린터로 넘길 수 있고, 인쇄를 시도함 이렇다 보니, 종종 “ 토너가 남아있고 인쇄도 되는데 왜 키오스크만 안된다고 하냐 ” 라는 류의 문의가 들어오는 경우가 있었습니다 . 최근 확인했던 인쇄관련 이슈는 모두 다음 ",GT 보강 시 재사용 가능,low,,,,,,,,,,
clinic_case,일신소아청소년과의원,1,일신소아청소년과의원-001,name:일신소아청소년과의원,일신소아청소년과의원,,1,0,1244b66473445e5f3dad7d25a145fcc475e91661,payment,payment_card_reader,카드결제/리더기,[통화요청] 키오스크 H/W 통화 요청의 件,2025-08-21 13:53,2025-08-21 14:52,2,TRUE,resolved,"{""ubcare"": 1, ""distributor"": 1}","[카드결제/리더기] 카드 인식이될 때 마그네틱으로 결제 시도 하는 경우 마그네틱은 전부 결제 실패된다고 하십니다 최신 대응: 해당 의원 원격으로 KSCAT 업데이트를진행하였으며, 현장에 있는 의사랑 담당자를 통해 정상 작동 되는 점 확인하였습니다 / 참고 부탁드립니다",카드 인식이될 때 마그네틱으로 결제 시도 하는 경우 마그네틱은 전부 결제 실패된다고 하십니다,"해당 의원 원격으로 KSCAT 업데이트를진행하였으며, 현장에 있는 의사랑 담당자를 통해 정상 작동 되는 점 확인하였습니다 / 참고 부탁드립니다",resolved,high,안녕하세요 유비케어 병원고객팀 홍민영매니저 입니다 . 키오스크 문의내역 전달드립니다 . 구분 내용 고객정보 상호명 일신소아청소년과의원 고객명 임호윤 요양기관기호 21356301 문의자 이름 의사랑 지역 담당자 연락 받으실 번호 [PHONE_REDACTED] 문의 내용 및 요청사항 - 이슈: 키오스크 ic 카드 인식이될 때 마그네틱으로 결제 시도 하는 경우 마그네틱은 전부 결제 실패된다고 하십니다 . 지역 담당자 분 한테 인입된 건으로 확인 부탁드립니다,"안녕하세요 에이치앤아이디지탈 김유미입니다. 해당 의원 원격으로 KSCAT 업데이트를진행하였으며, 현장에 있는 의사랑 담당자를 통해 정상 작동 되는 점 확인하였습니다. 참고 부탁드립니다",GT 보강 시 재사용 가능,low,,,,,,,,,,
clinic_case,판교서울이비인후과의원,1,판교서울이비인후과의원-001,name:판교서울이비인후과의원,판교서울이비인후과의원,,1,1,a59966757cc638f0928355975060bab0207b838b,hardware,printer_output,프린터/출력,[통화요청] 키오스크 H/W 통화 요청의 件,2025-09-10 10:26,2025-09-10 14:05,4,TRUE,in_progress,"{""ubcare"": 3, ""distributor"": 1}","[프린터/출력] 병원 정전 이후 키오스크 프린터 출력 안됨 최신 대응: 매뉴얼 첨부 누락되어, 파일 첨부후 메일 재 송부 드립니다",병원 정전 이후 키오스크 프린터 출력 안됨,"매뉴얼 첨부 누락되어, 파일 첨부후 메일 재 송부 드립니다",in_progress,low,안녕하세요 유비케어 병원고객팀 장혜정입니다 . 키오스크 문의내역 전달드립니다 . 구분 내용 고객정보 상호명 판교서울이비인후과의원 고객명 전형원 요양기관기호 41384954 문의자 이름 접수선생님 연락 받으실 번호 [PHONE_REDACTED] 문의 내용 및 요청사항 - 이슈: 병원 정전 이후 키오스크 프린터 출력 안됨 C: \Program Files (x86)\Samsung\Samsung Universal Printer Installer\Setup 재설치시 프린터 인식되지 않아 점검 부탁드립니다 . 해당 내역으로 확인 부 탁 드립니다,"안녕하십니까, 유비케어 운영기획팀 오창훈 매니저입니다 . 매뉴얼 첨부 누락되어, 파일 첨부후 메일 재 송부 드립니다",최종 상태가 resolved가 아님,medium,,,,,,,,,,
clinic_case,해당병원,1,해당병원-001,name:해당병원,해당병원,,1,1,d744c1210897e6d394faae0e4e81bb60056065ba,hardware,generic_check_request,점검/문의,[운영기획팀] 의사랑 키오스크 이슈관련 점검 요청의 건,2025-08-28 16:02,2025-08-28 16:02,1,TRUE,in_progress,"{""external"": 1}","[점검/문의] 풀 키오스크 발생한 이슈 관련하여, 기술적인 검토가 가능한 인원 배정이 가능하실지 확인 요청드립니다 최신 대응: 해당병원 풀 키오스크 발생한 이슈 관련하여, 기술적인 검토가 가능한 인원 배정이 가능하실지 확인 요청드립니다","풀 키오스크 발생한 이슈 관련하여, 기술적인 검토가 가능한 인원 배정이 가능하실지 확인 요청드립니다","해당병원 풀 키오스크 발생한 이슈 관련하여, 기술적인 검토가 가능한 인원 배정이 가능하실지 확인 요청드립니다",in_progress,low,"안녕하십니까, 운영기획팀 오창훈 매니저입니다. 해당병원 풀 키오스크 발생한 이슈 관련하여, 기술적인 검토가 가능한 인원 배정이 가능하실지 확인 요청드립니다","안녕하십니까, 운영기획팀 오창훈 매니저입니다. 해당병원 풀 키오스크 발생한 이슈 관련하여, 기술적인 검토가 가능한 인원 배정이 가능하실지 확인 요청드립니다",최종 상태가 resolved가 아님; 최종 조치가 예정/요청 단계로 보임,high,,,,,,,,,,
clinic_case,화성이엠365의원/지축이엠365의원,1,화성이엠365의원/지축이엠365의원-001,name:화성이엠365의원/지축이엠365의원,화성이엠365의원 / 지축이엠365의원,,1,0,a46db01fb28f960922e57396398601a85b081745,network,payment_card_reader,카드결제/리더기,의사랑 키오스크 모니터링 분석 결과 공유 (치축이엠365/화성이엠365),2025-05-12 18:08,2025-05-12 18:08,1,TRUE,resolved,"{""ubcare"": 1}",[카드결제/리더기] 그에 따른 점검 결과 공유드립니다 최신 대응: ( 사용자가 관리자 화면에서 “ 종료 ” 메뉴를 누른 경우에는 재실행 X) 그 외 네트워크 연결 및 설정에 대하여 추가 점검도 진행하였습니다 / 현재 발견한 케이스는 결제기기 초기화 시점과 화면전환 완료,그에 따른 점검 결과 공유드립니다,( 사용자가 관리자 화면에서 “ 종료 ” 메뉴를 누른 경우에는 재실행 X) 그 외 네트워크 연결 및 설정에 대하여 추가 점검도 진행하였습니다 / 현재 발견한 케이스는 결제기기 초기화 시점과 화면전환 완료,resolved,high,"안녕하십니까, 모바일페이개발팀 정재원입니다 . 지난주 금요일에 화성이엠 365 의원과 지축이엠 365 의원 개별대응을 진행했습니다 . 그에 따른 점검 결과 공유드립니다 . 점검사항 화성이엠 365 의원 - 키오스크 1 화성이엠 365 의원 - 키오스크 2 지축이엠 365 의원 접수 시, 예외 발생 - Exception 팝업 건수 0 0 0 접수 시, 앱 종료 건수 0 0 0 흰 화면 노출로 인한 앱 종료 건수 0 0 0 네트워크 통신 (ping) 실패 건수 0 1 2 네트워크 IP 로딩 이상 이상 무 이상 무 이상 무 근래 인입되었던 “ 접수 시 앱 종료 /Exception 팝업 노출 ” 현상에 대하여 개선작업이 이루어졌습니다 . 특히, 앱 종료로 인한 사용자의 불만을 최소화하고자 비정상적인 앱 종료인 경우 자동으로 앱을 실행시키는 기능을 추가하였습니다 .( 사용자가 관리자 화면에서 “ 종료 ”","안녕하십니까, 모바일페이개발팀 정재원입니다 . 지난주 금요일에 화성이엠 365 의원과 지축이엠 365 의원 개별대응을 진행했습니다 . 그에 따른 점검 결과 공유드립니다 . 점검사항 화성이엠 365 의원 - 키오스크 1 화성이엠 365 의원 - 키오스크 2 지축이엠 365 의원 접수 시, 예외 발생 - Exception 팝업 건수 0 0 0 접수 시, 앱 종료 건수 0 0 0 흰 화면 노출로 인한 앱 종료 건수 0 0 0 네트워크 통신 (ping) 실패 건수 0 1 2 네트워크 IP 로딩 이상 이상 무 이상 무 이상 무 근래 인입되었던 “ 접수 시 앱 종료 /Exception 팝업 노출 ” 현상에 대하여 개선작업이 이루어졌습니다 . 특히, 앱 종료로 인한 사용자의 불만을 최소화하고자 비정상적인 앱 종료인 경우 자동으로 앱을 실행시키는 기능을 추가하였습니다 .( 사용자가 관리자 화면에서 “ 종료 ”",GT 보강 시 재사용 가능,low,,,,,,,,,,
internal_general,internal,1,internal-001,unknown,,,15,10,392a05ba5992cf96a1cd761250910ef9ed0cc98a,payment,payment_card_reader,카드결제/리더기,[유비케어] KSCAT 프로그램 거래 응답(거래불가카드) 관련 문의 件,2025-04-10 17:22,2025-04-10 17:22,1,FALSE,in_progress,"{""ubcare"": 1}",[카드결제/리더기] 해당 의원에 동일하게 거래불가카드 내역이 있어 추가로 확인 부탁드립니다 최신 대응: 거래내역 거절사유 확인해 주셔서 감사합니다 / 해당 의원에 동일하게 “ 거래불가카드 ” 내역이 있어 추가로 확인 부탁드립니다,해당 의원에 동일하게 거래불가카드 내역이 있어 추가로 확인 부탁드립니다,거래내역 거절사유 확인해 주셔서 감사합니다 / 해당 의원에 동일하게 “ 거래불가카드 ” 내역이 있어 추가로 확인 부탁드립니다,in_progress,low,안녕하십니까 . 유비케어 정재원입니다 . 거래내역 거절사유 확인해 주셔서 감사합니다 . 해당 의원에 동일하게 “ 거래불가카드 ” 내역이 있어 추가로 확인 부탁드립니다 . KSCAT_20250407 LOG 내용 [KSCAT - v2.4.0.7 (ver.20230913)] [2025-04-07 15: 13: 35.798][06668] ▷ 거래요청 응답 [0454[1]MS010210NUBCARE0327 000000000000X841800T5250407151335N 거래불가카드 029231379592 117480452 02 국민마스타특별 02KB 국민카드 18FC3B01C4BBB9626C000000000000000000000000000000000000TEL)1544-4700 KSNET 제출 55704202******** ] [KSCAT - v2.4.0.7 (ver.20230913)] [2025-04-0,안녕하십니까 . 유비케어 정재원입니다 . 거래내역 거절사유 확인해 주셔서 감사합니다 . 해당 의원에 동일하게 “ 거래불가카드 ” 내역이 있어 추가로 확인 부탁드립니다 . KSCAT_20250407 LOG 내용 [KSCAT - v2.4.0.7 (ver.20230913)] [2025-04-07 15: 13: 35.798][06668] ▷ 거래요청 응답 [0454[1]MS010210NUBCARE0327 000000000000X841800T5250407151335N 거래불가카드 029231379592 117480452 02 국민마스타특별 02KB 국민카드 18FC3B01C4BBB9626C000000000000000000000000000000000000TEL)1544-4700 KSNET 제출 55704202******** ] [KSCAT - v2.4.0.7 (ver.20230913)] [2025-04-0,병원 미귀속 내부/운영성 케이스; 최종 상태가 resolved가 아님; 최종 조치가 예정/요청 단계로 보임,high,,,,,,,,,,
internal_general,internal,2,internal-002,unknown,,,15,10,966b14810b6edfb14bf0982fbb519a112cce3931,payment,payment_card_reader,카드결제/리더기,[의사랑 키오스크] 카드 승인내역 취소 처리 대응방안 공유,2025-04-11 09:09,2025-04-11 09:09,1,FALSE,unknown,"{""ubcare"": 1}","[카드결제/리더기] >From """" Thu Apr 10 20: 22: 24 2025 Received: from WSH-UBExg2.UBWare.com () by WSH-UBExg2.UBWare.com () with Microsoft SMTP Server (version=TLS1_2, cipher=TLS_ECDHE_RSA_WITH_AES_ 최신 대응: >From ""[EMAIL_REDACTED]"" Thu Apr 10 20: 22: 24 2025 Received: from WSH-UBExg2.UBWare.com ([IP_REDACTED]) by WSH-UBExg2.UBWare.com ([IP_REDACTED]) with Microsoft SMTP Server (version=TLS1_2, cipher=TLS_ECDHE_RSA_WITH_AES_256",">From """" Thu Apr 10 20: 22: 24 2025 Received: from WSH-UBExg2.UBWare.com () by WSH-UBExg2.UBWare.com () with Microsoft SMTP Server (version=TLS1_2, cipher=TLS_ECDHE_RSA_WITH_AES_",">From ""[EMAIL_REDACTED]"" Thu Apr 10 20: 22: 24 2025 Received: from WSH-UBExg2.UBWare.com ([IP_REDACTED]) by WSH-UBExg2.UBWare.com ([IP_REDACTED]) with Microsoft SMTP Server (version=TLS1_2, cipher=TLS_ECDHE_RSA_WITH_AES_256_GCM_SHA",unknown,low,">From ""[EMAIL_REDACTED]"" Thu Apr 10 20: 22: 24 2025 Received: from WSH-UBExg2.UBWare.com ([IP_REDACTED]) by WSH-UBExg2.UBWare.com ([IP_REDACTED]) with Microsoft SMTP Server (version=TLS1_2, cipher=TLS_ECDHE_RSA_WITH_AES_256_GCM_SHA384) id 15.2.1544.11 via Mailbox Transport; Thu, 10 Apr 2025 20: 22: 24 +0900 Received: from WSH-UBExg2.UBWare.com ([IP_REDACTED]) by WSH-UBExg2.UBWare.com ([IP_REDACTED]) with Microsoft SMTP Server (version=TLS1_2, cip",">From ""[EMAIL_REDACTED]"" Thu Apr 10 20: 22: 24 2025 Received: from WSH-UBExg2.UBWare.com ([IP_REDACTED]) by WSH-UBExg2.UBWare.com ([IP_REDACTED]) with Microsoft SMTP Server (version=TLS1_2, cipher=TLS_ECDHE_RSA_WITH_AES_256_GCM_SHA384) id 15.2.1544.11 via Mailbox Transport; Thu, 10 Apr 2025 20: 22: 24 +0900 Received: from WSH-UBExg2.UBWare.com ([IP_REDACTED]) by WSH-UBExg2.UBWare.com ([IP_REDACTED]) with Microsoft SMTP Server (version=TLS1_2, cip",병원 미귀속 내부/운영성 케이스; 최종 상태가 resolved가 아님,high,,,,,,,,,,
internal_general,internal,3,internal-003,unknown,,,15,10,51905872b5b641a3e33d4a6c61f869f0f0301d85,software,device_power_display,전원/화면,[의사랑 키오스크] 이슈 인입 이력 확인 요청,2025-06-19 14:15,2025-06-19 14:15,1,FALSE,resolved,"{""ubcare"": 1}",[전원/화면] 화면 멈춤 시 자동 갱신 최신 대응: 의사랑 키오스크 이슈 관련하여 확인 요청드립니다 / 접수 시 앱 종료 → 비정기 4 차 - 그룹 2 처에 ‘ 앱 비정상 종료 시 자동 실행 ’ 기능 추가 비정기 4 차 업데이트는 6 월 9 일 ( 월 ) 기준으로 전체 배포가 완료된 상태입니다,화면 멈춤 시 자동 갱신,의사랑 키오스크 이슈 관련하여 확인 요청드립니다 / 접수 시 앱 종료 → 비정기 4 차 - 그룹 2 처에 ‘ 앱 비정상 종료 시 자동 실행 ’ 기능 추가 비정기 4 차 업데이트는 6 월 9 일 ( 월 ) 기준으로 전체 배포가 완료된 상태입니다,resolved,high,"안녕하십니까, 모바일페이개발팀 정재원입니다 . 의사랑 키오스크 이슈 관련하여 확인 요청드립니다 . 1. 흰 화면 노출 → 비정기 4 차에 ‘ 화면 멈춤 시 자동 갱신 ’ 기능 추가 2. 접수 시 앱 종료 → 비정기 4 차 - 그룹 2 처에 ‘ 앱 비정상 종료 시 자동 실행 ’ 기능 추가 비정기 4 차 업데이트는 6 월 9 일 ( 월 ) 기준으로 전체 배포가 완료된 상태입니다 . 이에 따라, 배포 이후 의원 측으로부터 위 이슈들과 관련된 인입 사례가 있었는지 확인 부탁드립니다 . 별다른 인입이 없는 경우, 해당 이슈들은 개발 대응 종료하고자 합니다 . 관련 사례가 있으실 경우 공유 부탁드리며, 추가 문의사항이 있으시면 회신 부탁드립니다","안녕하십니까, 모바일페이개발팀 정재원입니다 . 의사랑 키오스크 이슈 관련하여 확인 요청드립니다 . 1. 흰 화면 노출 → 비정기 4 차에 ‘ 화면 멈춤 시 자동 갱신 ’ 기능 추가 2. 접수 시 앱 종료 → 비정기 4 차 - 그룹 2 처에 ‘ 앱 비정상 종료 시 자동 실행 ’ 기능 추가 비정기 4 차 업데이트는 6 월 9 일 ( 월 ) 기준으로 전체 배포가 완료된 상태입니다 . 이에 따라, 배포 이후 의원 측으로부터 위 이슈들과 관련된 인입 사례가 있었는지 확인 부탁드립니다 . 별다른 인입이 없는 경우, 해당 이슈들은 개발 대응 종료하고자 합니다 . 관련 사례가 있으실 경우 공유 부탁드리며, 추가 문의사항이 있으시면 회신 부탁드립니다",병원 미귀속 내부/운영성 케이스; 이슈 요약 근거가 약함,low,,,,,,,,,,
internal_general,internal,4,internal-004,unknown,,,15,10,3ec0814abef79adb33cf01f9f39c09ab70dec88d,software,software_update_or_log,SW업데이트/로그,[의사랑KIOSK] 신규환자 접수 후 수납이후 진료기록 삭제 관련 수정파일 공유,2025-07-11 17:34,2025-07-11 17:34,1,FALSE,resolved,"{""ubcare"": 1}","[SW업데이트/로그] 접수 시 어떠한 오류가 뜸 최신 대응: 7/7 수납 완료하였으나 진료 정보가 사라지는 이슈가 인입되었습니다 / 특이사항이 없을 경우, 추후 의사랑 키오스크 업데이트에 포함될 예정입니다",접수 시 어떠한 오류가 뜸,"7/7 수납 완료하였으나 진료 정보가 사라지는 이슈가 인입되었습니다 / 특이사항이 없을 경우, 추후 의사랑 키오스크 업데이트에 포함될 예정입니다",resolved,high,"안녕하세요 매니저님, 모바일페이개발팀 정재원입니다 . 7/7 수납 완료하였으나 진료 정보가 사라지는 이슈가 인입되었습니다 . 상세 프로세스는 다음과 같습니다 . [ 상세 프로세스 ] 키오스크 신환 접수 - 접수 시 어떠한 오류가 뜸 ( 의사랑 / 똑닥 공통점 ) - 오류가 뜨지만 진료는 볼수 있음 - 진료 후 수납까지 진행 했는데 다음날 보면 진료한 내역이 사라져 있음 내부해서 확인해 본 결과, 수진자 조회 지연 & 실패의 영향으로 환자 정보가 삭제되는 케이스가 있습니다 . 똑닥 태블릿 / 키오스크에서 먼저 발생했던 이슈로, 지난 의사랑 비정기 16 차 업데이트에 포함되었습니다 . 다만, 의사랑 키오스크 업데이트에는 아직 포함되지 않아 보완 사항이 적용되지 않았습니다 . 이승호 SM è 오태민 M 개별배포 요청을 드린 상태이며, 현재까지 추가 인입사항은 없습니다 . 특이사항이 없을 경우, 추후 ","안녕하세요 매니저님, 모바일페이개발팀 정재원입니다 . 7/7 수납 완료하였으나 진료 정보가 사라지는 이슈가 인입되었습니다 . 상세 프로세스는 다음과 같습니다 . [ 상세 프로세스 ] 키오스크 신환 접수 - 접수 시 어떠한 오류가 뜸 ( 의사랑 / 똑닥 공통점 ) - 오류가 뜨지만 진료는 볼수 있음 - 진료 후 수납까지 진행 했는데 다음날 보면 진료한 내역이 사라져 있음 내부해서 확인해 본 결과, 수진자 조회 지연 & 실패의 영향으로 환자 정보가 삭제되는 케이스가 있습니다 . 똑닥 태블릿 / 키오스크에서 먼저 발생했던 이슈로, 지난 의사랑 비정기 16 차 업데이트에 포함되었습니다 . 다만, 의사랑 키오스크 업데이트에는 아직 포함되지 않아 보완 사항이 적용되지 않았습니다 . 이승호 SM è 오태민 M 개별배포 요청을 드린 상태이며, 현재까지 추가 인입사항은 없습니다 . 특이사항이 없을 경우, 추후 ",병원 미귀속 내부/운영성 케이스; 이슈 요약 근거가 약함,low,,,,,,,,,,
internal_general,internal,5,internal-005,unknown,,,15,10,09e7bd339f9d34563896e3c5103379b5c6c4650e,unknown,unknown_other,기타/미분류,박응원,2025-09-04 08:02,2025-09-04 08:02,1,FALSE,unknown,"{""external"": 1}","[기타/미분류] ㈜UBcare 병원사업본부 운영기획팀 | 오 창 훈 매니저 07335 서울특별시 영등포구 여의대로 108, 30층 (여의도동, 파크원타워2) Parc.1 I 108, Yeoui-daero, Yeongdeungpo-gu, Seoul, Republic of Korea T 최신 대응: 2) Parc.1 I 108, Yeoui-daero, Yeongdeungpo-gu, Seoul, Republic of Korea T / http: //www.ubcare.co.kr","㈜UBcare 병원사업본부 운영기획팀 | 오 창 훈 매니저 07335 서울특별시 영등포구 여의대로 108, 30층 (여의도동, 파크원타워2) Parc.1 I 108, Yeoui-daero, Yeongdeungpo-gu, Seoul, Republic of Korea T","2) Parc.1 I 108, Yeoui-daero, Yeongdeungpo-gu, Seoul, Republic of Korea T / http: //www.ubcare.co.kr",unknown,low,"㈜UBcare 병원사업본부 운영기획팀 | 오 창 훈 매니저 07335 서울특별시 영등포구 여의대로 108, 30층 (여의도동, 파크원타워2) Parc.1 I 108, Yeoui-daero, Yeongdeungpo-gu, Seoul, Republic of Korea T. [PHONE_REDACTED] F. [PHONE_REDACTED] E. [EMAIL_REDACTED] H. http: //www.ubcare.co.kr","㈜UBcare 병원사업본부 운영기획팀 | 오 창 훈 매니저 07335 서울특별시 영등포구 여의대로 108, 30층 (여의도동, 파크원타워2) Parc.1 I 108, Yeoui-daero, Yeongdeungpo-gu, Seoul, Republic of Korea T. [PHONE_REDACTED] F. [PHONE_REDACTED] E. [EMAIL_REDACTED] H. http: //www.ubcare.co.kr",병원 미귀속 내부/운영성 케이스; 최종 상태가 resolved가 아님; 카테고리 unknown,high,,,,,,,,,,
internal_general,internal,6,internal-006,unknown,,,15,10,1ca19a8b0db72f2334475e9c6549b1e276beaffe,unknown,setup_configuration,설치/설정,[모바일페이개발팀] [의사랑키오스크] 국가정보자원관리원 화재 - 주소 검색API 서비스 중단,2025-09-27 13:08,2025-09-27 13:08,1,FALSE,in_progress,"{""ubcare"": 1}","[설치/설정] 문의사항 있으신 경우 회신 부탁드립니다 최신 대응: 금일 오전부터 현재까지 키오스크 상태를 확인해 본 결과, 주소 검색 기능이 동작하지 않고 있습니다 / 위 사진처럼 고객으로부터 해당 기능 미동작으로 이슈가 인입될 경우, 안내 부탁드립니다",문의사항 있으신 경우 회신 부탁드립니다,"금일 오전부터 현재까지 키오스크 상태를 확인해 본 결과, 주소 검색 기능이 동작하지 않고 있습니다 / 위 사진처럼 고객으로부터 해당 기능 미동작으로 이슈가 인입될 경우, 안내 부탁드립니다",in_progress,low,"안녕하십니까, 모바일페이개발팀 정재원입니다 . 작일 발생한 국가정보자원관리원 화재로 인하여 공공기관 API 를 사용하는 의사랑 키오스크의 일부 기능이 동작하지 않고 있습니다 . 의사랑 키오스크 신규 환자 접수 시 주소 검색 기능을 제공하는데 이 때, 공공기관 API 를 사용합니다 . 금일 오전부터 현재까지 키오스크 상태를 확인해 본 결과, 주소 검색 기능이 동작하지 않고 있습니다 . 위 사진처럼 고객으로부터 해당 기능 미동작으로 이슈가 인입될 경우, 안내 부탁드립니다 . 문의사항 있으신 경우, 회신 부탁드립니다","안녕하십니까, 모바일페이개발팀 정재원입니다 . 작일 발생한 국가정보자원관리원 화재로 인하여 공공기관 API 를 사용하는 의사랑 키오스크의 일부 기능이 동작하지 않고 있습니다 . 의사랑 키오스크 신규 환자 접수 시 주소 검색 기능을 제공하는데 이 때, 공공기관 API 를 사용합니다 . 금일 오전부터 현재까지 키오스크 상태를 확인해 본 결과, 주소 검색 기능이 동작하지 않고 있습니다 . 위 사진처럼 고객으로부터 해당 기능 미동작으로 이슈가 인입될 경우, 안내 부탁드립니다 . 문의사항 있으신 경우, 회신 부탁드립니다",병원 미귀속 내부/운영성 케이스; 최종 상태가 resolved가 아님; 카테고리 unknown,high,,,,,,,,,,
internal_general,internal,7,internal-007,unknown,,,15,10,388542440f4b154e4ccc3b5610267ed540598747,software,software_update_or_log,SW업데이트/로그,[원격요청] 의사랑 키오스크 소음/경고창 이슈 발생 시 원격 요청,2025-10-21 10:40,2025-10-21 11:53,4,TRUE,in_progress,"{""ubcare"": 4}",[SW업데이트/로그] 배포 전까지는 오류가 지속 발생할 것으로 보여 최신 대응: 해당 이슈는 이번 비정기 7 차로 자동설치 배포된 로그수집기 Kiosk_Beats_install.exe 가 YsrMobileMsgClient.exe 모듈을 계속 락처리하여 발생하는 것으로 현재 추정됩니다 / 따라서 금일 오후에 긴급 배포로 비정기 7 차 툴버전을 올려 업데이트시 로그수집기를 uninstall 하는 배포를 진행하려고 합니다,배포 전까지는 오류가 지속 발생할 것으로 보여,해당 이슈는 이번 비정기 7 차로 자동설치 배포된 로그수집기 Kiosk_Beats_install.exe 가 YsrMobileMsgClient.exe 모듈을 계속 락처리하여 발생하는 것으로 현재 추정됩니다 / 따라서 금일 오후에 긴급 배포로 비정기 7 차 툴버전을 올려 업데이트시 로그수집기를 uninstall 하는 배포를 진행하려고 합니다,in_progress,low,"안녕하세요 모바일페이개발팀 정재원입니다 . 작일부터 몇몇 의원에서 기기 소음 이슈가 인입되고 있습니다 . 금일 오전에 2 처 원격을 봤으나, 재현이 되지 않아 분석이 어렵습니다 . 해당 이슈가 인입되면, 소음 방지를 위하여 윈도우 볼륨을 ‘0’ 으로 세팅한 후에 공동 원격 연결 부탁드립니다",안녕하세요 의사랑기획팀 김세진입니다 . 해당 이슈는 이번 비정기 7 차로 자동설치 배포된 로그수집기 Kiosk_Beats_install.exe 가 YsrMobileMsgClient.exe 모듈을 계속 락처리하여 발생하는 것으로 현재 추정됩니다 . 따라서 금일 오후에 긴급 배포로 비정기 7 차 툴버전을 올려 업데이트시 로그수집기를 uninstall 하는 배포를 진행하려고 합니다 . 배포 전까지는 오류가 지속 발생할 것으로 보여 아래의 방안으로 임시 처리 부탁드립니다 . 1) 키오스크 관리자 메뉴 > 키오스크 종료 > 키오스크 프로그램 종료 2) 윈도우 - 서비스 아래 사진 2 가지 중지 처리 3) 키오스크 플레이어 실행 불편을 드려 죄송합니다 . 이상입니다,병원 미귀속 내부/운영성 케이스; 최종 상태가 resolved가 아님,high,,,,,,,,,,
internal_general,internal,8,internal-008,unknown,,,15,10,ecbeb1bf9136202073220e89e6cdbdc05193f4a0,software,software_update_or_log,SW업데이트/로그,[의사랑 키오스크] 오늘(10월21일) 비정기 7차 업데이트 툴 내린 후 다시 업데이트를 진행 하였습니다.,2025-10-21 17:01,2025-10-21 17:01,1,FALSE,in_progress,"{""ubcare"": 1}",[SW업데이트/로그] 오류창이 떠있는 현상이 발생하여 툴을 내렸습니다 최신 대응: 업데이트 후 발생한 특이사항은 아래 공지사항 댓글 내용을 확인해 주시면 감사하겠습니다 / 다시한번 업무에 혼선을 드려 죄송합니다,오류창이 떠있는 현상이 발생하여 툴을 내렸습니다,업데이트 후 발생한 특이사항은 아래 공지사항 댓글 내용을 확인해 주시면 감사하겠습니다 / 다시한번 업무에 혼선을 드려 죄송합니다,in_progress,low,"안녕하세요 . 의사랑기획팀 민성웅입니다 . 지난 10 월 20 일, 의사랑 키오스크 비정기 7 차 업데이트 후 오늘 (10 월 21 일 ), 오전에 키오스크에서 반복적인 소리가 나오며, 바탕화면에 TysrMobileMsgclient 오류창이 떠있는 현상이 발생하여 툴을 내렸습니다 . 업데이트 후 발생한 특이사항은 아래 공지사항 댓글 내용을 확인해 주시면 감사하겠습니다 . -> 고객샘 공지사항 (No.30728) 이후 10 월 21 일 오후 4 시 58 분경 문제되는 서비스를 uninstall 처리하도록 툴을 제작하여 다시 업데이트를 진행하였습니다 . 다시한번 업무에 혼선을 드려 죄송합니다","안녕하세요 . 의사랑기획팀 민성웅입니다 . 지난 10 월 20 일, 의사랑 키오스크 비정기 7 차 업데이트 후 오늘 (10 월 21 일 ), 오전에 키오스크에서 반복적인 소리가 나오며, 바탕화면에 TysrMobileMsgclient 오류창이 떠있는 현상이 발생하여 툴을 내렸습니다 . 업데이트 후 발생한 특이사항은 아래 공지사항 댓글 내용을 확인해 주시면 감사하겠습니다 . -> 고객샘 공지사항 (No.30728) 이후 10 월 21 일 오후 4 시 58 분경 문제되는 서비스를 uninstall 처리하도록 툴을 제작하여 다시 업데이트를 진행하였습니다 . 다시한번 업무에 혼선을 드려 죄송합니다",병원 미귀속 내부/운영성 케이스; 최종 상태가 resolved가 아님,high,,,,,,,,,,
internal_general,internal,9,internal-009,unknown,,,15,10,2ae62fd3516147ada7d457017afcf8c0aed6771e,software,device_power_display,전원/화면,[의사랑 키오스크] 비정기 7차 업데이트 이슈 보고 드립니다.,2025-10-21 17:20,2025-10-22 12:14,3,FALSE,resolved,"{""ubcare"": 3}","[전원/화면] 차 업데이트 이후 키오스크 부팅 또는 키오스크 사용시 오류 메시지와 함께 경고음 발생 최신 대응: 로그수집기는 제품과 연동되지 않고 작동하는 독립형 프로그램이며, 유팜에서도 배포가 완료되어 설치 / 작동 확인 외 별도의 검증을 하지 않았습니다 / 이슈 접수 후 개발팀을 통하여 바로 대응을 시작하였습니다",차 업데이트 이후 키오스크 부팅 또는 키오스크 사용시 오류 메시지와 함께 경고음 발생,"로그수집기는 제품과 연동되지 않고 작동하는 독립형 프로그램이며, 유팜에서도 배포가 완료되어 설치 / 작동 확인 외 별도의 검증을 하지 않았습니다 / 이슈 접수 후 개발팀을 통하여 바로 대응을 시작하였습니다",resolved,high,안녕하세요 의사랑기획팀 김세진입니다 . 금일 오전부터 인입된 키오스크 비정기 7 차 업데이트 이슈 사항을 아래와 같이 보고 드립니다 . 1. 배포 정보 1) 배포 버전: 의사랑 키오스크 비정기 7 차 배포 – Tool13_0048.exe 2) 배포 일시: 2025-10-20 14: 34 2. 이슈 개요 1) 접수 일시: 2025-10-21 09: 25 (52 처 인입 ) 2) 증상: 비정기 7 차 업데이트 이후 키오스크 부팅 또는 키오스크 사용시 오류 메시지와 함께 경고음 발생 ( #201953 ) 3. 조치 사항 1) 업데이트 툴 배포 중지 (09: 46) 2) 이슈 원인 확인: 로그수집기 자동 uninstall 적용으로 긴급 배포 계획 3) 업데이트 툴 수정 완료 (14: 43) 4) 업데이트 툴 재배포 (17: 01) 4. 상세 내용 1) 일부 의원에서 비정기 7 차 업데이트 기능인 신규 ,"안녕하세요 박창일입니다 . 비정기 7 차 업데이트 이슈에 대해 추가 답변 드립니다 . 1. 내부테스트에서 발견하지 못한 사유 키오스크 비정기 7 차의 배포 사항은 소스 난독화 적용 및 로그수집기 배포였습니다 . 키오스크 자체 프로그램은 기능에 대한 변경이 없었으므로 DB 접속, 접수, 수납 시 이상여부를 확인하였습니다 . 로그수집기는 제품과 연동되지 않고 작동하는 독립형 프로그램이며, 유팜에서도 배포가 완료되어 설치 / 작동 확인 외 별도의 검증을 하지 않았습니다 . 키오스크 + 로그수집기 설치 환경에서 오류는 내부에서 발생하지 않았으며 배포 후 대략 60 처 ( 약 19%) 정도의 고객에게 문의가 접수되었습니다 . 어떤 특정한 조건에서 문제가 발생하는 것 같으나 아직 확인되지 않았습니다 . 내부 테스트에서 확인이 불가능한 오류 였습니다 . 2. 기능 변경 사항 외 개발팀과의 이슈 공유에 누락된",병원 미귀속 내부/운영성 케이스,low,,,,,,,,,,
internal_general,internal,10,internal-010,unknown,,,15,10,cc1cb983e409e9b377efddb361482ecef1464ac7,hardware,hardware_other,하드웨어 기타,[HNID] 의사랑 키오스크 A/S 접수 절차 혼선 관련 확인 및 조치 요청,2025-10-22 10:22,2025-10-29 13:49,2,TRUE,in_progress,"{""distributor"": 1, ""ubcare"": 1}","[하드웨어 기타] 이로 인해 A/S 접수 과정이 원활하게 진행되지 못하고 있으며, 특히 원인 확인이나 1차 점검 없이 바로 원격 지원이나 방문을 요청하시는 경우가 많아 저희 쪽에서도 대응이 다소 어려운 상황입니다 최신 대응: 공지사항 안내문 관련하여 공유 요청 주셔서, 캡처본 송부드리오니 확인 부탁드립니다","이로 인해 A/S 접수 과정이 원활하게 진행되지 못하고 있으며, 특히 원인 확인이나 1차 점검 없이 바로 원격 지원이나 방문을 요청하시는 경우가 많아 저희 쪽에서도 대응이 다소 어려운 상황입니다","공지사항 안내문 관련하여 공유 요청 주셔서, 캡처본 송부드리오니 확인 부탁드립니다",in_progress,low,"안녕하세요. 오창훈 매니저님. 에이치앤아이디지탈 선자람입니다. 최근 의사랑 고객센터를 거치지 않고 영업 담당자분께서 저희 개인 연락처나 대표번호로 직접 방문 A/S 접수를 요청하시거나, 저희를 통해 1차 원격 접속을 시도하시는 사례가 꾸준히 발생하고 있습니다. 이로 인해 A/S 접수 과정이 원활하게 진행되지 못하고 있으며, 특히 원인 확인이나 1차 점검 없이 바로 원격 지원이나 방문을 요청하시는 경우가 많아 저희 쪽에서도 대응이 다소 어려운 상황입니다. 이 부분에 대해 내부적으로 인지 및 조치가 필요해 보입니다. 관련 절차가 원활히 이뤄질 수 있도록 대응 방안 또는 개선 방향 을 함께 공유해 주시면 감사하겠습니다","안녕하십니까, 유비케어 운영기획팀 오창훈 매니저입니다 . 공지사항 안내문 관련하여 공유 요청 주셔서, 캡처본 송부드리오니 확인 부탁드립니다",병원 미귀속 내부/운영성 케이스; 최종 상태가 resolved가 아님; 최종 조치가 예정/요청 단계로 보임,high,,,,,,,,,,
internal_general,internal,11,internal-011,unknown,,,15,10,3d840e096e59a88b3ae4f42d0ce7e663e839799b,unknown,ops_policy_procurement,운영/정책/구매,[유비케어] 의사랑 키오스크 전면부 패널 열쇠 구매 가능 여부 문의의 건,2025-11-27 15:59,2025-11-27 15:59,1,TRUE,in_progress,"{""ubcare"": 1}",[운영/정책/구매] 제조사 측으로 열쇠 발송 요청하였습니다 최신 대응: 제조사 측으로 열쇠 발송 요청하였습니다,제조사 측으로 열쇠 발송 요청하였습니다,제조사 측으로 열쇠 발송 요청하였습니다,in_progress,low,안녕하세요. 에이치앤아이디지탈 김하은입니다. 제조사 측으로 열쇠 발송 요청하였습니다,안녕하세요. 에이치앤아이디지탈 김하은입니다. 제조사 측으로 열쇠 발송 요청하였습니다,병원 미귀속 내부/운영성 케이스; 최종 상태가 resolved가 아님; 최종 조치가 예정/요청 단계로 보임; 카테고리 unknown,high,,,,,,,,,,
internal_general,internal,12,internal-012,unknown,,,15,10,b3c5e80d225d7dd99eb4aac97b9ce6fd1c2b2cab,software,printer_output,프린터/출력,"[유비케어] 키오스크 토너 부족 알림 관련, 배포 연관 가능성 검토의 건",2025-12-09 16:46,2025-12-24 08:27,6,TRUE,resolved,"{""ubcare"": 6}","[프린터/출력] 말씀해주신 내용 중 추가로 궁금한 부분이 있어 문의드립니다 최신 대응: , 모바일페이개발팀 정웅기입니다 / 아래 문의주신 내용에 내용 첨부하여 회신 드립니다",말씀해주신 내용 중 추가로 궁금한 부분이 있어 문의드립니다,", 모바일페이개발팀 정웅기입니다 / 아래 문의주신 내용에 내용 첨부하여 회신 드립니다",resolved,medium,"안녕하세요 에이치앤아이디지탈 김유미입니다. 매니저님, 상세한 내용 공유 감사드립니다. 말씀해주신 내용 중 추가로 궁금한 부분이 있어 문의드립니다. 1) ‘토너 부족’ 문구 관련 문의 현재, 하프키오스크 사용 중이며 지정된 삼성 프린터를 사용하지 않는 상황에서 키오스크 HW 프린터 설정을 ‘지정프린터’로 선택할 경우, 프린터 자체 테스트 페이지는 정상 출력되나, 키오스크 플레이어를 통한 인쇄 시 ‘토너 부족’ 메시지가 표출되며 인쇄가 진행되지 않도록 설계되어 있다고 안내주셨는데요, 1-1. 메시지 개선 가능 여부 현재의 ""토너 부족"" → 이 메시지는 원인과 맞지 않아 혼란을 초래할 수 있어 예를 들어 다음과 같이 보다 정확한 문구로 변경하는 것이 가능한지 검토 부탁드립니다. “지정 프린터가 연결되어 있지 않습니다.” “프린터 설정을 ‘일반프린터’로 변경해주세요.” 2) ‘토너 부족’ 문구가 출력되","안녕하세요, 모바일페이개발팀 정웅기입니다 . 아래 문의주신 내용에 내용 첨부하여 회신 드립니다",병원 미귀속 내부/운영성 케이스,medium,,,,,,,,,,
internal_general,internal,13,internal-013,unknown,,,15,10,128f734be016cb8ffaa063ec38b2f88af54d8bef,software,network_connection,네트워크/IP,[유비케어] VAN 오류로그 문의,2026-01-14 09:20,2026-01-15 11:48,2,FALSE,unknown,"{""ubcare"": 2}",[네트워크/IP] 자사 키오스크 서비스 중 아래와 같은 오류로그가 확인 되어 어떠한 내용인지 문의 드립니다 최신 대응: 해당 오류 건은 윈도우 환경에서 02A 포트가 인식되지 않으면서 해당 포트를 기준으로 동작하던 통신 과정에서 에러 로그가 대량으로 발생한 것으로 확인됩니다 / 포트 재인식 - 단말기 및 주변기기 재연결 - 윈도우 장치 관리자에서 컴포트 인식 여부 확인 문의사항 있으면 연락주십시오,자사 키오스크 서비스 중 아래와 같은 오류로그가 확인 되어 어떠한 내용인지 문의 드립니다,해당 오류 건은 윈도우 환경에서 02A 포트가 인식되지 않으면서 해당 포트를 기준으로 동작하던 통신 과정에서 에러 로그가 대량으로 발생한 것으로 확인됩니다 / 포트 재인식 - 단말기 및 주변기기 재연결 - 윈도우 장치 관리자에서 컴포트 인식 여부 확인 문의사항 있으면 연락주십시오,unknown,low,"안녕하세요, 유비케어 정웅기입니다 . 자사 키오스크 서비스 중 아래와 같은 오류로그가 확인 되어 어떠한 내용인지 문의 드립니다 . 특정 시간대에 집중적으로 발생했는데, 의미와 대응 가이드가 있다면 공유 부탁 드립니다 . 첨부파일은 해당일 로그파일입니다 . 확인 부탁 드립니다","안녕하십니까 정웅기 팀장님 케이에스넷 진민규 매니저입니다. 해당 오류 건은 윈도우 환경에서 02A 포트가 인식되지 않으면서 해당 포트를 기준으로 동작하던 통신 과정에서 에러 로그가 대량으로 발생한 것으로 확인됩니다. 윈도우 환경 특성상 장치 재인식, 드라이버 충돌 등의 사유로 02A 포트가 소실/변경된 것으로 추정됩니다. 1. 포트 재인식 - 단말기 및 주변기기 재연결 - 윈도우 장치 관리자에서 컴포트 인식 여부 확인 문의사항 있으면 연락주십시오",병원 미귀속 내부/운영성 케이스; 최종 상태가 resolved가 아님,high,,,,,,,,,,
internal_general,internal,14,internal-014,unknown,,,15,10,4fe62e428090571bd962bc1394dc8ce3564b01b6,network,printer_output,프린터/출력,[통화요청] 의사랑 담당자 키오스크 셋팅 문의,2026-01-15 11:29,2026-01-15 11:29,1,TRUE,in_progress,"{""ubcare"": 1}","[프린터/출력] 대리점 담당자가 키오스크 출력이 되지 않는 문제로 방문 하셨는데 최신 대응: 대리점 담당자가 키오스크 출력이 되지 않는 문제로 방문 하셨는데, 드라이버 설치 시 네트워크를 찾지 못하고 있습니다 / ip 설정 등 문의할 사항이 있어 통화 요청하셨습니다",대리점 담당자가 키오스크 출력이 되지 않는 문제로 방문 하셨는데,"대리점 담당자가 키오스크 출력이 되지 않는 문제로 방문 하셨는데, 드라이버 설치 시 네트워크를 찾지 못하고 있습니다 / ip 설정 등 문의할 사항이 있어 통화 요청하셨습니다",in_progress,low,"안녕하세요 유비케어 강보득솔입니다 . 대리점 담당자가 키오스크 출력이 되지 않는 문제로 방문 하셨는데, 드라이버 설치 시 네트워크를 찾지 못하고 있습니다 . ip 설정 등 문의할 사항이 있어 통화 요청하셨습니다 . 의사랑 담당자분께 연락 부탁드립니다 . 구분 내용 고객정보 상호명 고객명 요양기관기호 1 문의자 이름 아이포커스 강원 지역 담당자 위태용 과장 연락 받으실 번호 [PHONE_REDACTED] 문의 내용 및 요청사항 키오스크 ip 셋팅 및 프린터 문의","안녕하세요 유비케어 강보득솔입니다 . 대리점 담당자가 키오스크 출력이 되지 않는 문제로 방문 하셨는데, 드라이버 설치 시 네트워크를 찾지 못하고 있습니다 . ip 설정 등 문의할 사항이 있어 통화 요청하셨습니다 . 의사랑 담당자분께 연락 부탁드립니다 . 구분 내용 고객정보 상호명 고객명 요양기관기호 1 문의자 이름 아이포커스 강원 지역 담당자 위태용 과장 연락 받으실 번호 [PHONE_REDACTED] 문의 내용 및 요청사항 키오스크 ip 셋팅 및 프린터 문의",병원 미귀속 내부/운영성 케이스; 최종 상태가 resolved가 아님; 최종 조치가 예정/요청 단계로 보임,high,,,,,,,,,,
internal_general,internal,15,internal-015,unknown,,,15,10,6955ea3f15f5f2146256306d8786c33d79f9e7e9,software,payment_card_reader,카드결제/리더기,[유비케어] 일체형 키오스크 납품 시 내장프로그램(KSCAT) 버전 업데이트 요청 건,2026-02-04 15:55,2026-02-04 15:55,1,TRUE,resolved,"{""ubcare"": 1}","[카드결제/리더기] 공유 주신 일체형 키오스크 KSCAT 결제 인식 이슈 관련하여, 최신 대응: 공유 주신 일체형 키오스크 KSCAT 결제 인식 이슈 관련하여, 요청 내용은 금일 제조사 측에 전달 완료하였습니다 / 제조사에는 일체형 키오스크 신규 납품 시 셋탑 교체가 이루어지는 장비에도 최신 KSCAT 버전(v2.4.0.7 / version","공유 주신 일체형 키오스크 KSCAT 결제 인식 이슈 관련하여,","공유 주신 일체형 키오스크 KSCAT 결제 인식 이슈 관련하여, 요청 내용은 금일 제조사 측에 전달 완료하였습니다 / 제조사에는 일체형 키오스크 신규 납품 시 셋탑 교체가 이루어지는 장비에도 최신 KSCAT 버전(v2.4.0.7 / version",resolved,high,"안녕하세요. 에이치앤아이디지탈 선자람입니다. 공유 주신 일체형 키오스크 KSCAT 결제 인식 이슈 관련하여, 요청 내용은 금일 제조사 측에 전달 완료하였습니다. 제조사에는 일체형 키오스크 신규 납품 시 셋탑 교체가 이루어지는 장비에도 최신 KSCAT 버전(v2.4.0.7 / version20251117)이 기본 적용되어 출고될 수 있도록 요청 전달하였으며, 최신 버전 파일도 함께 공유하였습니다. 추가로 확인 필요하신 사항 있으시면 편하게 말씀 부탁드립니다","안녕하세요. 에이치앤아이디지탈 선자람입니다. 공유 주신 일체형 키오스크 KSCAT 결제 인식 이슈 관련하여, 요청 내용은 금일 제조사 측에 전달 완료하였습니다. 제조사에는 일체형 키오스크 신규 납품 시 셋탑 교체가 이루어지는 장비에도 최신 KSCAT 버전(v2.4.0.7 / version20251117)이 기본 적용되어 출고될 수 있도록 요청 전달하였으며, 최신 버전 파일도 함께 공유하였습니다. 추가로 확인 필요하신 사항 있으시면 편하게 말씀 부탁드립니다",병원 미귀속 내부/운영성 케이스,low,,,,,,,,,,
